image_id,model,response_time_seconds,meal_name,gt_meal_name,meal_name_similarity,semantic_precision_ing,semantic_match,semantic_f1_ing,semantic_match_embeddings,ingredient_count_acc,wmape_mac,error,cost_usd,calories_pct_error,carbs_pct_error,protein_pct_error,fat_pct_error,match_details
fsb_00000,ollama/gemma3-custom:latest_detailed,46.2,Breakfast Scramble,Breakfast Platter,0.7363984255205296,0.2,0.0,0.20000000000000004,0.2,1.0,32.55006129955047,,0.0,33.17013463892289,13.432835820895523,14.285714285714288,86.70520231213871,
fsb_00000,ollama/gemma3-custom:latest_step_by_step,6.8,Salmon with Roasted Vegetables,Breakfast Platter,0.5903265570866252,0.0,0.0,0.0,0.0,1.0,27.911728647323248,,0.0,23.867809057527538,55.223880597014926,22.923588039867106,79.19075144508669,
fsb_00000,ollama/gemma3-custom:latest_conservative,7.94,Breakfast Scramble,Breakfast Platter,0.7363984255205296,0.25,0.0,0.22222222222222224,0.2,0.8,16.040049039640376,,0.0,15.54467564259486,1.4925373134328357,18.6046511627907,51.4450867052023,
fsb_00000,ollama/gemma3-custom:latest_confident,6.95,Scrambled Eggs with Toast and Bacon,Breakfast Platter,0.7187938480310716,0.6666666666666666,0.4,0.5,0.4,0.6,9.562729873314261,,0.0,8.200734394124847,7.462686567164178,20.265780730897013,27.167630057803464,
fsb_00000,ollama/gemma3-custom:latest_canonical,5.04,Omelette with Vegetables,Breakfast Platter,0.6998529116754303,0.25,0.0,0.22222222222222224,0.2,0.8,55.86432366162648,,0.0,54.71236230110159,82.08955223880598,53.48837209302326,36.41618497109827,
fsb_00000,ollama/llava-custom:latest_detailed,118.69,Breakfast,Breakfast Platter,0.7855136588486312,0.75,0.2,0.6666666666666665,0.6,0.8,49.20310584389047,,0.0,48.837209302325576,88.05970149253731,26.91029900332226,21.387283236994215,
fsb_00000,ollama/llava-custom:latest_step_by_step,6.8,Breakfast,Breakfast Platter,0.7855136588486312,1.0,0.2,0.7499999999999999,0.6,0.6,37.903555373927254,,0.0,39.53488372093023,44.17910447761193,28.239202657807304,4.04624277456647,
fsb_00000,ollama/llava-custom:latest_conservative,7.81,Breakfast on a Plane,Breakfast Platter,0.6991021629709415,0.75,0.2,0.6666666666666665,0.6,0.8,21.55700858193707,,0.0,19.216646266829866,21.492537313432845,53.48837209302326,21.387283236994215,
fsb_00000,ollama/llava-custom:latest_confident,8.21,Breakfast on a Plane,Breakfast Platter,0.6991021629709415,1.0,0.4,0.888888888888889,0.8,0.8,83.53085410706987,,0.0,90.45287637698898,47.76119402985074,6.976744186046516,122.54335260115606,
fsb_00000,ollama/llava-custom:latest_canonical,4.35,Breakfast,Breakfast Platter,0.7855136588486312,1.0,0.2,0.7499999999999999,0.6,0.6,59.01103391908459,,0.0,56.181150550795586,138.80597014925374,30.232558139534888,21.387283236994215,
fsb_00000,ollama/ministral-3-custom:latest_detailed,53.15,Breakfast Plate with Eggs and Sides,Breakfast Platter,0.8574409338647926,0.5,0.0,0.5454545454545454,0.6,0.8,94.80997139354311,,0.0,93.88004895960832,161.7910447761194,25.24916943521595,108.09248554913293,
fsb_00000,ollama/ministral-3-custom:latest_step_by_step,9.57,Breakfast Plate with Sides,Breakfast Platter,0.8621675165134739,0.6,0.4,0.6,0.6,1.0,106.92684920310582,,0.0,107.83353733170135,147.1641791044776,33.887043189368754,134.68208092485548,
fsb_00000,ollama/ministral-3-custom:latest_conservative,12.93,Breakfast Plate with Bacon and Eggs,Breakfast Platter,0.8379977995953105,0.5,0.4,0.5454545454545454,0.6,0.8,118.41029832447893,,0.0,120.31823745410037,123.88059701492537,47.84053156146179,185.54913294797683,
fsb_00000,ollama/ministral-3-custom:latest_confident,10.73,Breakfast Plate with Bacon and Eggs,Breakfast Platter,0.8379977995953105,0.5,0.2,0.5454545454545454,0.6,0.8,157.72374335921535,,0.0,161.44430844553244,156.71641791044777,62.790697674418595,236.9942196531792,
fsb_00000,ollama/ministral-3-custom:latest_canonical,10.98,Breakfast Plate,Breakfast Platter,0.8996446906681144,0.6,0.4,0.6,0.6,1.0,23.784225582345726,,0.0,19.951040391676866,83.5820895522388,19.269102990033225,6.358381502890182,
fsb_00000,ollama/qwen3.5-custom:latest_detailed,65.28,,,0.0,0.0,0.0,0.0,0.0,0.0,,Empty response from model for fsb_00000.jpg,0.0,,,,,
fsb_00000,ollama/qwen3.5-custom:latest_step_by_step,30.75,,,0.0,0.0,0.0,0.0,0.0,0.0,,Empty response from model for fsb_00000.jpg,0.0,,,,,
fsb_00000,ollama/qwen3.5-custom:latest_conservative,32.26,,,0.0,0.0,0.0,0.0,0.0,0.0,,Empty response from model for fsb_00000.jpg,0.0,,,,,
fsb_00000,ollama/qwen3.5-custom:latest_confident,30.75,,,0.0,0.0,0.0,0.0,0.0,0.0,,Empty response from model for fsb_00000.jpg,0.0,,,,,
fsb_00000,ollama/qwen3.5-custom:latest_canonical,30.16,,,0.0,0.0,0.0,0.0,0.0,0.0,,Empty response from model for fsb_00000.jpg,0.0,,,,,
fsb_00001,ollama/gemma3-custom:latest_detailed,41.54,Chocolate Chip Cookie,Almond Cake with Strawberries,0.5827608584489141,0.4,0.25,0.4444444444444445,0.5,0.75,481.9195958745527,,0.0,473.8238238238238,614.8453608247422,134.37499999999997,433.9805825242719,
fsb_00001,ollama/gemma3-custom:latest_step_by_step,8.38,Chocolate Cake Slice,Almond Cake with Strawberries,0.6755660939058132,1.0,0.25,0.4,0.25,0.25,19.974742159545354,,0.0,20.120120120120113,23.711340206185564,9.374999999999995,11.650485436893195,
fsb_00001,ollama/gemma3-custom:latest_conservative,5.48,Chocolate Chip Cookie,Almond Cake with Strawberries,0.5827608584489141,0.5,0.25,0.3333333333333333,0.25,0.5,29.27804672700485,,0.0,29.929929929929934,23.711340206185564,37.50000000000001,27.18446601941748,
fsb_00001,ollama/gemma3-custom:latest_confident,3.09,Chocolate Chip Cookie,Almond Cake with Strawberries,0.5827608584489141,0.5,0.25,0.3333333333333333,0.25,0.5,22.332140601978534,,0.0,22.42242242242243,21.649484536082475,21.875000000000007,22.330097087378647,
fsb_00001,ollama/gemma3-custom:latest_canonical,5.44,Salmon with Asparagus,Almond Cake with Strawberries,0.6093380850833399,0.0,0.0,0.0,0.0,0.5,22.963586613344564,,0.0,7.907907907907913,89.69072164948454,525.0,1.941747572815527,
fsb_00001,ollama/llava-custom:latest_detailed,111.53,Cake with Strawberries,Almond Cake with Strawberries,0.9270624292051695,1.0,0.25,0.6666666666666666,0.5,0.5,33.5297832035361,,0.0,34.934934934934944,4.123711340206185,1.5624999999999944,85.4368932038835,
fsb_00001,ollama/llava-custom:latest_step_by_step,5.37,Dessert,Almond Cake with Strawberries,0.7058941955877341,1.0,0.25,0.6666666666666666,0.5,0.5,30.835613555041046,,0.0,33.68368368368368,6.8041237113402,0.0,41.747572815533985,
fsb_00001,ollama/llava-custom:latest_conservative,5.42,Cake and Strawberries,Almond Cake with Strawberries,0.9116878041985266,1.0,0.25,0.6666666666666666,0.5,0.5,32.07745737739423,,0.0,32.68268268268268,8.24742268041237,3.1250000000000027,85.4368932038835,
fsb_00001,ollama/llava-custom:latest_confident,5.27,Cake with Strawberries,Almond Cake with Strawberries,0.9270624292051695,1.0,0.25,0.6666666666666666,0.5,0.5,33.5297832035361,,0.0,34.934934934934944,4.123711340206185,1.5624999999999944,85.4368932038835,
fsb_00001,ollama/llava-custom:latest_canonical,5.17,Cake with Strawberries,Almond Cake with Strawberries,0.9270624292051695,1.0,0.25,0.6666666666666666,0.5,0.5,33.5297832035361,,0.0,34.934934934934944,4.123711340206185,1.5624999999999944,85.4368932038835,
fsb_00001,ollama/ministral-3-custom:latest_detailed,45.57,Strawberry Cheesecake with Almonds,Almond Cake with Strawberries,0.8871966603176604,0.4,0.25,0.4444444444444445,0.5,0.75,61.35550410439906,,0.0,64.4144144144144,1.0309278350515463,112.49999999999997,128.15533980582524,
fsb_00001,ollama/ministral-3-custom:latest_step_by_step,8.33,Strawberry Cheesecake with Almonds,Almond Cake with Strawberries,0.8871966603176604,0.3333333333333333,0.25,0.28571428571428575,0.25,0.75,21.700694590612493,,0.0,19.619619619619613,17.525773195876287,67.18749999999997,57.76699029126212,
fsb_00001,ollama/ministral-3-custom:latest_conservative,7.59,Chocolate Cake with Strawberries and Almonds,Almond Cake with Strawberries,0.9406401771376629,0.5,0.25,0.5,0.5,1.0,29.86739633761313,,0.0,29.629629629629623,21.649484536082475,71.87499999999999,40.776699029126206,
fsb_00001,ollama/ministral-3-custom:latest_confident,9.76,Strawberry Cheesecake with Almonds,Almond Cake with Strawberries,0.8871966603176604,0.5,0.25,0.5,0.5,1.0,40.665123131972216,,0.0,41.641641641641634,11.34020618556701,107.8125,69.90291262135922,
fsb_00001,ollama/ministral-3-custom:latest_canonical,6.77,Strawberry Cheesecake,Almond Cake with Strawberries,0.7520042546916876,0.5,0.25,0.3333333333333333,0.25,0.5,7.598400336771211,,0.0,4.65465465465466,27.835051546391753,6.249999999999992,17.475728155339795,
fsb_00001,ollama/qwen3.5-custom:latest_detailed,61.56,,,0.0,0.0,0.0,0.0,0.0,0.0,,Empty response from model for fsb_00001.jpg,0.0,,,,,
fsb_00001,ollama/qwen3.5-custom:latest_step_by_step,31.14,,,0.0,0.0,0.0,0.0,0.0,0.0,,Empty response from model for fsb_00001.jpg,0.0,,,,,
fsb_00001,ollama/qwen3.5-custom:latest_conservative,32.45,,,0.0,0.0,0.0,0.0,0.0,0.0,,Empty response from model for fsb_00001.jpg,0.0,,,,,
fsb_00001,ollama/qwen3.5-custom:latest_confident,32.25,,,0.0,0.0,0.0,0.0,0.0,0.0,,Empty response from model for fsb_00001.jpg,0.0,,,,,
fsb_00001,ollama/qwen3.5-custom:latest_canonical,29.1,,,0.0,0.0,0.0,0.0,0.0,0.0,,Empty response from model for fsb_00001.jpg,0.0,,,,,
fsb_00002,ollama/gemma3-custom:latest_detailed,43.05,Chocolate Chip Cookie,Apple Fritter,0.573024813811344,0.2,0.0,0.1818181818181818,0.16666666666666666,0.8333333333333334,321.29897850282055,,0.0,316.0623640319072,364.2663043478262,642.8571428571428,288.1118881118881,
fsb_00002,ollama/gemma3-custom:latest_step_by_step,8.84,Salmon with Roasted Vegetables,Apple Fritter,0.6039453872073505,0.2,0.0,0.1818181818181818,0.16666666666666666,0.8333333333333334,18.524165269095892,,0.0,3.154459753444521,76.90217391304348,1919.047619047619,25.17482517482516,
fsb_00002,ollama/gemma3-custom:latest_conservative,3.79,Chocolate Doughnut,Apple Fritter,0.5855459997204678,0.5,0.16666666666666666,0.25,0.16666666666666666,0.33333333333333337,37.15505412410428,,0.0,38.361131254532275,22.55434782608695,42.85714285714285,51.048951048951054,
fsb_00002,ollama/gemma3-custom:latest_confident,4.57,Chocolate Doughnut,Apple Fritter,0.5855459997204678,0.0,0.16666666666666666,0.0,0.0,0.16666666666666663,11.38893123951822,,0.0,9.354604786076871,18.47826086956521,280.95238095238096,12.587412587412592,
fsb_00002,ollama/gemma3-custom:latest_canonical,5.31,Pasta with Tomato Sauce,Apple Fritter,0.5273768643217158,0.0,0.0,0.0,0.0,0.33333333333333337,28.281750266808963,,0.0,24.401740391588113,14.130434782608706,709.5238095238095,89.5104895104895,
fsb_00002,ollama/llava-custom:latest_detailed,116.03,,,0.0,0.0,0.0,0.0,0.0,0.0,,"JSON parsing error: 17 validation errors for FoodAnalysis
meal_name
  Field required [type=missing, input_value={'meal\\_name': 'Cinnamon...tein': 0.0, 'fat': 0.0}}, input_type=dict]
    For further information visit https://errors.pydantic.dev/2.11/v/missing
ingredients.0.calories
  Field required [type=missing, input_value={'name': 'flour', 'quantity': 100.0, 'unit': 'g'}, input_type=dict]
    For further information visit https://errors.pydantic.dev/2.11/v/missing
ingredients.0.carbs
  Field required [type=missing, input_value={'name': 'flour', 'quantity': 100.0, 'unit': 'g'}, input_type=dict]
    For further information visit https://errors.pydantic.dev/2.11/v/missing
ingredients.0.protein
  Field required [type=missing, input_value={'name': 'flour', 'quantity': 100.0, 'unit': 'g'}, input_type=dict]
    For further information visit https://errors.pydantic.dev/2.11/v/missing
ingredients.0.fat
  Field required [type=missing, input_value={'name': 'flour', 'quantity': 100.0, 'unit': 'g'}, input_type=dict]
    For further information visit https://errors.pydantic.dev/2.11/v/missing
ingredients.1.calories
  Field required [type=missing, input_value={'name': 'sugar', 'quantity': 50.0, 'unit': 'g'}, input_type=dict]
    For further information visit https://errors.pydantic.dev/2.11/v/missing
ingredients.1.carbs
  Field required [type=missing, input_value={'name': 'sugar', 'quantity': 50.0, 'unit': 'g'}, input_type=dict]
    For further information visit https://errors.pydantic.dev/2.11/v/missing
ingredients.1.protein
  Field required [type=missing, input_value={'name': 'sugar', 'quantity': 50.0, 'unit': 'g'}, input_type=dict]
    For further information visit https://errors.pydantic.dev/2.11/v/missing
ingredients.1.fat
  Field required [type=missing, input_value={'name': 'sugar', 'quantity': 50.0, 'unit': 'g'}, input_type=dict]
    For further information visit https://errors.pydantic.dev/2.11/v/missing
ingredients.2.calories
  Field required [type=missing, input_value={'name': 'butter', 'quantity': 20.0, 'unit': 'g'}, input_type=dict]
    For further information visit https://errors.pydantic.dev/2.11/v/missing
ingredients.2.carbs
  Field required [type=missing, input_value={'name': 'butter', 'quantity': 20.0, 'unit': 'g'}, input_type=dict]
    For further information visit https://errors.pydantic.dev/2.11/v/missing
ingredients.2.protein
  Field required [type=missing, input_value={'name': 'butter', 'quantity': 20.0, 'unit': 'g'}, input_type=dict]
    For further information visit https://errors.pydantic.dev/2.11/v/missing
ingredients.2.fat
  Field required [type=missing, input_value={'name': 'butter', 'quantity': 20.0, 'unit': 'g'}, input_type=dict]
    For further information visit https://errors.pydantic.dev/2.11/v/missing
ingredients.3.calories
  Field required [type=missing, input_value={'name': 'milk', 'quantity': 100.0, 'unit': 'ml'}, input_type=dict]
    For further information visit https://errors.pydantic.dev/2.11/v/missing
ingredients.3.carbs
  Field required [type=missing, input_value={'name': 'milk', 'quantity': 100.0, 'unit': 'ml'}, input_type=dict]
    For further information visit https://errors.pydantic.dev/2.11/v/missing
ingredients.3.protein
  Field required [type=missing, input_value={'name': 'milk', 'quantity': 100.0, 'unit': 'ml'}, input_type=dict]
    For further information visit https://errors.pydantic.dev/2.11/v/missing
ingredients.3.fat
  Field required [type=missing, input_value={'name': 'milk', 'quantity': 100.0, 'unit': 'ml'}, input_type=dict]
    For further information visit https://errors.pydantic.dev/2.11/v/missing — raw output: '{\n""meal\\_name"": ""Cinnamon Roll"",\n""ingredients"": [\n{""name"": ""flour"", ""quantity"": 100, ""unit"": ""g""},\n{""name"": ""sugar"", ""quantity"": 50, ""unit"": ""g""},\n{""name"": ""butter"", ""quantity"": 20, ""unit"": ""g""},\n{""name"": ""milk"", ""quantity"": 100, ""unit"": ""ml""}\n],\n""total\\_macros"": {\n""calories"": 350,\n""carbs"": 48,\n""protein"": 6,\n""fat"": 20\n}\n}'",0.0,,,,,
fsb_00002,ollama/llava-custom:latest_step_by_step,5.67,Cinnamon Roll,Apple Fritter,0.54158328467852,1.0,0.16666666666666666,0.5,0.3333333333333333,0.33333333333333337,35.47796920262235,,0.0,36.548223350253814,0.8152173913043401,233.33333333333334,89.5104895104895,
fsb_00002,ollama/llava-custom:latest_conservative,9.0,Cinnamon Roll,Apple Fritter,0.54158328467852,0.4,0.16666666666666666,0.3636363636363636,0.3333333333333333,0.8333333333333334,68.04390913248969,,0.0,62.255257432922406,110.59782608695654,519.047619047619,37.06293706293707,
fsb_00002,ollama/llava-custom:latest_confident,8.17,Cinnamon Roll,Apple Fritter,0.54158328467852,0.4,0.16666666666666666,0.3636363636363636,0.3333333333333333,0.8333333333333334,67.982924226254,,0.0,58.992023205221166,121.60326086956523,904.7619047619047,41.95804195804196,
fsb_00002,ollama/llava-custom:latest_canonical,8.7,Cinnamon Roll,Apple Fritter,0.54158328467852,0.5,0.16666666666666666,0.4,0.3333333333333333,0.6666666666666667,38.32901356914164,,0.0,29.80420594633792,78.39673913043481,538.0952380952382,62.93706293706294,
fsb_00002,ollama/ministral-3-custom:latest_detailed,42.74,Grilled or Roasted Meatballs,Apple Fritter,0.5317903963291205,0.5,0.0,0.25,0.16666666666666666,0.33333333333333337,38.664430553438024,,0.0,29.65917331399565,77.17391304347827,1314.285714285714,19.580419580419584,
fsb_00002,ollama/ministral-3-custom:latest_step_by_step,6.75,Grilled Meatballs with Glaze,Apple Fritter,0.5522109395324453,0.5,0.0,0.25,0.16666666666666666,0.33333333333333337,47.41576459826193,,0.0,39.2675852066715,83.69565217391303,1152.3809523809523,30.069930069930074,
fsb_00002,ollama/ministral-3-custom:latest_conservative,4.99,Grilled Meatballs,Apple Fritter,0.5071703399077823,0.0,0.0,0.0,0.0,0.16666666666666663,57.58499771306601,,0.0,49.60116026105874,95.92391304347827,1138.095238095238,33.56643356643357,
fsb_00002,ollama/ministral-3-custom:latest_confident,6.81,Grilled or Roasted Meatballs,Apple Fritter,0.5317903963291205,0.5,0.0,0.25,0.16666666666666666,0.33333333333333337,40.50922396706815,,0.0,32.559825960841195,82.33695652173913,1138.095238095238,5.5944055944055995,
fsb_00002,ollama/ministral-3-custom:latest_canonical,6.43,Baked Potato with Toppings,Apple Fritter,0.5961149210695934,0.0,0.0,0.0,0.0,0.33333333333333337,37.00259185851502,,0.0,32.559825960841195,48.369565217391305,709.5238095238095,44.05594405594406,
fsb_00002,ollama/qwen3.5-custom:latest_detailed,62.97,,,0.0,0.0,0.0,0.0,0.0,0.0,,Empty response from model for fsb_00002.jpg,0.0,,,,,
fsb_00002,ollama/qwen3.5-custom:latest_step_by_step,30.71,,,0.0,0.0,0.0,0.0,0.0,0.0,,Empty response from model for fsb_00002.jpg,0.0,,,,,
fsb_00002,ollama/qwen3.5-custom:latest_conservative,31.94,,,0.0,0.0,0.0,0.0,0.0,0.0,,Empty response from model for fsb_00002.jpg,0.0,,,,,
fsb_00002,ollama/qwen3.5-custom:latest_confident,30.93,,,0.0,0.0,0.0,0.0,0.0,0.0,,Empty response from model for fsb_00002.jpg,0.0,,,,,
fsb_00002,ollama/qwen3.5-custom:latest_canonical,31.87,,,0.0,0.0,0.0,0.0,0.0,0.0,,Empty response from model for fsb_00002.jpg,0.0,,,,,
fsb_00003,ollama/gemma3-custom:latest_detailed,43.87,Chocolate Chip Cookie,Apple Pie,0.5647901812220555,0.3333333333333333,0.0,0.4,0.5,0.5,55.71213829387449,,0.0,55.47899533229608,63.53166986564299,25.961538461538453,49.80000000000001,
fsb_00003,ollama/gemma3-custom:latest_step_by_step,7.0,Breakfast Scramble,Apple Pie,0.5290557244210289,0.0,0.0,0.0,0.0,0.75,66.28147313040209,,0.0,63.43631918204046,88.1957773512476,124.03846153846155,59.8,
fsb_00003,ollama/gemma3-custom:latest_conservative,8.36,Chocolate Chip Cookie,Apple Pie,0.5647901812220555,0.4,0.5,0.4444444444444445,0.5,0.75,19.823374671176243,,0.0,19.426539230940204,17.370441458733215,0.9615384615384581,36.0,
fsb_00003,ollama/gemma3-custom:latest_confident,7.99,Chocolate Chip Cookie,Apple Pie,0.5647901812220555,0.4,0.5,0.4444444444444445,0.5,0.75,15.89627959413754,,0.0,15.136697043787514,24.856046065259108,20.192307692307686,10.0,
fsb_00003,ollama/gemma3-custom:latest_canonical,5.34,Baked Potato with Cheese,Apple Pie,0.5598130408805371,0.0,0.0,0.0,0.0,0.5,70.42465238632093,,0.0,70.88241831518116,63.53166986564299,15.38461538461538,88.0,
fsb_00003,ollama/llava-custom:latest_detailed,120.49,Pie,Apple Pie,0.8870935884275946,0.75,0.75,0.75,0.75,1.0,68.05712138293873,,0.0,70.32673927539453,44.337811900191944,51.92307692307693,80.0,
fsb_00003,ollama/llava-custom:latest_step_by_step,2.97,Pie,Apple Pie,0.8870935884275946,0.5,0.25,0.3333333333333333,0.25,0.5,48.98534385569333,,0.0,45.43231829295399,60.65259117082533,32.69230769230769,92.0,
fsb_00003,ollama/llava-custom:latest_conservative,5.75,Pie,Apple Pie,0.8870935884275946,0.5,0.25,0.3333333333333333,0.25,0.5,70.31191281473129,,0.0,73.32740609024228,41.45873320537428,51.92307692307693,80.0,
fsb_00003,ollama/llava-custom:latest_confident,4.85,Pie,Apple Pie,0.8870935884275946,1.0,0.5,0.6666666666666666,0.5,0.5,84.68620819240886,,0.0,86.44143142920649,69.28982725527831,71.15384615384616,88.0,
fsb_00003,ollama/llava-custom:latest_canonical,5.06,Pie,Apple Pie,0.8870935884275946,1.0,0.5,0.6666666666666666,0.5,0.5,57.53476136790678,,0.0,60.769059791064684,6.525911708253355,84.61538461538461,100.0,
fsb_00003,ollama/ministral-3-custom:latest_detailed,43.86,Baked Apple Pie Slices with Crust,Apple Pie,0.8050297760048784,0.75,0.0,0.75,0.75,1.0,25.44156332205937,,0.0,24.872193820849073,33.78119001919386,36.53846153846154,16.0,
fsb_00003,ollama/ministral-3-custom:latest_step_by_step,6.7,Baked Apple Pie Slice,Apple Pie,0.8172759778608694,0.5,0.0,0.3333333333333333,0.25,0.5,58.15482901164975,,0.0,58.87975105579017,48.17658349328215,57.692307692307686,66.0,
fsb_00003,ollama/ministral-3-custom:latest_conservative,8.39,Baked Apple Pie Slice,Apple Pie,0.8172759778608694,0.6666666666666666,0.0,0.5714285714285715,0.5,0.75,50.3194287861706,,0.0,50.54456545899089,48.17658349328215,57.692307692307686,49.2,
fsb_00003,ollama/ministral-3-custom:latest_confident,5.98,Baked Apple Pie Slices,Apple Pie,0.8101648831382209,0.6666666666666666,0.0,0.5714285714285715,0.5,0.75,37.495302517850426,,0.0,37.87508335185596,29.94241842610365,39.42307692307693,46.0,
fsb_00003,ollama/ministral-3-custom:latest_canonical,6.68,Baked Pastry with Fruit Filling,Apple Pie,0.6805920805891461,0.5,0.0,0.3333333333333333,0.25,0.5,46.21382938744832,,0.0,45.987997332740605,49.13627639155471,39.42307692307693,45.6,
fsb_00003,ollama/qwen3.5-custom:latest_detailed,59.69,,,0.0,0.0,0.0,0.0,0.0,0.0,,Empty response from model for fsb_00003.jpg,0.0,,,,,
fsb_00003,ollama/qwen3.5-custom:latest_step_by_step,31.29,,,0.0,0.0,0.0,0.0,0.0,0.0,,Empty response from model for fsb_00003.jpg,0.0,,,,,
fsb_00003,ollama/qwen3.5-custom:latest_conservative,31.23,,,0.0,0.0,0.0,0.0,0.0,0.0,,Empty response from model for fsb_00003.jpg,0.0,,,,,
fsb_00003,ollama/qwen3.5-custom:latest_confident,30.82,,,0.0,0.0,0.0,0.0,0.0,0.0,,Empty response from model for fsb_00003.jpg,0.0,,,,,
fsb_00003,ollama/qwen3.5-custom:latest_canonical,31.53,,,0.0,0.0,0.0,0.0,0.0,0.0,,Empty response from model for fsb_00003.jpg,0.0,,,,,
fsb_00004,ollama/gemma3-custom:latest_detailed,43.14,Salmon with Roasted Vegetables,Apple,0.4964307464449145,0.0,0.0,0.0,0.0,0.33333333333333337,373.3671988388969,,0.0,397.6873265494912,53.23741007194245,3154.545454545454,4387.5,
fsb_00004,ollama/gemma3-custom:latest_step_by_step,6.95,Salmon with Roasted Vegetables,Apple,0.4964307464449145,0.0,0.0,0.0,0.0,0.33333333333333337,364.9492017416545,,0.0,389.3617021276596,49.64028776978417,3163.636363636363,4175.000000000001,
fsb_00004,ollama/gemma3-custom:latest_conservative,7.07,Salmon with Asparagus,Apple,0.541061925188526,0.0,0.0,0.0,0.0,1.0,198.3309143686502,,0.0,192.32192414431083,71.22302158273382,2536.363636363636,2212.4999999999995,
fsb_00004,ollama/gemma3-custom:latest_confident,6.3,Salmon with Asparagus,Apple,0.541061925188526,0.0,0.0,0.0,0.0,1.0,275.10885341074015,,0.0,274.65309898242367,85.61151079136691,2990.9090909090905,3187.5,
fsb_00004,ollama/gemma3-custom:latest_canonical,4.54,Salmon with Vegetables,Apple,0.5155709577765272,0.0,0.0,0.0,0.0,1.0,257.3294629898403,,0.0,260.777058279371,64.02877697841727,3154.545454545454,2524.9999999999995,
fsb_00004,ollama/llava-custom:latest_detailed,114.94,,,0.0,0.0,0.0,0.0,0.0,0.0,,"JSON parsing error: 8 validation errors for FoodAnalysis
ingredients.0.calories
  Field required [type=missing, input_value={'name': 'apple slices', ...ity': 10.0, 'unit': 'g'}, input_type=dict]
    For further information visit https://errors.pydantic.dev/2.11/v/missing
ingredients.0.carbs
  Field required [type=missing, input_value={'name': 'apple slices', ...ity': 10.0, 'unit': 'g'}, input_type=dict]
    For further information visit https://errors.pydantic.dev/2.11/v/missing
ingredients.0.protein
  Field required [type=missing, input_value={'name': 'apple slices', ...ity': 10.0, 'unit': 'g'}, input_type=dict]
    For further information visit https://errors.pydantic.dev/2.11/v/missing
ingredients.0.fat
  Field required [type=missing, input_value={'name': 'apple slices', ...ity': 10.0, 'unit': 'g'}, input_type=dict]
    For further information visit https://errors.pydantic.dev/2.11/v/missing
ingredients.1.calories
  Field required [type=missing, input_value={'name': 'cinnamon', 'quantity': 2.0, 'unit': 'g'}, input_type=dict]
    For further information visit https://errors.pydantic.dev/2.11/v/missing
ingredients.1.carbs
  Field required [type=missing, input_value={'name': 'cinnamon', 'quantity': 2.0, 'unit': 'g'}, input_type=dict]
    For further information visit https://errors.pydantic.dev/2.11/v/missing
ingredients.1.protein
  Field required [type=missing, input_value={'name': 'cinnamon', 'quantity': 2.0, 'unit': 'g'}, input_type=dict]
    For further information visit https://errors.pydantic.dev/2.11/v/missing
ingredients.1.fat
  Field required [type=missing, input_value={'name': 'cinnamon', 'quantity': 2.0, 'unit': 'g'}, input_type=dict]
    For further information visit https://errors.pydantic.dev/2.11/v/missing — raw output: '{\n""meal_name"": ""Apple Chips"",\n""ingredients"": [\n{""name"": ""apple slices"", ""quantity"": 10, ""unit"": ""g""},\n{""name"": ""cinnamon"", ""quantity"": 2, ""unit"": ""g""}\n],\n""total_macros"": {\n""calories"": 35,\n""carbs"": 7.8,\n""protein"": 0.6,\n""fat"": 1.4\n}\n}'",0.0,,,,,
fsb_00004,ollama/llava-custom:latest_step_by_step,5.74,Apple Chips,Apple,0.8035517094885404,0.5,0.3333333333333333,0.4,0.3333333333333333,0.6666666666666667,124.23802612481857,,0.0,127.56706753006478,114.02877697841727,72.7272727272727,100.0,
fsb_00004,ollama/llava-custom:latest_conservative,5.37,Apple Chips,Apple,0.8035517094885404,0.0,0.0,0.0,0.0,0.6666666666666667,47.60522496371552,,0.0,41.720629047178534,69.78417266187049,27.272727272727277,100.0,
fsb_00004,ollama/llava-custom:latest_confident,4.97,Apple and Chili,Apple,0.715842643735617,0.5,0.3333333333333333,0.4,0.3333333333333333,0.6666666666666667,9.941944847605221,,0.0,8.418131359851984,13.66906474820144,0.0,100.0,
fsb_00004,ollama/llava-custom:latest_canonical,5.32,Apple and Chili,Apple,0.715842643735617,0.5,0.3333333333333333,0.4,0.3333333333333333,0.6666666666666667,69.37590711175616,,0.0,69.472710453284,70.14388489208633,18.181818181818183,100.0,
fsb_00004,ollama/ministral-3-custom:latest_detailed,39.92,Spiced Apple Slices,Apple,0.6281221128031963,0.5,0.0,0.4,0.3333333333333333,0.6666666666666667,4.1364296081277185,,0.0,3.7927844588344075,2.8776978417266212,18.181818181818183,75.00000000000001,
fsb_00004,ollama/ministral-3-custom:latest_step_by_step,6.89,Spiced Apple Slices,Apple,0.6281221128031963,0.0,0.0,0.0,0.0,0.6666666666666667,5.7329462989840305,,0.0,5.642923219241438,2.8776978417266212,36.36363636363637,75.00000000000001,
fsb_00004,ollama/ministral-3-custom:latest_conservative,6.52,Spiced Apple Slices,Apple,0.6281221128031963,0.5,0.0,0.4,0.3333333333333333,0.6666666666666667,7.474600870827282,,0.0,6.5679925994449535,6.4748201438848945,72.72727272727273,75.00000000000001,
fsb_00004,ollama/ministral-3-custom:latest_confident,6.65,Spiced Apple Slices,Apple,0.6281221128031963,0.5,0.0,0.4,0.3333333333333333,0.6666666666666667,7.474600870827282,,0.0,6.5679925994449535,6.4748201438848945,72.72727272727273,75.00000000000001,
fsb_00004,ollama/ministral-3-custom:latest_canonical,4.34,Spiced Apple Slices,Apple,0.6281221128031963,0.5,0.3333333333333333,0.4,0.3333333333333333,0.6666666666666667,17.561683599419446,,0.0,16.74375578168362,17.26618705035971,54.545454545454554,87.5,
fsb_00004,ollama/qwen3.5-custom:latest_detailed,58.55,,,0.0,0.0,0.0,0.0,0.0,0.0,,Empty response from model for fsb_00004.jpg,0.0,,,,,
fsb_00004,ollama/qwen3.5-custom:latest_step_by_step,31.11,,,0.0,0.0,0.0,0.0,0.0,0.0,,Empty response from model for fsb_00004.jpg,0.0,,,,,
fsb_00004,ollama/qwen3.5-custom:latest_conservative,30.43,,,0.0,0.0,0.0,0.0,0.0,0.0,,Empty response from model for fsb_00004.jpg,0.0,,,,,
fsb_00004,ollama/qwen3.5-custom:latest_confident,31.55,,,0.0,0.0,0.0,0.0,0.0,0.0,,Empty response from model for fsb_00004.jpg,0.0,,,,,
fsb_00004,ollama/qwen3.5-custom:latest_canonical,30.67,,,0.0,0.0,0.0,0.0,0.0,0.0,,Empty response from model for fsb_00004.jpg,0.0,,,,,
fsb_00005,ollama/gemma3-custom:latest_detailed,42.11,Oatmeal with Berries and Nuts,Apple Slices with Peanut Butter,0.6071195789682395,0.25,0.0,0.25,0.25,1.0,9.698234959195293,,0.0,9.299655568312284,10.321489001692049,20.15503875968992,9.793814432989684,
fsb_00005,ollama/gemma3-custom:latest_step_by_step,7.34,Oatmeal with Berries and Nuts,Apple Slices with Peanut Butter,0.6071195789682395,0.25,0.0,0.25,0.25,1.0,9.888024293034732,,0.0,9.299655568312284,10.321489001692049,20.15503875968992,14.948453608247418,
fsb_00005,ollama/gemma3-custom:latest_conservative,7.61,Oatmeal with Berries and Nuts,Apple Slices with Peanut Butter,0.6071195789682395,0.25,0.0,0.25,0.25,1.0,9.907003226418674,,0.0,9.07003444316877,10.321489001692049,13.178294573643404,25.25773195876288,
fsb_00005,ollama/gemma3-custom:latest_confident,4.59,Oatmeal with Berries and Nuts,Apple Slices with Peanut Butter,0.6071195789682395,0.25,0.0,0.25,0.25,1.0,12.829758967546026,,0.0,12.51435132032147,13.70558375634518,2.3255813953488427,24.226804123711336,
fsb_00005,ollama/gemma3-custom:latest_canonical,6.14,Oatmeal with Berries,Apple Slices with Peanut Butter,0.6019177647477724,0.3333333333333333,0.0,0.28571428571428575,0.25,0.75,38.69804516986146,,0.0,39.150401836969,23.857868020304572,30.232558139534888,79.38144329896907,
fsb_00005,ollama/llava-custom:latest_detailed,111.84,Apple and Peanut Butter,Apple Slices with Peanut Butter,0.8818402142180057,0.5,0.25,0.3333333333333333,0.25,0.5,35.52856329474284,,0.0,35.47646383467279,45.854483925549914,1.5503875968992331,27.83505154639175,
fsb_00005,ollama/llava-custom:latest_step_by_step,5.25,Apple and Peanut Butter,Apple Slices with Peanut Butter,0.8818402142180057,1.0,0.5,0.6666666666666666,0.5,0.5,70.5067375213513,,0.0,72.2158438576349,57.69881556683587,81.3953488372093,63.91752577319587,
fsb_00005,ollama/llava-custom:latest_conservative,5.12,Apple and Peanut Butter,Apple Slices with Peanut Butter,0.8818402142180057,0.5,0.25,0.3333333333333333,0.25,0.5,62.156006832416026,,0.0,64.40872560275545,47.54653130287648,50.3875968992248,63.91752577319587,
fsb_00005,ollama/llava-custom:latest_confident,5.31,Apple and Peanut Butter,Apple Slices with Peanut Butter,0.8818402142180057,0.5,0.25,0.3333333333333333,0.25,0.5,35.52856329474284,,0.0,35.47646383467279,45.854483925549914,1.5503875968992331,27.83505154639175,
fsb_00005,ollama/llava-custom:latest_canonical,5.01,Apple and Peanut Butter,Apple Slices with Peanut Butter,0.8818402142180057,1.0,0.5,0.6666666666666666,0.5,0.5,70.5067375213513,,0.0,72.2158438576349,57.69881556683587,81.3953488372093,63.91752577319587,
fsb_00005,ollama/ministral-3-custom:latest_detailed,46.16,Cucumber Slices with Peanut Butter and Tuna Salad,Apple Slices with Peanut Butter,0.7939153668757468,0.2,0.0,0.22222222222222224,0.25,0.75,39.57107610552287,,0.0,31.343283582089555,82.23350253807106,158.13953488372093,15.463917525773196,
fsb_00005,ollama/ministral-3-custom:latest_step_by_step,8.65,Cucumber Slices with Peanut Butter and Tuna Salad,Apple Slices with Peanut Butter,0.7939153668757468,0.3333333333333333,0.0,0.28571428571428575,0.25,0.75,16.625545644334792,,0.0,4.018369690011482,77.66497461928935,164.34108527131787,15.463917525773196,
fsb_00005,ollama/ministral-3-custom:latest_conservative,11.71,Cucumber Slices with Peanut Butter and Tuna Salad,Apple Slices with Peanut Butter,0.7939153668757468,0.2,0.25,0.22222222222222224,0.25,0.75,47.04877585879673,,0.0,42.5947187141217,76.98815566835871,82.94573643410853,31.958762886597935,
fsb_00005,ollama/ministral-3-custom:latest_confident,8.22,Cucumber Slices with Peanut Butter and Tuna Salad,Apple Slices with Peanut Butter,0.7939153668757468,0.25,0.25,0.25,0.25,1.0,48.60504839628014,,0.0,41.676234213547644,81.38747884940778,152.71317829457368,35.051546391752574,
fsb_00005,ollama/ministral-3-custom:latest_canonical,8.32,Cucumber Slices with Peanut Butter and Crackers,Apple Slices with Peanut Butter,0.8481108550602485,0.3333333333333333,0.25,0.28571428571428575,0.25,0.75,50.06642626684381,,0.0,49.25373134328358,61.75972927241963,26.356589147286826,48.45360824742267,
fsb_00005,ollama/qwen3.5-custom:latest_detailed,58.17,,,0.0,0.0,0.0,0.0,0.0,0.0,,Empty response from model for fsb_00005.jpg,0.0,,,,,
fsb_00005,ollama/qwen3.5-custom:latest_step_by_step,32.27,,,0.0,0.0,0.0,0.0,0.0,0.0,,Empty response from model for fsb_00005.jpg,0.0,,,,,
fsb_00005,ollama/qwen3.5-custom:latest_conservative,32.16,,,0.0,0.0,0.0,0.0,0.0,0.0,,Empty response from model for fsb_00005.jpg,0.0,,,,,
fsb_00005,ollama/qwen3.5-custom:latest_confident,31.31,,,0.0,0.0,0.0,0.0,0.0,0.0,,Empty response from model for fsb_00005.jpg,0.0,,,,,
fsb_00005,ollama/qwen3.5-custom:latest_canonical,34.59,,,0.0,0.0,0.0,0.0,0.0,0.0,,Empty response from model for fsb_00005.jpg,0.0,,,,,
fsb_00006,ollama/gemma3-custom:latest_detailed,42.01,Salmon with Roasted Vegetables,Arugula Salad with Candied Pecans and Beets,0.6440810897971899,0.0,0.0,0.0,0.0,0.8333333333333334,18.415041293270068,,0.0,8.822305451518929,72.1030042918455,179.23076923076923,19.031141868512112,
fsb_00006,ollama/gemma3-custom:latest_step_by_step,9.12,Salmon with Roasted Vegetables,Arugula Salad with Candied Pecans and Beets,0.6440810897971899,0.2,0.16666666666666666,0.1818181818181818,0.16666666666666666,0.8333333333333334,21.771217712177116,,0.0,12.98377028714107,67.81115879828327,179.99999999999997,22.491349480968857,
fsb_00006,ollama/gemma3-custom:latest_conservative,8.92,Salmon with Roasted Vegetables,Arugula Salad with Candied Pecans and Beets,0.6440810897971899,0.2,0.16666666666666666,0.1818181818181818,0.16666666666666666,0.8333333333333334,28.307854507116502,,0.0,21.868497711194344,66.30901287553648,134.6153846153846,26.29757785467127,
fsb_00006,ollama/gemma3-custom:latest_confident,7.63,Salmon with Asparagus and Lemon,Arugula Salad with Candied Pecans and Beets,0.6431043134097912,0.0,0.0,0.0,0.0,0.6666666666666667,16.04287471446143,,0.0,5.742821473158556,84.97854077253218,169.23076923076923,7.266435986159175,
fsb_00006,ollama/gemma3-custom:latest_canonical,6.48,Salmon with Vegetables,Arugula Salad with Candied Pecans and Beets,0.6695662153047051,0.3333333333333333,0.16666666666666666,0.2222222222222222,0.16666666666666666,0.5,27.060270602706026,,0.0,17.602996254681653,76.39484978540773,203.84615384615384,25.259515570934248,
fsb_00006,ollama/llava-custom:latest_detailed,118.61,,,0.0,0.0,0.0,0.0,0.0,0.0,,"JSON parsing error: 1 validation error for FoodAnalysis
meal_name
  Field required [type=missing, input_value={'meal\\_name': 'Salad', ...in': 13.0, 'fat': 13.0}}, input_type=dict]
    For further information visit https://errors.pydantic.dev/2.11/v/missing — raw output: '{\n""meal\\_name"": ""Salad"",\n""ingredients"": [\n{""name"": ""lettuce"", ""quantity"": 100, ""unit"": ""g"", ""calories"": 25, ""carbs"": 4, ""protein"": 3, ""fat"": 0},\n{""name"": ""radish"", ""quantity"": 75, ""unit"": ""g"", ""calories"": 18, ""carbs"": 4, ""protein"": 2, ""fat"": 0},\n{""name"": ""cranberries"", ""quantity"": 50, ""unit"": ""g"", ""calories"": 37, ""carbs"": 9, ""protein"": 1, ""fat"": 0},\n{""name"": ""walnuts"", ""quantity"": 25, ""unit"": ""g"", ""calories"": 186, ""carbs"": 4, ""protein"": 7, ""fat"": 13}\n],\n""total\\_macros"": {\n""calories"": 309,\n""carbs"": 25,\n""protein"": 12,\n""fat"": 13\n}\n}'",0.0,,,,,
fsb_00006,ollama/llava-custom:latest_step_by_step,6.88,Salad,Arugula Salad with Candied Pecans and Beets,0.7717343247027975,0.0,0.0,0.0,0.0,0.5,91.3196274819891,,0.0,91.67707032875573,83.47639484978541,86.92307692307692,100.0,
fsb_00006,ollama/llava-custom:latest_conservative,5.35,Salad,Arugula Salad with Candied Pecans and Beets,0.7717343247027975,0.0,0.0,0.0,0.0,0.6666666666666667,66.0868037251801,,0.0,67.33250104036621,54.93562231759657,30.76923076923077,79.23875432525952,
fsb_00006,ollama/llava-custom:latest_confident,8.71,Salad,Arugula Salad with Candied Pecans and Beets,0.7717343247027975,0.0,0.0,0.0,0.0,0.8333333333333334,29.186434721490073,,0.0,29.04702455264253,35.622317596566525,7.6923076923076925,30.795847750865047,
fsb_00006,ollama/llava-custom:latest_canonical,6.17,Salad,Arugula Salad with Candied Pecans and Beets,0.7717343247027975,0.0,0.0,0.0,0.0,0.5,81.90124758390441,,0.0,83.35414065751145,63.519313304721024,53.84615384615385,100.0,
fsb_00006,ollama/ministral-3-custom:latest_detailed,45.94,Crispy Chicken Salad with Roasted Vegetables,Arugula Salad with Candied Pecans and Beets,0.7569660365049076,0.3333333333333333,0.0,0.3333333333333333,0.3333333333333333,1.0,50.94008082937972,,0.0,49.396587598834785,30.901287553648064,188.46153846153845,47.05882352941177,
fsb_00006,ollama/ministral-3-custom:latest_step_by_step,13.09,Crispy Chicken Salad with Roasted Vegetables,Arugula Salad with Candied Pecans and Beets,0.7569660365049076,0.3333333333333333,0.0,0.3333333333333333,0.3333333333333333,1.0,80.02108592514496,,0.0,77.69454848106533,86.69527896995707,183.84615384615384,61.245674740484446,
fsb_00006,ollama/ministral-3-custom:latest_conservative,13.18,Crispy Chicken Salad with Roasted Vegetables,Arugula Salad with Candied Pecans and Beets,0.7569660365049076,0.3333333333333333,0.0,0.3333333333333333,0.3333333333333333,1.0,15.533298190124759,,0.0,11.152725759467337,35.622317596566525,113.84615384615384,11.764705882352937,
fsb_00006,ollama/ministral-3-custom:latest_confident,13.17,Crispy Chicken Salad with Roasted Vegetables,Arugula Salad with Candied Pecans and Beets,0.7569660365049076,0.5,0.16666666666666666,0.5,0.5,1.0,21.823932525039528,,0.0,20.266333749479813,14.59227467811158,145.3846153846154,3.806228373702427,
fsb_00006,ollama/ministral-3-custom:latest_canonical,10.61,Crispy Chicken Salad with Roasted Vegetables,Arugula Salad with Candied Pecans and Beets,0.7569660365049076,0.2,0.16666666666666666,0.1818181818181818,0.16666666666666666,0.8333333333333334,27.077842206993502,,0.0,16.35455680399501,52.78969957081545,292.30769230769226,44.63667820069204,
fsb_00006,ollama/qwen3.5-custom:latest_detailed,62.57,,,0.0,0.0,0.0,0.0,0.0,0.0,,Empty response from model for fsb_00006.jpg,0.0,,,,,
fsb_00006,ollama/qwen3.5-custom:latest_step_by_step,34.09,,,0.0,0.0,0.0,0.0,0.0,0.0,,Empty response from model for fsb_00006.jpg,0.0,,,,,
fsb_00006,ollama/qwen3.5-custom:latest_conservative,36.88,,,0.0,0.0,0.0,0.0,0.0,0.0,,Empty response from model for fsb_00006.jpg,0.0,,,,,
fsb_00006,ollama/qwen3.5-custom:latest_confident,36.67,,,0.0,0.0,0.0,0.0,0.0,0.0,,Empty response from model for fsb_00006.jpg,0.0,,,,,
fsb_00006,ollama/qwen3.5-custom:latest_canonical,32.03,,,0.0,0.0,0.0,0.0,0.0,0.0,,Empty response from model for fsb_00006.jpg,0.0,,,,,
fsb_00007,ollama/gemma3-custom:latest_detailed,40.93,Chicken Caesar Salad,Asian Chicken Salad with Egg Roll,0.7592974009209681,0.6,0.14285714285714285,0.5,0.42857142857142855,0.7142857142857143,20.53001277139208,,0.0,19.54459203036053,1.9736842105263206,57.51789976133652,3.321033210332098,
fsb_00007,ollama/gemma3-custom:latest_step_by_step,13.88,Chicken Salad,Asian Chicken Salad with Egg Roll,0.8458585203161777,0.16666666666666666,0.14285714285714285,0.15384615384615383,0.14285714285714285,0.8571428571428572,35.37675606641124,,0.0,35.86337760910816,40.78947368421053,12.171837708830553,55.71955719557196,
fsb_00007,ollama/gemma3-custom:latest_conservative,8.4,Chicken Salad,Asian Chicken Salad with Egg Roll,0.8458585203161777,0.2,0.2857142857142857,0.16666666666666666,0.14285714285714285,0.7142857142857143,61.04725415070242,,0.0,62.428842504743834,70.39473684210526,18.854415274463005,88.92988929889299,
fsb_00007,ollama/gemma3-custom:latest_confident,6.37,Chicken Salad,Asian Chicken Salad with Egg Roll,0.8458585203161777,0.16666666666666666,0.14285714285714285,0.15384615384615383,0.14285714285714285,0.8571428571428572,37.29246487867178,,0.0,37.95066413662239,44.07894736842105,7.398568019093083,63.09963099630996,
fsb_00007,ollama/gemma3-custom:latest_canonical,7.71,Pasta with Vegetables,Asian Chicken Salad with Egg Roll,0.6530941101104154,0.25,0.14285714285714285,0.18181818181818182,0.14285714285714285,0.5714285714285714,59.9616858237548,,0.0,56.73624288425047,61.184210526315795,76.13365155131265,96.309963099631,
fsb_00007,ollama/llava-custom:latest_detailed,121.15,,,0.0,0.0,0.0,0.0,0.0,0.0,,"JSON parsing error: 1 validation error for FoodAnalysis
meal_name
  Field required [type=missing, input_value={'meal\\_name': 'Chicken ...in': 90.5, 'fat': 15.5}}, input_type=dict]
    For further information visit https://errors.pydantic.dev/2.11/v/missing — raw output: '{\n""meal\\_name"": ""Chicken and Salad"",\n""ingredients"": [\n{""name"": ""chicken breast"", ""quantity"": 120, ""unit"": ""g"", ""calories"": 198, ""carbs"": 0, ""protein"": 37, ""fat"": 4},\n{""name"": ""lettuce"", ""quantity"": 50, ""unit"": ""g"", ""calories"": 2, ""carbs"": 0.6, ""protein"": 1, ""fat"": 0.2},\n{""name"": ""cabbage"", ""quantity"": 30, ""unit"": ""g"", ""calories"": 15, ""carbs"": 4, ""protein"": 1, ""fat"": 0.2},\n{""name"": ""shredded carrots"", ""quantity"": 20, ""unit"": ""g"", ""calories"": 8, ""carbs"": 2, ""protein"": 0.5, ""fat"": 0.1},\n{""name"": ""chicken breast"", ""quantity"": 60, ""unit"": ""g"", ""calories"": 94, ""carbs"": 0, ""protein"": 37, ""fat"": 2},\n{""name"": ""fish sticks"", ""quantity"": 50, ""unit"": ""g"", ""calories"": 160, ""carbs"": 8, ""protein"": 14, ""fat"": 9}\n],\n""total\\_macros"": {\n""calories"": 372,\n""carbs"": 15.6,\n""protein"": 53,\n""fat"": 10.8\n}\n}'",0.0,,,,,
fsb_00007,ollama/llava-custom:latest_step_by_step,5.62,Chicken and Salad,Asian Chicken Salad with Egg Roll,0.8355586632194625,1.0,0.14285714285714285,0.4444444444444445,0.2857142857142857,0.2857142857142857,61.27075351213283,,0.0,62.04933586337761,96.71052631578947,10.262529832935554,85.23985239852398,
fsb_00007,ollama/llava-custom:latest_conservative,10.54,Chicken and Salad,Asian Chicken Salad with Egg Roll,0.8355586632194625,0.6666666666666666,0.2857142857142857,0.6153846153846153,0.5714285714285714,0.8571428571428572,20.09897828863346,,0.0,9.487666034155598,51.973684210526315,115.99045346062053,42.435424354243544,
fsb_00007,ollama/llava-custom:latest_confident,8.83,Chicken and Salad,Asian Chicken Salad with Egg Roll,0.8355586632194625,0.8,0.2857142857142857,0.6666666666666666,0.5714285714285714,0.7142857142857143,43.77394636015325,,0.0,39.658444022770404,73.68421052631578,54.17661097852028,74.16974169741698,
fsb_00007,ollama/llava-custom:latest_canonical,2.11,Chicken and Salad,Asian Chicken Salad with Egg Roll,0.8355586632194625,1.0,0.14285714285714285,0.4444444444444445,0.2857142857142857,0.2857142857142857,61.27075351213283,,0.0,62.04933586337761,98.02631578947368,9.307875894988065,85.23985239852398,
fsb_00007,ollama/ministral-3-custom:latest_detailed,50.56,Chicken Quesadilla with Slaw,Asian Chicken Salad with Egg Roll,0.6826273937975487,0.3333333333333333,0.0,0.30769230769230765,0.2857142857142857,0.8571428571428572,119.588122605364,,0.0,118.59582542694498,268.42105263157896,33.65155131264917,104.79704797047968,
fsb_00007,ollama/ministral-3-custom:latest_step_by_step,9.19,Chicken Quesadilla Salad,Asian Chicken Salad with Egg Roll,0.7805831081366025,0.4,0.0,0.3333333333333333,0.2857142857142857,0.7142857142857143,10.983397190293744,,0.0,7.590132827324478,51.31578947368421,9.785202863961818,33.57933579335794,
fsb_00007,ollama/ministral-3-custom:latest_conservative,12.78,Chicken Quesadilla with Slaw,Asian Chicken Salad with Egg Roll,0.6826273937975487,0.3333333333333333,0.0,0.30769230769230765,0.2857142857142857,0.8571428571428572,28.831417624521073,,0.0,24.667931688804554,80.92105263157896,47.49403341288782,22.509225092250926,
fsb_00007,ollama/ministral-3-custom:latest_confident,10.58,Chicken Quesadilla Salad,Asian Chicken Salad with Egg Roll,0.7805831081366025,0.3333333333333333,0.0,0.30769230769230765,0.2857142857142857,0.8571428571428572,37.29246487867178,,0.0,36.43263757115749,38.15789473684211,59.18854415274464,19.188191881918804,
fsb_00007,ollama/ministral-3-custom:latest_canonical,9.54,Chicken Salad Wrap,Asian Chicken Salad with Egg Roll,0.7886902863415077,0.75,0.14285714285714285,0.5454545454545454,0.42857142857142855,0.5714285714285714,9.658365261813538,,0.0,4.554079696394687,84.21052631578948,0.2386634844868769,39.85239852398524,
fsb_00007,ollama/qwen3.5-custom:latest_detailed,64.65,,,0.0,0.0,0.0,0.0,0.0,0.0,,Empty response from model for fsb_00007.jpg,0.0,,,,,
fsb_00007,ollama/qwen3.5-custom:latest_step_by_step,37.68,,,0.0,0.0,0.0,0.0,0.0,0.0,,Empty response from model for fsb_00007.jpg,0.0,,,,,
fsb_00007,ollama/qwen3.5-custom:latest_conservative,36.55,,,0.0,0.0,0.0,0.0,0.0,0.0,,Empty response from model for fsb_00007.jpg,0.0,,,,,
fsb_00007,ollama/qwen3.5-custom:latest_confident,36.81,,,0.0,0.0,0.0,0.0,0.0,0.0,,Empty response from model for fsb_00007.jpg,0.0,,,,,
fsb_00007,ollama/qwen3.5-custom:latest_canonical,33.33,,,0.0,0.0,0.0,0.0,0.0,0.0,,Empty response from model for fsb_00007.jpg,0.0,,,,,
fsb_00008,ollama/gemma3-custom:latest_detailed,41.4,Salmon with Roasted Vegetables,Asian Chicken Salad,0.6508307814709765,0.0,0.0,0.0,0.0,0.7142857142857143,82.91215403128763,,0.0,84.0253342716397,6.4748201438848945,130.96774193548387,82.9787234042553,
fsb_00008,ollama/gemma3-custom:latest_step_by_step,8.94,Salmon with Roasted Vegetables,Asian Chicken Salad,0.6508307814709765,0.0,0.0,0.0,0.0,0.7142857142857143,87.00361010830326,,0.0,87.54398311048558,6.4748201438848945,133.5483870967742,100.0,
fsb_00008,ollama/gemma3-custom:latest_conservative,7.44,Pasta with Tomato Sauce,Asian Chicken Salad,0.577168656578745,0.25,0.0,0.18181818181818182,0.14285714285714285,0.5714285714285714,77.37665463297232,,0.0,57.283603096410985,554.6762589928056,3.225806451612903,89.36170212765957,
fsb_00008,ollama/gemma3-custom:latest_confident,6.44,Salmon with Roasted Vegetables,Asian Chicken Salad,0.6508307814709765,0.0,0.0,0.0,0.0,0.7142857142857143,85.80024067388689,,0.0,86.8402533427164,7.913669064748198,136.1290322580645,86.17021276595744,
fsb_00008,ollama/gemma3-custom:latest_canonical,6.37,Mixed Greens Salad,Asian Chicken Salad,0.763835505838601,0.0,0.14285714285714285,0.0,0.0,0.5714285714285714,78.6401925391095,,0.0,80.29556650246306,13.66906474820144,80.64516129032258,100.0,
fsb_00008,ollama/llava-custom:latest_detailed,122.31,Cabbage Salad,Asian Chicken Salad,0.7658565565535832,0.4,0.42857142857142855,0.3333333333333333,0.2857142857142857,0.7142857142857143,16.57641395908544,,0.0,0.7741027445460904,264.748201438849,40.645161290322584,52.12765957446809,
fsb_00008,ollama/llava-custom:latest_step_by_step,9.06,Cabbage Salad,Asian Chicken Salad,0.7658565565535832,0.4,0.42857142857142855,0.3333333333333333,0.2857142857142857,0.7142857142857143,22.77376654632972,,0.0,5.700211118930327,297.841726618705,47.09677419354839,57.446808510638306,
fsb_00008,ollama/llava-custom:latest_conservative,9.19,Cabbage Salad,Asian Chicken Salad,0.7658565565535832,0.4,0.42857142857142855,0.3333333333333333,0.2857142857142857,0.7142857142857143,40.94464500601685,,0.0,30.33075299085151,207.1942446043166,40.645161290322584,78.72340425531915,
fsb_00008,ollama/llava-custom:latest_confident,9.23,Cabbage Salad,Asian Chicken Salad,0.7658565565535832,0.4,0.42857142857142855,0.3333333333333333,0.2857142857142857,0.7142857142857143,53.15884476534297,,0.0,35.46798029556651,480.5755395683453,7.741935483870963,42.02127659574468,
fsb_00008,ollama/llava-custom:latest_canonical,6.63,Cabbage Salad,Asian Chicken Salad,0.7658565565535832,0.5,0.42857142857142855,0.36363636363636365,0.2857142857142857,0.5714285714285714,24.51865222623345,,0.0,9.21885995777621,261.15107913669067,40.0,68.08510638297872,
fsb_00008,ollama/ministral-3-custom:latest_detailed,48.87,Chicken Salad with Mixed Vegetables,Asian Chicken Salad,0.8571917153609183,0.8333333333333334,0.14285714285714285,0.7692307692307692,0.7142857142857143,0.8571428571428572,87.33453670276776,,0.0,72.76565798733287,252.51798561151077,249.03225806451613,52.12765957446809,
fsb_00008,ollama/ministral-3-custom:latest_step_by_step,11.23,Chicken Salad with Mixed Vegetables,Asian Chicken Salad,0.8571917153609183,0.8333333333333334,0.14285714285714285,0.7692307692307692,0.7142857142857143,0.8571428571428572,88.62815884476535,,0.0,72.76565798733287,266.90647482014384,263.8709677419355,52.12765957446809,
fsb_00008,ollama/ministral-3-custom:latest_conservative,12.55,Chicken Salad with Mixed Vegetables,Asian Chicken Salad,0.8571917153609183,0.5,0.0,0.4615384615384615,0.42857142857142855,0.8571428571428572,26.9554753309266,,0.0,13.300492610837441,43.88489208633093,218.70967741935482,62.76595744680851,
fsb_00008,ollama/ministral-3-custom:latest_confident,11.01,Chicken Salad with Mixed Vegetables,Asian Chicken Salad,0.8571917153609183,0.8333333333333334,0.14285714285714285,0.7692307692307692,0.7142857142857143,0.8571428571428572,61.34175691937425,,0.0,49.89444053483463,126.61870503597123,237.41935483870967,40.957446808510646,
fsb_00008,ollama/ministral-3-custom:latest_canonical,10.71,Chicken Salad with Mixed Vegetables,Asian Chicken Salad,0.8571917153609183,0.6,0.14285714285714285,0.5,0.42857142857142855,0.7142857142857143,25.361010830324915,,0.0,12.244897959183678,36.690647482014384,214.8387096774193,59.04255319148937,
fsb_00008,ollama/qwen3.5-custom:latest_detailed,56.46,,,0.0,0.0,0.0,0.0,0.0,0.0,,"JSON parsing error: 5 validation errors for FoodAnalysis
ingredients.0.fat
  Field required [type=missing, input_value={'name': 'napa cabbage mi...carbs': 9, 'protein': 1}, input_type=dict]
    For further information visit https://errors.pydantic.dev/2.11/v/missing
ingredients.1.fat
  Field required [type=missing, input_value={'name': 'red cabbage shr...s': 3.7, 'protein': 0.6}, input_type=dict]
    For further information visit https://errors.pydantic.dev/2.11/v/missing
ingredients.2.fat
  Field required [type=missing, input_value={'name': 'shredded carrot...s': 5.9, 'protein': 0.3}, input_type=dict]
    For further information visit https://errors.pydantic.dev/2.11/v/missing
ingredients.3.fat
  Field required [type=missing, input_value={'name': 'sweet corn kern...s': 3.7, 'protein': 0.6}, input_type=dict]
    For further information visit https://errors.pydantic.dev/2.11/v/missing
ingredients.4.fat
  Field required [type=missing, input_value={'name': 'fried tofu puff...carbs': 9, 'protein': 2}, input_type=dict]
    For further information visit https://errors.pydantic.dev/2.11/v/missing — raw output: '{""meal_name"":""Asian Slaw Salad"",""ingredients"":[{""name"":""napa cabbage mix"",""quantity"":150,""unit"":""g"",""calories"":42,""carbs"":9,""protein"":1},{""name"":""red cabbage shreds"",""quantity"":60,""unit"":""g"",""calories"":18,""carbs"":3.7,""protein"":0.6},{""name"":""shredded carrots"",""quantity"":50,""unit"":""g"",""calories"":24,""carbs"":5.9,""protein"":0.3},{""name"":""sweet corn kernels"",""quantity"":30,""unit"":""g"",""calories"":18,""carbs"":3.7,""protein"":0.6},{""name"":""fried tofu puffs/crackers"",""quantity"":40,""unit"":""g"",""calories"":52,""carbs"":9,""protein"":2}],""total_macros"":{""calories"":154,""carbs"":31.6,""protein"":4.5}}'",0.0,,,,,
fsb_00008,ollama/qwen3.5-custom:latest_step_by_step,33.12,,,0.0,0.0,0.0,0.0,0.0,0.0,,Empty response from model for fsb_00008.jpg,0.0,,,,,
fsb_00008,ollama/qwen3.5-custom:latest_conservative,32.59,,,0.0,0.0,0.0,0.0,0.0,0.0,,Empty response from model for fsb_00008.jpg,0.0,,,,,
fsb_00008,ollama/qwen3.5-custom:latest_confident,33.55,,,0.0,0.0,0.0,0.0,0.0,0.0,,Empty response from model for fsb_00008.jpg,0.0,,,,,
fsb_00008,ollama/qwen3.5-custom:latest_canonical,32.1,,,0.0,0.0,0.0,0.0,0.0,0.0,,Empty response from model for fsb_00008.jpg,0.0,,,,,
fsb_00009,ollama/gemma3-custom:latest_detailed,42.6,Chicken Fried Rice,Asian Meal with Fried Chicken and Rice,0.8746634068490596,0.3333333333333333,0.3333333333333333,0.3333333333333333,0.3333333333333333,1.0,35.9444093493367,,0.0,37.242955064737245,17.739403453689174,23.46938775510204,77.13004484304933,
fsb_00009,ollama/gemma3-custom:latest_step_by_step,8.58,Chicken with Rice and Vegetables,Asian Meal with Fried Chicken and Rice,0.8399578053967958,0.6,0.3333333333333333,0.5454545454545454,0.5,0.8333333333333334,15.792798483891346,,0.0,10.73876618431074,42.85714285714285,27.55102040816326,61.43497757847533,
fsb_00009,ollama/gemma3-custom:latest_conservative,7.6,Chicken with Rice,Asian Meal with Fried Chicken and Rice,0.8567144770235587,0.75,0.16666666666666666,0.6,0.5,0.6666666666666667,28.919772583701832,,0.0,30.845392231530845,15.227629513343802,0.0,74.88789237668162,
fsb_00009,ollama/gemma3-custom:latest_confident,5.88,Salmon with Vegetables,Asian Meal with Fried Chicken and Rice,0.6316817782705104,0.0,0.0,0.0,0.0,0.6666666666666667,39.03979785217941,,0.0,37.54760091393754,76.45211930926217,25.91836734693878,4.932735426008975,
fsb_00009,ollama/gemma3-custom:latest_canonical,6.96,Rice with Vegetables,Asian Meal with Fried Chicken and Rice,0.7505779319372266,0.25,0.0,0.2,0.16666666666666666,0.6666666666666667,57.094125078964,,0.0,58.72048743335873,7.378335949764525,83.87755102040816,92.37668161434978,
fsb_00009,ollama/llava-custom:latest_detailed,123.02,Asian Dinner,Asian Meal with Fried Chicken and Rice,0.8473089885419786,0.3333333333333333,0.0,0.3333333333333333,0.3333333333333333,1.0,35.89387239418825,,0.0,36.02437166793602,20.879120879120876,67.3469387755102,5.829596412556056,
fsb_00009,ollama/llava-custom:latest_step_by_step,10.35,Asian Dinner,Asian Meal with Fried Chicken and Rice,0.8473089885419786,0.3333333333333333,0.0,0.3333333333333333,0.3333333333333333,1.0,61.21288692356286,,0.0,58.87281035795887,60.125588697017264,120.40816326530613,3.139013452914795,
fsb_00009,ollama/llava-custom:latest_conservative,8.56,Asian Dinner,Asian Meal with Fried Chicken and Rice,0.8473089885419786,0.3333333333333333,0.0,0.3333333333333333,0.3333333333333333,1.0,28.111181301326592,,0.0,21.096725057121095,13.657770800627947,138.77551020408163,32.73542600896861,
fsb_00009,ollama/llava-custom:latest_confident,10.03,Asian Dinner,Asian Meal with Fried Chicken and Rice,0.8473089885419786,0.3333333333333333,0.0,0.3333333333333333,0.3333333333333333,1.0,57.62476310802275,,0.0,55.36938309215537,45.996860282574566,120.40816326530613,19.282511210762333,
fsb_00009,ollama/llava-custom:latest_canonical,7.67,Asian Dinner,Asian Meal with Fried Chicken and Rice,0.8473089885419786,0.5,0.0,0.4,0.3333333333333333,0.6666666666666667,11.181301326595072,,0.0,5.55978674790556,26.216640502354792,38.775510204081634,73.09417040358744,
fsb_00009,ollama/ministral-3-custom:latest_detailed,47.05,Fatt Chicken Rice Meal,Asian Meal with Fried Chicken and Rice,0.8401174105867646,0.3333333333333333,0.0,0.3333333333333333,0.3333333333333333,1.0,28.22488945041061,,0.0,25.818735719725815,65.46310832025118,13.26530612244898,25.560538116591925,
fsb_00009,ollama/ministral-3-custom:latest_step_by_step,11.48,Fatt Chicken Rice Meal,Asian Meal with Fried Chicken and Rice,0.8401174105867646,0.3333333333333333,0.0,0.3333333333333333,0.3333333333333333,1.0,33.30385344283007,,0.0,30.997715156131,63.89324960753532,7.5510204081632715,70.40358744394618,
fsb_00009,ollama/ministral-3-custom:latest_conservative,12.81,Fatt Chicken Rice Meal,Asian Meal with Fried Chicken and Rice,0.8401174105867646,0.3333333333333333,0.0,0.3333333333333333,0.3333333333333333,1.0,24.699936828806067,,0.0,21.85833968012186,60.125588697017264,22.448979591836736,12.107623318385647,
fsb_00009,ollama/ministral-3-custom:latest_confident,11.72,Fatt Chicken Rice Meal,Asian Meal with Fried Chicken and Rice,0.8401174105867646,0.3333333333333333,0.0,0.3333333333333333,0.3333333333333333,1.0,53.5312697409981,,0.0,48.819497334348824,155.88697017268444,2.4489795918367405,12.107623318385647,
fsb_00009,ollama/ministral-3-custom:latest_canonical,10.49,Fatt Chicken Rice Meal,Asian Meal with Fried Chicken and Rice,0.8401174105867646,0.0,0.3333333333333333,0.0,0.0,0.8333333333333334,13.051168667087806,,0.0,12.261995430312261,0.4709576138147522,23.265306122448976,49.77578475336322,
fsb_00009,ollama/qwen3.5-custom:latest_detailed,65.71,,,0.0,0.0,0.0,0.0,0.0,0.0,,Empty response from model for fsb_00009.jpg,0.0,,,,,
fsb_00009,ollama/qwen3.5-custom:latest_step_by_step,34.26,,,0.0,0.0,0.0,0.0,0.0,0.0,,Empty response from model for fsb_00009.jpg,0.0,,,,,
fsb_00009,ollama/qwen3.5-custom:latest_conservative,35.63,,,0.0,0.0,0.0,0.0,0.0,0.0,,Empty response from model for fsb_00009.jpg,0.0,,,,,
fsb_00009,ollama/qwen3.5-custom:latest_confident,36.61,,,0.0,0.0,0.0,0.0,0.0,0.0,,Empty response from model for fsb_00009.jpg,0.0,,,,,
fsb_00009,ollama/qwen3.5-custom:latest_canonical,31.76,,,0.0,0.0,0.0,0.0,0.0,0.0,,Empty response from model for fsb_00009.jpg,0.0,,,,,
fsb_00010,ollama/gemma3-custom:latest_detailed,43.53,Spring Rolls with Vegetables,Asian Plate with Spring Roll,0.7959406252909543,0.16666666666666666,0.2,0.1818181818181818,0.2,0.8,28.672316384180785,,0.0,28.897772701313535,15.18737672583827,77.44360902255639,24.528301886792452,
fsb_00010,ollama/gemma3-custom:latest_step_by_step,8.65,Salmon with Roasted Vegetables,Asian Plate with Spring Roll,0.5840281403590513,0.0,0.0,0.0,0.0,1.0,62.358757062146886,,0.0,52.19874357509995,69.0335305719921,173.68421052631578,226.41509433962264,
fsb_00010,ollama/gemma3-custom:latest_conservative,5.22,Salmon with Asparagus,Asian Plate with Spring Roll,0.6004174725711844,0.0,0.0,0.0,0.0,0.6,29.802259887005654,,0.0,12.507138777841236,92.1104536489152,178.1954887218045,116.98113207547169,
fsb_00010,ollama/gemma3-custom:latest_confident,7.26,Salmon with Roasted Vegetables,Asian Plate with Spring Roll,0.5840281403590513,0.0,0.0,0.0,0.0,0.8,30.343691148775903,,0.0,16.790405482581384,72.38658777120315,172.18045112781954,99.05660377358492,
fsb_00010,ollama/gemma3-custom:latest_canonical,6.71,Rice with Vegetables,Asian Plate with Spring Roll,0.6206870065471394,0.25,0.0,0.22222222222222224,0.2,0.8,21.04519774011299,,0.0,18.332381496287834,18.343195266272183,39.849624060150376,100.0,
fsb_00010,ollama/llava-custom:latest_detailed,110.7,Asian Rice and Fish,Asian Plate with Spring Roll,0.7171456852106495,0.5,0.0,0.28571428571428575,0.2,0.4,7.81544256120527,,0.0,0.057110222729865406,15.18737672583827,133.08270676691728,71.69811320754717,
fsb_00010,ollama/llava-custom:latest_step_by_step,4.83,Asian Rice and Fish,Asian Plate with Spring Roll,0.7171456852106495,0.5,0.0,0.28571428571428575,0.2,0.4,32.20338983050848,,0.0,31.92461450599658,15.18737672583827,72.93233082706766,71.69811320754717,
fsb_00010,ollama/llava-custom:latest_conservative,4.93,Rice and Chicken,Asian Plate with Spring Roll,0.6629723495109461,1.0,0.0,0.5714285714285715,0.4,0.4,19.96233521657251,,0.0,12.221587664191894,15.18737672583827,208.2706766917293,62.264150943396224,
fsb_00010,ollama/llava-custom:latest_confident,4.89,Asian Rice and Fish,Asian Plate with Spring Roll,0.7171456852106495,0.5,0.0,0.28571428571428575,0.2,0.4,7.3446327683615795,,0.0,0.057110222729865406,15.18737672583827,118.04511278195488,71.69811320754717,
fsb_00010,ollama/llava-custom:latest_canonical,3.65,Rice and Chicken,Asian Plate with Spring Roll,0.6629723495109461,1.0,0.0,0.5714285714285715,0.4,0.4,19.96233521657251,,0.0,12.221587664191894,15.18737672583827,208.2706766917293,62.264150943396224,
fsb_00010,ollama/ministral-3-custom:latest_detailed,47.9,Vietnamese Spring Rolls with Rice and Side Salad,Asian Plate with Spring Roll,0.7841868243825028,0.3333333333333333,0.2,0.3636363636363636,0.4,0.8,196.13935969868172,,0.0,200.97087378640776,187.96844181459565,70.6766917293233,233.01886792452828,
fsb_00010,ollama/ministral-3-custom:latest_step_by_step,10.6,Vietnamese Spring Rolls with Rice and Side Salad,Asian Plate with Spring Roll,0.7841868243825028,0.3333333333333333,0.4,0.3636363636363636,0.4,0.8,90.98399246704332,,0.0,91.31924614505998,112.82051282051282,0.7518796992481176,88.67924528301887,
fsb_00010,ollama/ministral-3-custom:latest_conservative,10.82,Vietnamese Spring Rolls with Rice and Side Salad,Asian Plate with Spring Roll,0.7841868243825028,0.2,0.2,0.20000000000000004,0.2,1.0,69.13841807909604,,0.0,71.33066818960594,50.49309664694279,5.2631578947368505,166.03773584905665,
fsb_00010,ollama/ministral-3-custom:latest_confident,10.85,Vietnamese Spring Rolls with Rice and Side Salad,Asian Plate with Spring Roll,0.7841868243825028,0.4,0.4,0.4000000000000001,0.4,1.0,94.3738229755179,,0.0,94.46030839520276,111.04536489151873,19.548872180451124,105.66037735849059,
fsb_00010,ollama/ministral-3-custom:latest_canonical,7.67,Pork Spring Roll with Rice and Vegetables,Asian Plate with Spring Roll,0.7852161990201336,0.5,0.4,0.4444444444444445,0.4,0.8,34.41619585687383,,0.0,32.49571673329527,54.24063116370809,4.511278195488732,40.566037735849065,
fsb_00010,ollama/qwen3.5-custom:latest_detailed,63.94,,,0.0,0.0,0.0,0.0,0.0,0.0,,Empty response from model for fsb_00010.jpg,0.0,,,,,
fsb_00010,ollama/qwen3.5-custom:latest_step_by_step,38.14,,,0.0,0.0,0.0,0.0,0.0,0.0,,Empty response from model for fsb_00010.jpg,0.0,,,,,
fsb_00010,ollama/qwen3.5-custom:latest_conservative,32.84,,,0.0,0.0,0.0,0.0,0.0,0.0,,Empty response from model for fsb_00010.jpg,0.0,,,,,
fsb_00010,ollama/qwen3.5-custom:latest_confident,32.99,,,0.0,0.0,0.0,0.0,0.0,0.0,,Empty response from model for fsb_00010.jpg,0.0,,,,,
fsb_00010,ollama/qwen3.5-custom:latest_canonical,35.69,,,0.0,0.0,0.0,0.0,0.0,0.0,,Empty response from model for fsb_00010.jpg,0.0,,,,,
fsb_00011,ollama/gemma3-custom:latest_detailed,41.48,Salmon with Roasted Vegetables,Assorted Sandwiches,0.5898481788240199,0.0,0.0,0.0,0.0,0.8333333333333334,46.293742458196874,,0.0,44.86010044070924,86.27243928194298,15.22248243559719,23.779193205944804,
fsb_00011,ollama/gemma3-custom:latest_step_by_step,8.92,Salmon with Roasted Vegetables,Assorted Sandwiches,0.5898481788240199,0.0,0.0,0.0,0.0,0.8333333333333334,46.86260989484573,,0.0,45.68002459772471,84.16050686378036,15.456674473067919,24.840764331210195,
fsb_00011,ollama/gemma3-custom:latest_conservative,8.41,Salmon with Roasted Vegetables,Assorted Sandwiches,0.5898481788240199,0.0,0.0,0.0,0.0,0.8333333333333334,61.77383209791416,,0.0,61.46356462027263,83.10454065469905,28.571428571428577,55.4140127388535,
fsb_00011,ollama/gemma3-custom:latest_confident,7.87,Salmon with Roasted Vegetables,Assorted Sandwiches,0.5898481788240199,0.0,0.0,0.0,0.0,0.8333333333333334,46.888467505602485,,0.0,45.68002459772471,85.21647307286166,14.05152224824356,24.628450106157114,
fsb_00011,ollama/gemma3-custom:latest_canonical,7.27,Salmon with Vegetables,Assorted Sandwiches,0.5859876112378117,0.0,0.0,0.0,0.0,0.6666666666666667,68.16066195483538,,0.0,68.33042943527724,84.16050686378036,25.995316159250585,70.70063694267516,
fsb_00011,ollama/llava-custom:latest_detailed,114.06,Club Sandwich,Assorted Sandwiches,0.7123531363430609,1.0,0.6666666666666666,0.9090909090909091,0.8333333333333334,0.8333333333333334,37.20910187898638,,0.0,33.893614840627244,57.76135163674763,33.2552693208431,68.15286624203821,
fsb_00011,ollama/llava-custom:latest_step_by_step,7.35,Club Sandwich,Assorted Sandwiches,0.7123531363430609,1.0,0.5,0.8,0.6666666666666666,0.6666666666666667,42.25133597655577,,0.0,39.018140821973965,63.04118268215417,34.42622950819673,74.52229299363057,
fsb_00011,ollama/llava-custom:latest_conservative,8.36,Club Sandwich,Assorted Sandwiches,0.7123531363430609,1.0,0.6666666666666666,0.9090909090909091,0.8333333333333334,0.8333333333333334,60.86881572142735,,0.0,62.180998257661166,54.5934530095037,29.742388758782205,74.52229299363057,
fsb_00011,ollama/llava-custom:latest_confident,6.94,Club Sandwich,Assorted Sandwiches,0.7123531363430609,1.0,0.6666666666666666,0.9090909090909091,0.8333333333333334,0.8333333333333334,39.57938286502327,,0.0,38.8131597827201,54.5934530095037,8.665105386416867,53.29087048832272,
fsb_00011,ollama/llava-custom:latest_canonical,7.44,Club Sandwich,Assorted Sandwiches,0.7123531363430609,0.75,0.3333333333333333,0.6,0.5,0.6666666666666667,65.17841751422169,,0.0,66.28061904273855,72.54487856388596,13.348946135831389,74.52229299363057,
fsb_00011,ollama/ministral-3-custom:latest_detailed,45.61,Club Sandwich,Assorted Sandwiches,0.7123531363430609,0.8333333333333334,0.16666666666666666,0.8333333333333334,0.8333333333333334,1.0,15.505947250474062,,0.0,11.345700522701655,16.473072861668435,69.08665105386417,51.167728237791934,
fsb_00011,ollama/ministral-3-custom:latest_step_by_step,10.68,Assorted Sandwiches with Vegetables,Assorted Sandwiches,0.9139605794400412,0.6,0.3333333333333333,0.5454545454545454,0.5,0.8333333333333334,54.63713152904673,,0.0,55.621605001537354,23.653643083421336,74.23887587822014,78.76857749469215,
fsb_00011,ollama/ministral-3-custom:latest_conservative,12.7,Classic Chicken Salad Sandwich,Assorted Sandwiches,0.6462714509637193,0.6666666666666666,0.0,0.6666666666666666,0.6666666666666666,1.0,47.733149456990176,,0.0,48.65224966690581,46.25131995776135,5.1522248243559785,70.27600849256899,
fsb_00011,ollama/ministral-3-custom:latest_confident,10.63,Club Sandwich,Assorted Sandwiches,0.7123531363430609,0.5,0.5,0.5,0.5,1.0,30.968798483020173,,0.0,32.766219124730966,14.783526927138332,1.6393442622950887,52.86624203821656,
fsb_00011,ollama/ministral-3-custom:latest_canonical,10.56,Sandwich Platter,Assorted Sandwiches,0.7606378136698428,0.6,0.5,0.5454545454545454,0.5,0.8333333333333334,50.89639717290123,,0.0,52.23941785384852,19.640971488912363,58.78220140515222,78.76857749469215,
fsb_00011,ollama/qwen3.5-custom:latest_detailed,63.68,,,0.0,0.0,0.0,0.0,0.0,0.0,,Empty response from model for fsb_00011.jpg,0.0,,,,,
fsb_00011,ollama/qwen3.5-custom:latest_step_by_step,32.54,,,0.0,0.0,0.0,0.0,0.0,0.0,,Empty response from model for fsb_00011.jpg,0.0,,,,,
fsb_00011,ollama/qwen3.5-custom:latest_conservative,34.31,,,0.0,0.0,0.0,0.0,0.0,0.0,,Empty response from model for fsb_00011.jpg,0.0,,,,,
fsb_00011,ollama/qwen3.5-custom:latest_confident,31.38,,,0.0,0.0,0.0,0.0,0.0,0.0,,Empty response from model for fsb_00011.jpg,0.0,,,,,
fsb_00011,ollama/qwen3.5-custom:latest_canonical,32.01,,,0.0,0.0,0.0,0.0,0.0,0.0,,Empty response from model for fsb_00011.jpg,0.0,,,,,
fsb_00012,ollama/gemma3-custom:latest_detailed,40.97,Salmon Nigiri,Assorted Sushi Platter,0.5734945021134514,0.3333333333333333,0.0,0.28571428571428575,0.25,0.75,68.45022383287144,,0.0,69.40336562978072,59.860383944153575,61.63141993957705,74.91749174917493,
fsb_00012,ollama/gemma3-custom:latest_step_by_step,5.41,Salmon Nigiri,Assorted Sushi Platter,0.5734945021134514,0.5,0.25,0.3333333333333333,0.25,0.5,71.45597953528032,,0.0,71.95308516063234,66.84118673647468,67.5226586102719,75.9075907590759,
fsb_00012,ollama/gemma3-custom:latest_conservative,5.38,Salmon Nigiri,Assorted Sushi Platter,0.5734945021134514,0.5,0.25,0.3333333333333333,0.25,0.5,72.50053293540823,,0.0,72.59051504334522,63.35078534031413,77.34138972809667,76.89768976897689,
fsb_00012,ollama/gemma3-custom:latest_confident,3.77,Salmon Nigiri,Assorted Sushi Platter,0.5734945021134514,0.5,0.25,0.3333333333333333,0.25,0.5,72.71370709869963,,0.0,72.59051504334522,66.84118673647468,77.34138972809667,76.89768976897689,
fsb_00012,ollama/gemma3-custom:latest_canonical,5.12,Salmon Nigiri,Assorted Sushi Platter,0.5734945021134514,0.5,0.25,0.3333333333333333,0.25,0.5,62.90769558729482,,0.0,63.666496685364606,40.6631762652705,66.76737160120845,76.89768976897689,
fsb_00012,ollama/llava-custom:latest_detailed,121.67,,,0.0,0.0,0.0,0.0,0.0,0.0,,"JSON parsing error: 1 validation error for FoodAnalysis
meal_name
  Field required [type=missing, input_value={'meal\\_name': 'Sushi', ...in': 42.0, 'fat': 14.0}}, input_type=dict]
    For further information visit https://errors.pydantic.dev/2.11/v/missing — raw output: '{\n""meal\\_name"": ""Sushi"",\n""ingredients"": [\n{""name"": ""sushi rice"", ""quantity"": 100, ""unit"": ""g"", ""calories"": 250, ""carbs"": 48, ""protein"": 3, ""fat"": 0},\n{""name"": ""raw fish (likely salmon)"", ""quantity"": 60, ""unit"": ""g"", ""calories"": 190, ""carbs"": 2, ""protein"": 35, ""fat"": 4},\n{""name"": ""seaweed"", ""quantity"": 10, ""unit"": ""g"", ""calories"": 6, ""carbs"": 1, ""protein"": 0.5, ""fat"": 0},\n{""name"": ""avocado"", ""quantity"": 20, ""unit"": ""g"", ""calories"": 90, ""carbs"": 4, ""protein"": 3, ""fat"": 10},\n{""name"": ""orange topping (likely wasabi)"", ""quantity"": 5, ""unit"": ""g"", ""calories"": 2, ""carbs"": 0.5, ""protein"": 0.5, ""fat"": 0}\n],\n""total\\_macros"": {\n""calories"": 497,\n""carbs"": 61,\n""protein"": 38,\n""fat"": 2\n}\n}'",0.0,,,,,
fsb_00012,ollama/llava-custom:latest_step_by_step,7.02,Sushi,Assorted Sushi Platter,0.7310915536496096,0.3333333333333333,0.0,0.28571428571428575,0.25,0.75,45.00106587081646,,0.0,45.43600203977562,14.485165794066312,41.842900302114806,98.34983498349835,
fsb_00012,ollama/llava-custom:latest_conservative,6.3,Sushi,Assorted Sushi Platter,0.7310915536496096,0.3333333333333333,0.0,0.28571428571428575,0.25,0.75,45.00106587081646,,0.0,45.43600203977562,14.485165794066312,41.842900302114806,98.34983498349835,
fsb_00012,ollama/llava-custom:latest_confident,5.82,Sushi,Assorted Sushi Platter,0.7310915536496096,0.25,0.0,0.25,0.25,1.0,43.828607972713705,,0.0,44.67108618052014,12.739965095986033,41.08761329305136,86.79867986798679,
fsb_00012,ollama/llava-custom:latest_canonical,4.98,Sushi,Assorted Sushi Platter,0.7310915536496096,0.0,0.0,0.0,0.0,0.5,43.29567256448519,,0.0,43.26874043855176,17.975567190226872,48.6404833836858,80.19801980198021,
fsb_00012,ollama/ministral-3-custom:latest_detailed,50.46,Assorted Sushi Rolls,Assorted Sushi Platter,0.8889002137236932,0.3333333333333333,0.0,0.4,0.5,0.5,158.62289490513749,,0.0,155.8643549209587,272.7748691099477,26.586102719033235,302.64026402640263,
fsb_00012,ollama/ministral-3-custom:latest_step_by_step,11.19,Assorted Sushi Platter,Assorted Sushi Platter,1.0000000000000009,0.5,0.5,0.6,0.75,0.5,117.74674909400981,,0.0,124.63029066802653,2.9668411867364797,60.574018126888205,281.5181518151815,
fsb_00012,ollama/ministral-3-custom:latest_conservative,12.6,Assorted Sushi Rolls,Assorted Sushi Platter,0.8889002137236932,0.16666666666666666,0.25,0.2,0.25,0.5,38.62715838840332,,0.0,39.21468638449771,2.9668411867364797,79.15407854984893,2.310231023102308,
fsb_00012,ollama/ministral-3-custom:latest_confident,9.08,Assorted Sushi Rolls,Assorted Sushi Platter,0.8889002137236932,0.4,0.25,0.4444444444444445,0.5,0.75,68.62076316350459,,0.0,64.45690973992862,144.32809773123913,73.71601208459214,22.11221122112211,
fsb_00012,ollama/ministral-3-custom:latest_canonical,10.84,Assorted Sushi Rolls,Assorted Sushi Platter,0.8889002137236932,0.4,0.25,0.4444444444444445,0.5,0.75,31.592410999786825,,0.0,32.43243243243243,53.57766143106457,0.755287009063444,35.64356435643565,
fsb_00012,ollama/qwen3.5-custom:latest_detailed,62.75,,,0.0,0.0,0.0,0.0,0.0,0.0,,Empty response from model for fsb_00012.jpg,0.0,,,,,
fsb_00012,ollama/qwen3.5-custom:latest_step_by_step,31.71,,,0.0,0.0,0.0,0.0,0.0,0.0,,Empty response from model for fsb_00012.jpg,0.0,,,,,
fsb_00012,ollama/qwen3.5-custom:latest_conservative,36.66,,,0.0,0.0,0.0,0.0,0.0,0.0,,Empty response from model for fsb_00012.jpg,0.0,,,,,
fsb_00012,ollama/qwen3.5-custom:latest_confident,36.31,,,0.0,0.0,0.0,0.0,0.0,0.0,,Empty response from model for fsb_00012.jpg,0.0,,,,,
fsb_00012,ollama/qwen3.5-custom:latest_canonical,33.28,,,0.0,0.0,0.0,0.0,0.0,0.0,,Empty response from model for fsb_00012.jpg,0.0,,,,,
fsb_00013,ollama/gemma3-custom:latest_detailed,39.65,Avocado Toast,Avocado and Egg Salad,0.775340299080095,0.5,0.3333333333333333,0.4,0.3333333333333333,0.6666666666666667,29.463869463869464,,0.0,19.786096256684495,434.24657534246575,36.30573248407643,46.875,
fsb_00013,ollama/gemma3-custom:latest_step_by_step,5.15,Avocado Toast,Avocado and Egg Salad,0.775340299080095,0.5,0.3333333333333333,0.4,0.3333333333333333,0.6666666666666667,29.93006993006993,,0.0,19.786096256684495,434.24657534246575,42.67515923566879,50.0,
fsb_00013,ollama/gemma3-custom:latest_conservative,5.66,Avocado Toast,Avocado and Egg Salad,0.775340299080095,0.5,0.3333333333333333,0.4,0.3333333333333333,0.6666666666666667,29.463869463869464,,0.0,19.786096256684495,434.24657534246575,36.30573248407643,46.875,
fsb_00013,ollama/gemma3-custom:latest_confident,5.3,Avocado Toast,Avocado and Egg Salad,0.775340299080095,0.5,0.3333333333333333,0.4,0.3333333333333333,0.6666666666666667,29.463869463869464,,0.0,19.786096256684495,406.8493150684931,36.30573248407643,53.125,
fsb_00013,ollama/gemma3-custom:latest_canonical,5.35,Avocado Toast,Avocado and Egg Salad,0.775340299080095,0.5,0.3333333333333333,0.4,0.3333333333333333,0.6666666666666667,49.277389277389275,,0.0,41.17647058823529,352.05479452054794,61.78343949044586,68.75,
fsb_00013,ollama/llava-custom:latest_detailed,114.75,Eggs with Spinach,Avocado and Egg Salad,0.7583643134611175,0.5,0.3333333333333333,0.4,0.3333333333333333,0.6666666666666667,74.35897435897436,,0.0,75.1336898395722,41.095890410958916,50.955414012738856,84.375,
fsb_00013,ollama/llava-custom:latest_step_by_step,5.4,Eggs with Spinach,Avocado and Egg Salad,0.7583643134611175,0.5,0.3333333333333333,0.4,0.3333333333333333,0.6666666666666667,74.35897435897436,,0.0,75.1336898395722,41.095890410958916,50.955414012738856,84.375,
fsb_00013,ollama/llava-custom:latest_conservative,3.58,Eggs and Spinach,Avocado and Egg Salad,0.7612043644112835,0.5,0.3333333333333333,0.4,0.3333333333333333,0.6666666666666667,74.35897435897436,,0.0,75.1336898395722,41.095890410958916,50.955414012738856,84.375,
fsb_00013,ollama/llava-custom:latest_confident,5.17,Eggs and Spinach,Avocado and Egg Salad,0.7612043644112835,0.5,0.3333333333333333,0.4,0.3333333333333333,0.6666666666666667,74.35897435897436,,0.0,75.1336898395722,41.095890410958916,50.955414012738856,84.375,
fsb_00013,ollama/llava-custom:latest_canonical,5.12,Eggs and Spinach,Avocado and Egg Salad,0.7612043644112835,0.5,0.3333333333333333,0.4,0.3333333333333333,0.6666666666666667,72.63403263403264,,0.0,73.79679144385027,12.328767123287664,49.044585987261144,84.375,
fsb_00013,ollama/ministral-3-custom:latest_detailed,42.38,Scrambled Eggs with Zucchini,Avocado and Egg Salad,0.7720057791740158,0.5,0.0,0.4,0.3333333333333333,0.6666666666666667,33.1002331002331,,0.0,32.62032085561498,49.31506849315068,22.29299363057325,40.31249999999999,
fsb_00013,ollama/ministral-3-custom:latest_step_by_step,5.24,Scrambled Eggs with Zucchini,Avocado and Egg Salad,0.7720057791740158,0.5,0.0,0.4,0.3333333333333333,0.6666666666666667,32.86713286713287,,0.0,32.62032085561498,49.31506849315068,22.29299363057325,37.18749999999999,
fsb_00013,ollama/ministral-3-custom:latest_conservative,6.82,Scrambled Eggs with Zucchini,Avocado and Egg Salad,0.7720057791740158,0.5,0.0,0.4,0.3333333333333333,0.6666666666666667,31.864801864801866,,0.0,31.550802139037433,36.986301369863014,26.751592356687894,36.875,
fsb_00013,ollama/ministral-3-custom:latest_confident,10.23,Zucchini Noodles with Creamy Egg and Cheese,Avocado and Egg Salad,0.705469229713798,0.25,0.0,0.28571428571428575,0.3333333333333333,0.6666666666666667,15.874125874125872,,0.0,13.903743315508022,16.438356164383563,35.031847133757964,29.374999999999996,
fsb_00013,ollama/ministral-3-custom:latest_canonical,4.91,Zucchini Noodles with Egg,Avocado and Egg Salad,0.729035770298227,0.5,0.3333333333333333,0.4,0.3333333333333333,0.6666666666666667,52.21445221445221,,0.0,53.475935828877006,4.109589041095888,7.643312101910824,70.3125,
fsb_00013,ollama/qwen3.5-custom:latest_detailed,62.22,,,0.0,0.0,0.0,0.0,0.0,0.0,,Empty response from model for fsb_00013.jpg,0.0,,,,,
fsb_00013,ollama/qwen3.5-custom:latest_step_by_step,33.74,,,0.0,0.0,0.0,0.0,0.0,0.0,,Empty response from model for fsb_00013.jpg,0.0,,,,,
fsb_00013,ollama/qwen3.5-custom:latest_conservative,33.42,,,0.0,0.0,0.0,0.0,0.0,0.0,,Empty response from model for fsb_00013.jpg,0.0,,,,,
fsb_00013,ollama/qwen3.5-custom:latest_confident,33.12,,,0.0,0.0,0.0,0.0,0.0,0.0,,Empty response from model for fsb_00013.jpg,0.0,,,,,
fsb_00013,ollama/qwen3.5-custom:latest_canonical,32.31,,,0.0,0.0,0.0,0.0,0.0,0.0,,Empty response from model for fsb_00013.jpg,0.0,,,,,
fsb_00014,ollama/gemma3-custom:latest_detailed,40.65,Grilled Cheese Sandwich,Avocado and Toast,0.6176623159642298,0.0,0.0,0.0,0.0,0.6666666666666667,30.871212121212118,,0.0,29.130269654386627,13.793103448275856,142.85714285714286,53.846153846153854,
fsb_00014,ollama/gemma3-custom:latest_step_by_step,3.76,Toast with Avocado,Avocado and Toast,0.9723354844145131,0.5,0.3333333333333333,0.4,0.3333333333333333,0.6666666666666667,15.530303030303024,,0.0,13.938473224458786,12.068965517241388,42.857142857142854,45.29914529914531,
fsb_00014,ollama/gemma3-custom:latest_conservative,5.3,Toast with Avocado,Avocado and Toast,0.9723354844145131,0.5,0.3333333333333333,0.4,0.3333333333333333,0.6666666666666667,15.214646464646469,,0.0,16.44511963539689,6.321839080459779,0.0,23.076923076923073,
fsb_00014,ollama/gemma3-custom:latest_confident,5.49,Grilled Cheese Sandwich,Avocado and Toast,0.6176623159642298,0.0,0.0,0.0,0.0,0.6666666666666667,30.871212121212118,,0.0,29.130269654386627,13.793103448275856,142.85714285714286,53.846153846153854,
fsb_00014,ollama/gemma3-custom:latest_canonical,6.26,Pasta with Tomato Sauce,Avocado and Toast,0.5173755068428856,0.0,0.0,0.0,0.0,1.0,84.31186868686868,,0.0,72.42688947968097,161.49425287356325,152.85714285714283,81.19658119658119,
fsb_00014,ollama/llava-custom:latest_detailed,112.5,Avocado Toast,Avocado and Toast,0.9689053425470798,0.5,0.3333333333333333,0.4,0.3333333333333333,0.6666666666666667,99.3371212121212,,0.0,99.01253323205468,101.14942528735634,21.428571428571427,147.86324786324786,
fsb_00014,ollama/llava-custom:latest_step_by_step,5.09,Avocado Toast,Avocado and Toast,0.9689053425470798,0.5,0.3333333333333333,0.4,0.3333333333333333,0.6666666666666667,99.3371212121212,,0.0,99.01253323205468,101.14942528735634,21.428571428571427,147.86324786324786,
fsb_00014,ollama/llava-custom:latest_conservative,5.07,Avocado Toast,Avocado and Toast,0.9689053425470798,0.5,0.3333333333333333,0.4,0.3333333333333333,0.6666666666666667,60.92171717171717,,0.0,64.07140144322065,19.540229885057485,2.85714285714286,147.86324786324786,
fsb_00014,ollama/llava-custom:latest_confident,3.53,Avocado Toast,Avocado and Toast,0.9689053425470798,0.5,0.3333333333333333,0.4,0.3333333333333333,0.6666666666666667,86.86868686868686,,0.0,83.82073680212685,89.65517241379311,71.42857142857143,156.41025641025644,
fsb_00014,ollama/llava-custom:latest_canonical,5.22,Avocado Toast,Avocado and Toast,0.9689053425470798,0.5,0.3333333333333333,0.4,0.3333333333333333,0.6666666666666667,60.92171717171717,,0.0,64.07140144322065,19.540229885057485,2.85714285714286,147.86324786324786,
fsb_00014,ollama/ministral-3-custom:latest_detailed,42.69,Grilled Avocado with Toasted Bread,Avocado and Toast,0.8966746819256592,0.5,0.0,0.4,0.3333333333333333,0.6666666666666667,81.43939393939394,,0.0,82.30155715913406,69.54022988505749,71.42857142857143,103.41880341880344,
fsb_00014,ollama/ministral-3-custom:latest_step_by_step,6.52,Grilled Avocado with Toast,Avocado and Toast,0.9209451337482364,0.5,0.0,0.4,0.3333333333333333,0.6666666666666667,81.66035353535352,,0.0,82.30155715913406,72.41379310344828,71.42857142857143,100.85470085470088,
fsb_00014,ollama/ministral-3-custom:latest_conservative,5.05,Grilled Avocado with Toast,Avocado and Toast,0.9209451337482364,0.5,0.0,0.4,0.3333333333333333,0.6666666666666667,61.42676767676767,,0.0,62.172426889479674,43.67816091954025,42.857142857142854,108.54700854700855,
fsb_00014,ollama/ministral-3-custom:latest_confident,6.71,Grilled Avocado with Toasted Bread,Avocado and Toast,0.8966746819256592,0.5,0.0,0.4,0.3333333333333333,0.6666666666666667,59.24873737373737,,0.0,61.41283706798328,32.18390804597702,42.857142857142854,100.85470085470088,
fsb_00014,ollama/ministral-3-custom:latest_canonical,6.52,Grilled Avocado with Toast,Avocado and Toast,0.9209451337482364,0.5,0.3333333333333333,0.4,0.3333333333333333,0.6666666666666667,83.55429292929293,,0.0,84.20053171287503,69.54022988505749,71.42857142857143,117.94871794871796,
fsb_00014,ollama/qwen3.5-custom:latest_detailed,61.55,,,0.0,0.0,0.0,0.0,0.0,0.0,,Empty response from model for fsb_00014.jpg,0.0,,,,,
fsb_00014,ollama/qwen3.5-custom:latest_step_by_step,34.37,,,0.0,0.0,0.0,0.0,0.0,0.0,,Empty response from model for fsb_00014.jpg,0.0,,,,,
fsb_00014,ollama/qwen3.5-custom:latest_conservative,33.89,,,0.0,0.0,0.0,0.0,0.0,0.0,,Empty response from model for fsb_00014.jpg,0.0,,,,,
fsb_00014,ollama/qwen3.5-custom:latest_confident,34.41,,,0.0,0.0,0.0,0.0,0.0,0.0,,Empty response from model for fsb_00014.jpg,0.0,,,,,
fsb_00014,ollama/qwen3.5-custom:latest_canonical,30.81,,,0.0,0.0,0.0,0.0,0.0,0.0,,Empty response from model for fsb_00014.jpg,0.0,,,,,
fsb_00015,ollama/gemma3-custom:latest_detailed,42.05,Salmon with Roasted Vegetables,Avocado Toast,0.584012365157028,0.0,0.0,0.0,0.0,0.6666666666666667,49.55398338972624,,0.0,43.77452729218694,31.216931216931208,850.0000000000002,0.9049773755656236,
fsb_00015,ollama/gemma3-custom:latest_step_by_step,6.31,Salmon with Asparagus,Avocado Toast,0.6115560714126658,0.0,0.0,0.0,0.0,1.0,79.23715779760072,,0.0,71.24509454156261,78.83597883597884,794.7368421052632,57.91855203619908,
fsb_00015,ollama/gemma3-custom:latest_conservative,6.04,Lentil Soup,Avocado Toast,0.5540127904218387,0.0,0.0,0.0,0.0,0.33333333333333337,83.97416179637034,,0.0,61.25579735997145,296.82539682539687,657.8947368421053,91.4027149321267,
fsb_00015,ollama/gemma3-custom:latest_confident,6.87,Spinach Salad with Strawberries,Avocado Toast,0.6062341228415352,0.0,0.0,0.0,0.0,0.6666666666666667,22.60842817594586,,0.0,19.01534070638602,15.343915343915338,215.78947368421052,41.1764705882353,
fsb_00015,ollama/gemma3-custom:latest_canonical,5.53,Salmon with Asparagus,Avocado Toast,0.6115560714126658,0.0,0.0,0.0,0.0,0.6666666666666667,36.57336204244848,,0.0,23.082411701748125,78.83597883597884,926.3157894736843,18.552036199095028,
fsb_00015,ollama/llava-custom:latest_detailed,113.24,Sandwich with Spinach Pesto,Avocado Toast,0.6324579732590883,0.5,0.0,0.4,0.3333333333333333,0.6666666666666667,20.824361734850818,,0.0,6.528719229397079,143.3862433862434,110.5263157894737,81.90045248868778,
fsb_00015,ollama/llava-custom:latest_step_by_step,5.33,Sandwich with Spinach Pesto,Avocado Toast,0.6324579732590883,0.5,0.0,0.4,0.3333333333333333,0.6666666666666667,20.824361734850818,,0.0,6.528719229397079,143.3862433862434,110.5263157894737,81.90045248868778,
fsb_00015,ollama/llava-custom:latest_conservative,6.37,Sandwich with Spinach and Pesto,Avocado Toast,0.6360470667585625,0.3333333333333333,0.0,0.3333333333333333,0.3333333333333333,1.0,15.595201476468773,,0.0,2.0335354976810516,148.67724867724868,47.368421052631575,68.32579185520362,
fsb_00015,ollama/llava-custom:latest_confident,3.22,Sandwich with Spinach Pesto,Avocado Toast,0.6324579732590883,0.5,0.0,0.4,0.3333333333333333,0.6666666666666667,20.824361734850818,,0.0,6.528719229397079,143.3862433862434,110.5263157894737,81.90045248868778,
fsb_00015,ollama/llava-custom:latest_canonical,5.15,Sandwich with Spinach and Pesto,Avocado Toast,0.6360470667585625,0.5,0.0,0.4,0.3333333333333333,0.6666666666666667,41.00276837896032,,0.0,32.21548341063147,106.34920634920637,21.052631578947363,100.0,
fsb_00015,ollama/ministral-3-custom:latest_detailed,49.76,Avocado and Mushroom Toast,Avocado Toast,0.9400066446534485,0.3333333333333333,0.3333333333333333,0.4444444444444444,0.6666666666666666,0.0,30.91356505690556,,0.0,19.51480556546557,143.3862433862434,250.0,41.6289592760181,
fsb_00015,ollama/ministral-3-custom:latest_step_by_step,9.12,Avocado and Mushroom Toast,Avocado Toast,0.9400066446534485,0.4,0.3333333333333333,0.5,0.6666666666666666,0.33333333333333337,18.179021839434018,,0.0,2.3902961113093073,148.67724867724868,260.5263157894737,65.15837104072398,
fsb_00015,ollama/ministral-3-custom:latest_conservative,11.04,Avocado and Mushroom Toast,Avocado Toast,0.9400066446534485,0.4,0.3333333333333333,0.5,0.6666666666666666,0.33333333333333337,16.82559212549985,,0.0,4.388155547627546,111.64021164021165,207.89473684210526,60.63348416289593,
fsb_00015,ollama/ministral-3-custom:latest_confident,10.86,Avocado and Mushroom Toast,Avocado Toast,0.9400066446534485,0.4,0.3333333333333333,0.5,0.6666666666666666,0.33333333333333337,15.687480775146112,,0.0,1.8908312522297577,122.22222222222223,242.10526315789474,60.63348416289593,
fsb_00015,ollama/ministral-3-custom:latest_canonical,7.81,Avocado and Mushroom Sandwich,Avocado Toast,0.7738200836756025,0.6666666666666666,0.3333333333333333,0.6666666666666666,0.6666666666666666,1.0,53.491233466625644,,0.0,45.91509097395647,180.42328042328043,215.78947368421052,13.122171945701366,
fsb_00015,ollama/qwen3.5-custom:latest_detailed,61.88,,,0.0,0.0,0.0,0.0,0.0,0.0,,Empty response from model for fsb_00015.jpg,0.0,,,,,
fsb_00015,ollama/qwen3.5-custom:latest_step_by_step,33.92,,,0.0,0.0,0.0,0.0,0.0,0.0,,Empty response from model for fsb_00015.jpg,0.0,,,,,
fsb_00015,ollama/qwen3.5-custom:latest_conservative,31.59,,,0.0,0.0,0.0,0.0,0.0,0.0,,Empty response from model for fsb_00015.jpg,0.0,,,,,
fsb_00015,ollama/qwen3.5-custom:latest_confident,32.69,,,0.0,0.0,0.0,0.0,0.0,0.0,,Empty response from model for fsb_00015.jpg,0.0,,,,,
fsb_00015,ollama/qwen3.5-custom:latest_canonical,32.67,,,0.0,0.0,0.0,0.0,0.0,0.0,,Empty response from model for fsb_00015.jpg,0.0,,,,,
fsb_00016,ollama/gemma3-custom:latest_detailed,46.15,Salmon with Roasted Vegetables,Avocado Bacon Salad,0.6003389693263439,0.0,0.0,0.0,0.0,0.75,157.95360397680196,,0.0,153.77358490566039,145.28301886792454,713.6363636363636,82.23350253807106,
fsb_00016,ollama/gemma3-custom:latest_step_by_step,8.87,Salmon with Roasted Vegetables,Avocado Bacon Salad,0.6003389693263439,0.0,0.0,0.0,0.0,0.75,158.16072908036455,,0.0,152.35849056603774,201.88679245283018,727.2727272727273,81.72588832487308,
fsb_00016,ollama/gemma3-custom:latest_conservative,6.81,Salmon with Asparagus,Avocado Bacon Salad,0.5761013501775347,0.0,0.0,0.0,0.0,0.75,57.870753935376975,,0.0,53.77358490566038,5.660377358490563,559.0909090909091,4.0609137055837605,
fsb_00016,ollama/gemma3-custom:latest_confident,6.76,Salmon with Asparagus,Avocado Bacon Salad,0.5761013501775347,0.0,0.0,0.0,0.0,1.0,96.60314830157417,,0.0,92.45283018867924,5.660377358490563,695.4545454545454,31.979695431472088,
fsb_00016,ollama/gemma3-custom:latest_canonical,5.66,Salad with Lettuce and Tomatoes,Avocado Bacon Salad,0.7177621456509545,0.5,0.25,0.3333333333333333,0.25,0.5,81.85584092792047,,0.0,82.54716981132076,32.07547169811321,31.818181818181824,98.98477157360406,
fsb_00016,ollama/llava-custom:latest_detailed,119.0,Salad,Avocado Bacon Salad,0.7404643191016607,1.0,0.25,0.8571428571428571,0.75,0.75,35.87406793703396,,0.0,32.075471698113205,258.49056603773585,59.09090909090908,11.675126903553304,
fsb_00016,ollama/llava-custom:latest_step_by_step,7.36,Salad,Avocado Bacon Salad,0.7404643191016607,1.0,0.25,0.8571428571428571,0.75,0.75,18.227009113504554,,0.0,12.735849056603774,164.1509433962264,59.09090909090908,28.934010152284262,
fsb_00016,ollama/llava-custom:latest_conservative,6.27,Salad,Avocado Bacon Salad,0.7404643191016607,1.0,0.25,0.8571428571428571,0.75,0.75,35.87406793703396,,0.0,32.075471698113205,258.49056603773585,59.09090909090908,11.675126903553304,
fsb_00016,ollama/llava-custom:latest_confident,6.26,Salad,Avocado Bacon Salad,0.7404643191016607,1.0,0.5,0.8571428571428571,0.75,0.75,39.602319801159894,,0.0,39.15094339622642,145.28301886792454,59.09090909090908,11.675126903553304,
fsb_00016,ollama/llava-custom:latest_canonical,5.03,Salad,Avocado Bacon Salad,0.7404643191016607,1.0,0.25,0.6666666666666666,0.5,0.5,7.456503728251864,,0.0,3.30188679245283,88.67924528301887,13.636363636363628,28.934010152284262,
fsb_00016,ollama/ministral-3-custom:latest_detailed,53.26,Grilled Chicken Caesar Salad with Avocado,Avocado Bacon Salad,0.7983304397975226,0.3333333333333333,0.0,0.4,0.5,0.5,131.89726594863296,,0.0,122.1698113207547,198.11320754716982,852.2727272727271,57.868020304568546,
fsb_00016,ollama/ministral-3-custom:latest_step_by_step,12.81,Grilled Chicken Caesar Salad with Avocado,Avocado Bacon Salad,0.7983304397975226,0.5,0.25,0.6,0.75,0.5,125.31068765534383,,0.0,112.26415094339623,107.54716981132076,811.3636363636364,117.25888324873095,
fsb_00016,ollama/ministral-3-custom:latest_conservative,11.17,Grilled Chicken Caesar Salad with Avocado,Avocado Bacon Salad,0.7983304397975226,0.3333333333333333,0.0,0.4,0.5,0.5,124.68931234465617,,0.0,115.56603773584906,250.9433962264151,836.3636363636364,29.949238578680216,
fsb_00016,ollama/ministral-3-custom:latest_confident,12.91,Grilled Chicken Caesar Salad with Avocado,Avocado Bacon Salad,0.7983304397975226,0.5,0.25,0.6,0.75,0.5,177.6719138359569,,0.0,170.2830188679245,111.32075471698113,888.6363636363636,116.24365482233503,
fsb_00016,ollama/ministral-3-custom:latest_canonical,8.19,Grilled Avocado and Bacon Salad,Avocado Bacon Salad,0.9311048072043393,1.0,0.5,0.8571428571428571,0.75,0.75,52.94117647058824,,0.0,51.886792452830186,88.67924528301887,163.6363636363636,29.949238578680216,
fsb_00016,ollama/qwen3.5-custom:latest_detailed,62.26,,,0.0,0.0,0.0,0.0,0.0,0.0,,Empty response from model for fsb_00016.jpg,0.0,,,,,
fsb_00016,ollama/qwen3.5-custom:latest_step_by_step,33.0,,,0.0,0.0,0.0,0.0,0.0,0.0,,Empty response from model for fsb_00016.jpg,0.0,,,,,
fsb_00016,ollama/qwen3.5-custom:latest_conservative,35.39,,,0.0,0.0,0.0,0.0,0.0,0.0,,Empty response from model for fsb_00016.jpg,0.0,,,,,
fsb_00016,ollama/qwen3.5-custom:latest_confident,33.36,,,0.0,0.0,0.0,0.0,0.0,0.0,,Empty response from model for fsb_00016.jpg,0.0,,,,,
fsb_00016,ollama/qwen3.5-custom:latest_canonical,31.24,,,0.0,0.0,0.0,0.0,0.0,0.0,,Empty response from model for fsb_00016.jpg,0.0,,,,,
fsb_00017,ollama/gemma3-custom:latest_detailed,45.72,Scrambled Eggs with Vegetables,Avocado Omelette,0.681452498246969,0.25,0.25,0.25,0.25,1.0,45.36748862820206,,0.0,46.507760532150776,5.434782608695652,22.448979591836743,59.7864768683274,
fsb_00017,ollama/gemma3-custom:latest_step_by_step,6.37,Omelette with Vegetables,Avocado Omelette,0.8362108709108745,0.4,0.25,0.4444444444444445,0.5,0.75,13.909504429016039,,0.0,12.694013303769406,8.695652173913052,12.244897959183664,32.38434163701068,
fsb_00017,ollama/gemma3-custom:latest_conservative,8.53,Scrambled Eggs with Vegetables,Avocado Omelette,0.681452498246969,0.25,0.25,0.25,0.25,1.0,43.06918841273641,,0.0,43.73614190687361,5.434782608695652,21.428571428571434,61.92170818505338,
fsb_00017,ollama/gemma3-custom:latest_confident,8.24,Scrambled Eggs with Vegetables,Avocado Omelette,0.681452498246969,0.4,0.25,0.4444444444444445,0.5,0.75,6.104859947330617,,0.0,3.104212860310418,30.43478260869566,37.75510204081632,14.590747330960857,
fsb_00017,ollama/gemma3-custom:latest_canonical,4.94,Omelette,Avocado Omelette,0.8547759742352787,0.3333333333333333,0.25,0.28571428571428575,0.25,0.75,49.96408905913334,,0.0,50.388026607538805,34.782608695652165,33.673469387755105,60.854092526690394,
fsb_00017,ollama/llava-custom:latest_detailed,116.79,,,0.0,0.0,0.0,0.0,0.0,0.0,,"JSON parsing error: 8 validation errors for FoodAnalysis
ingredients.0.calories
  Field required [type=missing, input_value={'name': 'avocado', 'quantity': 50.0, 'unit': 'g'}, input_type=dict]
    For further information visit https://errors.pydantic.dev/2.11/v/missing
ingredients.0.carbs
  Field required [type=missing, input_value={'name': 'avocado', 'quantity': 50.0, 'unit': 'g'}, input_type=dict]
    For further information visit https://errors.pydantic.dev/2.11/v/missing
ingredients.0.protein
  Field required [type=missing, input_value={'name': 'avocado', 'quantity': 50.0, 'unit': 'g'}, input_type=dict]
    For further information visit https://errors.pydantic.dev/2.11/v/missing
ingredients.0.fat
  Field required [type=missing, input_value={'name': 'avocado', 'quantity': 50.0, 'unit': 'g'}, input_type=dict]
    For further information visit https://errors.pydantic.dev/2.11/v/missing
ingredients.1.calories
  Field required [type=missing, input_value={'name': 'vegetables', 'q...ty': 120.0, 'unit': 'g'}, input_type=dict]
    For further information visit https://errors.pydantic.dev/2.11/v/missing
ingredients.1.carbs
  Field required [type=missing, input_value={'name': 'vegetables', 'q...ty': 120.0, 'unit': 'g'}, input_type=dict]
    For further information visit https://errors.pydantic.dev/2.11/v/missing
ingredients.1.protein
  Field required [type=missing, input_value={'name': 'vegetables', 'q...ty': 120.0, 'unit': 'g'}, input_type=dict]
    For further information visit https://errors.pydantic.dev/2.11/v/missing
ingredients.1.fat
  Field required [type=missing, input_value={'name': 'vegetables', 'q...ty': 120.0, 'unit': 'g'}, input_type=dict]
    For further information visit https://errors.pydantic.dev/2.11/v/missing — raw output: '{\n""meal_name"": ""Avocado and Vegetable Omelette"",\n""ingredients"": [\n{""name"": ""avocado"", ""quantity"": 50, ""unit"": ""g""},\n{""name"": ""vegetables"", ""quantity"": 120, ""unit"": ""g""}\n],\n""total_macros"": {\n""calories"": 378,\n""carbs"": 6,\n""protein"": 9,\n""fat"": 24\n}\n}'",0.0,,,,,
fsb_00017,ollama/llava-custom:latest_step_by_step,5.75,Avocado and Vegetable Omelette,Avocado Omelette,0.9415526024012819,0.5,0.25,0.3333333333333333,0.25,0.5,24.587024180033517,,0.0,20.454545454545457,160.86956521739134,71.42857142857143,0.3558718861210015,
fsb_00017,ollama/llava-custom:latest_conservative,5.47,Avocado and Vegetable Omelette,Avocado Omelette,0.9415526024012819,0.5,0.25,0.3333333333333333,0.25,0.5,15.513526454393107,,0.0,9.36807095343681,182.60869565217394,71.93877551020408,0.3558718861210015,
fsb_00017,ollama/llava-custom:latest_confident,5.37,Avocado and Vegetable Omelette,Avocado Omelette,0.9415526024012819,0.5,0.25,0.3333333333333333,0.25,0.5,24.587024180033517,,0.0,20.454545454545457,160.86956521739134,71.42857142857143,0.3558718861210015,
fsb_00017,ollama/llava-custom:latest_canonical,5.21,Avocado and Vegetable Omelette,Avocado Omelette,0.9415526024012819,0.5,0.25,0.3333333333333333,0.25,0.5,16.423270289681593,,0.0,9.36807095343681,182.60869565217394,71.93877551020408,13.879003558718855,
fsb_00017,ollama/ministral-3-custom:latest_detailed,48.82,Avocado Chicken Omelette with Tomato and Spinach,Avocado Omelette,0.8877875565553268,0.5,0.0,0.6,0.75,0.5,63.22719655254968,,0.0,57.42793791574279,269.5652173913044,142.85714285714283,14.590747330960857,
fsb_00017,ollama/ministral-3-custom:latest_step_by_step,12.74,Avocado and Chicken Omelette with Salad,Avocado Omelette,0.8914810710438434,0.5,0.0,0.6,0.75,0.5,46.732104381134775,,0.0,38.30376940133037,261.95652173913044,119.3877551020408,33.80782918149466,
fsb_00017,ollama/ministral-3-custom:latest_conservative,11.21,Avocado Chicken Omelette with Salad,Avocado Omelette,0.9108979095538816,0.5,0.0,0.6,0.75,0.5,45.05626047402441,,0.0,36.36363636363636,261.95652173913044,119.3877551020408,33.80782918149466,
fsb_00017,ollama/ministral-3-custom:latest_confident,12.84,Avocado Chicken Omelette with Salad,Avocado Omelette,0.9108979095538816,0.16666666666666666,0.0,0.2,0.25,0.5,71.27124730667941,,0.0,67.40576496674056,276.0869565217392,143.3673469387755,3.558718861209964,
fsb_00017,ollama/ministral-3-custom:latest_canonical,8.99,Avocado and Cheese Omelette with Salad,Avocado Omelette,0.9008489601811643,0.6,0.5,0.6666666666666665,0.75,0.75,23.12664591812305,,0.0,22.50554323725055,22.826086956521756,35.71428571428571,22.419928825622765,
fsb_00017,ollama/qwen3.5-custom:latest_detailed,64.68,,,0.0,0.0,0.0,0.0,0.0,0.0,,Empty response from model for fsb_00017.jpg,0.0,,,,,
fsb_00017,ollama/qwen3.5-custom:latest_step_by_step,36.41,,,0.0,0.0,0.0,0.0,0.0,0.0,,Empty response from model for fsb_00017.jpg,0.0,,,,,
fsb_00017,ollama/qwen3.5-custom:latest_conservative,33.65,,,0.0,0.0,0.0,0.0,0.0,0.0,,Empty response from model for fsb_00017.jpg,0.0,,,,,
fsb_00017,ollama/qwen3.5-custom:latest_confident,36.21,,,0.0,0.0,0.0,0.0,0.0,0.0,,Empty response from model for fsb_00017.jpg,0.0,,,,,
fsb_00017,ollama/qwen3.5-custom:latest_canonical,31.54,,,0.0,0.0,0.0,0.0,0.0,0.0,,Empty response from model for fsb_00017.jpg,0.0,,,,,
fsb_00018,ollama/gemma3-custom:latest_detailed,39.74,Mixed Green Salad with Tomatoes and Cucumber,Avocado Shrimp Salad,0.7336112589385437,0.6666666666666666,0.2857142857142857,0.4,0.2857142857142857,0.4285714285714286,71.80140038192233,,0.0,73.81219603441825,36.893203883495154,37.5,96.72131147540983,
fsb_00018,ollama/gemma3-custom:latest_step_by_step,6.16,Mixed Green Salad with Tomatoes and Cucumber,Avocado Shrimp Salad,0.7336112589385437,0.6666666666666666,0.2857142857142857,0.4,0.2857142857142857,0.4285714285714286,71.51495862507956,,0.0,73.81219603441825,32.038834951456316,37.5,97.26775956284153,
fsb_00018,ollama/gemma3-custom:latest_conservative,5.97,Mixed Greens Salad with Tomatoes and Cucumber,Avocado Shrimp Salad,0.7397394784719976,0.6666666666666666,0.14285714285714285,0.4,0.2857142857142857,0.4285714285714286,85.67791215786121,,0.0,88.02843247287691,56.31067961165049,50.0,100.0,
fsb_00018,ollama/gemma3-custom:latest_confident,4.24,Mixed Green Salad with Tomatoes and Cucumber,Avocado Shrimp Salad,0.7336112589385437,0.6666666666666666,0.2857142857142857,0.4,0.2857142857142857,0.4285714285714286,71.67409293443666,,0.0,73.81219603441825,32.038834951456316,37.5,100.0,
fsb_00018,ollama/gemma3-custom:latest_canonical,6.21,Mixed Greens Salad,Avocado Shrimp Salad,0.7427364055961678,0.6666666666666666,0.2857142857142857,0.4,0.2857142857142857,0.4285714285714286,79.85359643539147,,0.0,81.29442573887017,56.31067961165049,50.0,98.36065573770492,
fsb_00018,ollama/llava-custom:latest_detailed,118.31,Salad,Avocado Shrimp Salad,0.7398459545492999,1.0,0.2857142857142857,0.6,0.42857142857142855,0.4285714285714286,75.6524506683641,,0.0,77.92742237186681,46.601941747572816,25.0,97.26775956284153,
fsb_00018,ollama/llava-custom:latest_step_by_step,4.8,Salad,Avocado Shrimp Salad,0.7398459545492999,1.0,0.14285714285714285,0.4444444444444445,0.2857142857142857,0.2857142857142857,82.17695735200508,,0.0,83.91320613542835,61.16504854368932,37.5,100.0,
fsb_00018,ollama/llava-custom:latest_conservative,6.31,Salad,Avocado Shrimp Salad,0.7398459545492999,1.0,0.2857142857142857,0.6,0.42857142857142855,0.4285714285714286,75.6524506683641,,0.0,79.0497568275346,32.038834951456316,25.0,97.26775956284153,
fsb_00018,ollama/llava-custom:latest_confident,6.16,Salad,Avocado Shrimp Salad,0.7398459545492999,1.0,0.2857142857142857,0.6,0.42857142857142855,0.4285714285714286,75.6524506683641,,0.0,77.92742237186681,46.601941747572816,25.0,97.26775956284153,
fsb_00018,ollama/llava-custom:latest_canonical,2.92,Salad,Avocado Shrimp Salad,0.7398459545492999,1.0,0.14285714285714285,0.4444444444444445,0.2857142857142857,0.2857142857142857,82.17695735200508,,0.0,83.91320613542835,61.16504854368932,37.5,100.0,
fsb_00018,ollama/ministral-3-custom:latest_detailed,48.2,Cucumber Avocado Salad with Tomato and Lettuce,Avocado Shrimp Salad,0.8503228865346566,0.8333333333333334,0.14285714285714285,0.7692307692307692,0.7142857142857143,0.8571428571428572,34.91406747294717,,0.0,35.27871305649084,30.09708737864078,62.5,22.950819672131153,
fsb_00018,ollama/ministral-3-custom:latest_step_by_step,11.02,Cucumber Avocado Salad with Mixed Greens,Avocado Shrimp Salad,0.8450569111051255,0.8333333333333334,0.14285714285714285,0.7692307692307692,0.7142857142857143,0.8571428571428572,34.24570337364736,,0.0,34.530490086045646,31.06796116504855,50.0,26.775956284153008,
fsb_00018,ollama/ministral-3-custom:latest_conservative,12.8,Cucumber-Tomato Salad with Lettuce and Dressing,Avocado Shrimp Salad,0.7268974639279827,0.3333333333333333,0.0,0.30769230769230765,0.2857142857142857,0.8571428571428572,70.11457670273711,,0.0,70.81930415263749,54.85436893203883,67.5,78.14207650273224,
fsb_00018,ollama/ministral-3-custom:latest_confident,12.52,Cucumber Avocado Salad with Tomato and Lettuce,Avocado Shrimp Salad,0.8503228865346566,0.8333333333333334,0.14285714285714285,0.7692307692307692,0.7142857142857143,0.8571428571428572,6.3017186505410505,,0.0,4.377104377104373,12.62135922330096,16.249999999999996,22.950819672131143,
fsb_00018,ollama/ministral-3-custom:latest_canonical,8.02,Cucumber-Tomato Salad with Lettuce,Avocado Shrimp Salad,0.7302339972605736,1.0,0.2857142857142857,0.6,0.42857142857142855,0.4285714285714286,78.19859961807765,,0.0,79.42386831275721,50.970873786407765,61.25000000000001,98.36065573770492,
fsb_00018,ollama/qwen3.5-custom:latest_detailed,60.35,,,0.0,0.0,0.0,0.0,0.0,0.0,,Empty response from model for fsb_00018.jpg,0.0,,,,,
fsb_00018,ollama/qwen3.5-custom:latest_step_by_step,33.74,,,0.0,0.0,0.0,0.0,0.0,0.0,,Empty response from model for fsb_00018.jpg,0.0,,,,,
fsb_00018,ollama/qwen3.5-custom:latest_conservative,37.19,,,0.0,0.0,0.0,0.0,0.0,0.0,,Empty response from model for fsb_00018.jpg,0.0,,,,,
fsb_00018,ollama/qwen3.5-custom:latest_confident,36.33,,,0.0,0.0,0.0,0.0,0.0,0.0,,Empty response from model for fsb_00018.jpg,0.0,,,,,
fsb_00018,ollama/qwen3.5-custom:latest_canonical,33.01,,,0.0,0.0,0.0,0.0,0.0,0.0,,Empty response from model for fsb_00018.jpg,0.0,,,,,
fsb_00019,ollama/gemma3-custom:latest_detailed,41.8,Vietnamese Summer Rolls,Avocado Spring Rolls with Peanut Sauce,0.6743498018066716,0.5,0.375,0.42857142857142855,0.375,0.75,19.077637690776385,,0.0,7.483794932233358,75.43859649122805,86.52849740932642,89.58333333333334,
fsb_00019,ollama/gemma3-custom:latest_step_by_step,9.27,Sushi Rolls,Avocado Spring Rolls with Peanut Sauce,0.6777436390310709,0.5,0.25,0.42857142857142855,0.375,0.75,29.66157929661579,,0.0,29.05126694166175,40.35087719298245,55.44041450777202,6.250000000000003,
fsb_00019,ollama/gemma3-custom:latest_conservative,8.29,Sushi Roll,Avocado Spring Rolls with Peanut Sauce,0.6739499604251342,0.4,0.25,0.3076923076923077,0.25,0.625,37.29263437292635,,0.0,38.32252995482224,10.087719298245617,32.64248704663213,65.27777777777779,
fsb_00019,ollama/gemma3-custom:latest_confident,8.05,Sushi Rolls,Avocado Spring Rolls with Peanut Sauce,0.6777436390310709,0.4,0.25,0.3076923076923077,0.25,0.625,10.41804910418049,,0.0,6.462384600274991,40.35087719298245,1.5544041450777237,38.888888888888886,
fsb_00019,ollama/gemma3-custom:latest_canonical,7.46,Rice Paper Rolls,Avocado Spring Rolls with Peanut Sauce,0.6743402253273364,0.8,0.5,0.6153846153846154,0.5,0.625,67.65096217650964,,0.0,67.98271459438224,69.2982456140351,11.917098445595858,96.52777777777779,
fsb_00019,ollama/llava-custom:latest_detailed,116.05,,,0.0,0.0,0.0,0.0,0.0,0.0,,"JSON parsing error: 9 validation errors for FoodAnalysis
meal_name
  Field required [type=missing, input_value={'meal\\_name': 'Sushi Ro...tein': 0.0, 'fat': 0.0}}, input_type=dict]
    For further information visit https://errors.pydantic.dev/2.11/v/missing
ingredients.0.calories
  Field required [type=missing, input_value={'name': 'avocado', 'quantity': 50.0, 'unit': 'g'}, input_type=dict]
    For further information visit https://errors.pydantic.dev/2.11/v/missing
ingredients.0.carbs
  Field required [type=missing, input_value={'name': 'avocado', 'quantity': 50.0, 'unit': 'g'}, input_type=dict]
    For further information visit https://errors.pydantic.dev/2.11/v/missing
ingredients.0.protein
  Field required [type=missing, input_value={'name': 'avocado', 'quantity': 50.0, 'unit': 'g'}, input_type=dict]
    For further information visit https://errors.pydantic.dev/2.11/v/missing
ingredients.0.fat
  Field required [type=missing, input_value={'name': 'avocado', 'quantity': 50.0, 'unit': 'g'}, input_type=dict]
    For further information visit https://errors.pydantic.dev/2.11/v/missing
ingredients.1.calories
  Field required [type=missing, input_value={'name': 'cucumber', 'qua...ity': 20.0, 'unit': 'g'}, input_type=dict]
    For further information visit https://errors.pydantic.dev/2.11/v/missing
ingredients.1.carbs
  Field required [type=missing, input_value={'name': 'cucumber', 'qua...ity': 20.0, 'unit': 'g'}, input_type=dict]
    For further information visit https://errors.pydantic.dev/2.11/v/missing
ingredients.1.protein
  Field required [type=missing, input_value={'name': 'cucumber', 'qua...ity': 20.0, 'unit': 'g'}, input_type=dict]
    For further information visit https://errors.pydantic.dev/2.11/v/missing
ingredients.1.fat
  Field required [type=missing, input_value={'name': 'cucumber', 'qua...ity': 20.0, 'unit': 'g'}, input_type=dict]
    For further information visit https://errors.pydantic.dev/2.11/v/missing — raw output: '{\n""meal\\_name"": ""Sushi Roll"",\n""ingredients"": [\n{""name"": ""avocado"", ""quantity"": 50, ""unit"": ""g""},\n{""name"": ""cucumber"", ""quantity"": 20, ""unit"": ""g""}\n],\n""total\\_macros"": {\n""calories"": 130,\n""carbs"": 4,\n""protein"": 5,\n""fat"": 9\n}\n}'",0.0,,,,,
fsb_00019,ollama/llava-custom:latest_step_by_step,9.21,Sushi Rolls,Avocado Spring Rolls with Peanut Sauce,0.6777436390310709,0.8,0.25,0.6153846153846154,0.5,0.625,60.418049104180504,,0.0,60.51856216853271,82.45614035087719,16.58031088082901,53.125,
fsb_00019,ollama/llava-custom:latest_conservative,7.05,Sushi Roll,Avocado Spring Rolls with Peanut Sauce,0.6739499604251342,0.6,0.25,0.4615384615384615,0.375,0.625,41.34041141340412,,0.0,33.21547829503045,84.64912280701753,122.79792746113989,61.80555555555556,
fsb_00019,ollama/llava-custom:latest_confident,7.98,Sushi Roll,Avocado Spring Rolls with Peanut Sauce,0.6739499604251342,0.25,0.125,0.16666666666666666,0.125,0.5,15.278699402787,,0.0,13.965822038892167,18.201754385964904,5.181347150259067,40.62499999999999,
fsb_00019,ollama/llava-custom:latest_canonical,6.13,Sushi Roll,Avocado Spring Rolls with Peanut Sauce,0.6739499604251342,0.6666666666666666,0.25,0.36363636363636365,0.25,0.375,73.54014598540147,,0.0,73.87546650952662,89.03508771929825,45.59585492227979,61.80555555555556,
fsb_00019,ollama/ministral-3-custom:latest_detailed,47.61,Avocado Rolls with Peanut Sauce and Fresh Herbs,Avocado Spring Rolls with Peanut Sauce,0.9181681457216997,0.3333333333333333,0.125,0.28571428571428575,0.25,0.75,16.954213669542135,,0.0,12.944411706933801,28.947368421052637,57.51295336787563,41.66666666666665,
fsb_00019,ollama/ministral-3-custom:latest_step_by_step,12.76,Avocado Rolls with Peanut Sauce and Fresh Herbs,Avocado Spring Rolls with Peanut Sauce,0.9181681457216997,0.3333333333333333,0.125,0.28571428571428575,0.25,0.75,48.224950232249505,,0.0,48.30092319780003,17.982456140350884,22.279792746113994,112.15277777777777,
fsb_00019,ollama/ministral-3-custom:latest_conservative,10.98,Avocado Rolls with Peanut Sauce and Fresh Herbs,Avocado Spring Rolls with Peanut Sauce,0.9181681457216997,0.5,0.0,0.42857142857142855,0.375,0.75,14.399469143994686,,0.0,9.801610685523467,39.69298245614035,35.23316062176166,41.66666666666665,
fsb_00019,ollama/ministral-3-custom:latest_confident,12.95,Avocado Rolls with Peanut Sauce and Fresh Herbs,Avocado Spring Rolls with Peanut Sauce,0.9181681457216997,0.5,0.0,0.42857142857142855,0.375,0.75,61.11479761114798,,0.0,62.836377921822816,5.482456140350877,66.83937823834198,114.93055555555554,
fsb_00019,ollama/ministral-3-custom:latest_canonical,10.76,Avocado Rolls with Dipping Sauce,Avocado Spring Rolls with Peanut Sauce,0.8849927717504134,1.0,0.0,0.7692307692307693,0.625,0.625,28.69940278699403,,0.0,27.479866430956584,16.666666666666668,27.46113989637306,70.13888888888889,
fsb_00019,ollama/qwen3.5-custom:latest_detailed,63.99,,,0.0,0.0,0.0,0.0,0.0,0.0,,Empty response from model for fsb_00019.jpg,0.0,,,,,
fsb_00019,ollama/qwen3.5-custom:latest_step_by_step,33.11,,,0.0,0.0,0.0,0.0,0.0,0.0,,Empty response from model for fsb_00019.jpg,0.0,,,,,
fsb_00019,ollama/qwen3.5-custom:latest_conservative,34.28,,,0.0,0.0,0.0,0.0,0.0,0.0,,Empty response from model for fsb_00019.jpg,0.0,,,,,
fsb_00019,ollama/qwen3.5-custom:latest_confident,32.43,,,0.0,0.0,0.0,0.0,0.0,0.0,,Empty response from model for fsb_00019.jpg,0.0,,,,,
fsb_00019,ollama/qwen3.5-custom:latest_canonical,32.5,,,0.0,0.0,0.0,0.0,0.0,0.0,,Empty response from model for fsb_00019.jpg,0.0,,,,,
fsb_00020,ollama/gemma3-custom:latest_detailed,39.67,Grilled Cheese Sandwich,Avocado Toast with Basil,0.6118442103542876,0.3333333333333333,0.0,0.28571428571428575,0.25,0.75,105.8252427184466,,0.0,106.23281393217232,44.230769230769226,411.6279069767442,97.18309859154931,
fsb_00020,ollama/gemma3-custom:latest_step_by_step,5.11,Toast with Avocado,Avocado Toast with Basil,0.9302728288258918,1.0,0.25,0.6666666666666666,0.5,0.5,10.834951456310684,,0.0,0.8249312557286945,77.88461538461537,109.30232558139537,36.61971830985915,
fsb_00020,ollama/gemma3-custom:latest_conservative,5.24,Toast with Avocado,Avocado Toast with Basil,0.9302728288258918,1.0,0.25,0.6666666666666666,0.5,0.5,10.834951456310684,,0.0,0.8249312557286945,77.88461538461537,109.30232558139537,36.61971830985915,
fsb_00020,ollama/gemma3-custom:latest_confident,5.36,Toast with Avocado,Avocado Toast with Basil,0.9302728288258918,1.0,0.25,0.6666666666666666,0.5,0.5,42.135922330097095,,0.0,37.48854262144822,87.49999999999999,132.55813953488374,19.718309859154935,
fsb_00020,ollama/gemma3-custom:latest_canonical,5.12,Bread with Cheese,Avocado Toast with Basil,0.6330530804140895,0.5,0.25,0.3333333333333333,0.25,0.5,10.252427184466024,,0.0,3.116406966086165,37.01923076923077,132.55813953488374,43.66197183098591,
fsb_00020,ollama/llava-custom:latest_detailed,110.88,Avocado Toast,Avocado Toast with Basil,0.9257323203506036,1.0,0.5,0.6666666666666666,0.5,0.5,141.47572815533982,,0.0,140.14665444546287,236.53846153846155,34.883720930232556,54.929577464788736,
fsb_00020,ollama/llava-custom:latest_step_by_step,4.78,Avocado Toast,Avocado Toast with Basil,0.9257323203506036,1.0,0.5,0.6666666666666666,0.5,0.5,141.47572815533982,,0.0,140.14665444546287,236.53846153846155,34.883720930232556,54.929577464788736,
fsb_00020,ollama/llava-custom:latest_conservative,4.77,Avocado Toast,Avocado Toast with Basil,0.9257323203506036,1.0,0.5,0.6666666666666666,0.5,0.5,99.02912621359224,,0.0,94.31714023831348,154.80769230769232,51.162790697674424,104.22535211267608,
fsb_00020,ollama/llava-custom:latest_confident,4.75,Avocado Toast,Avocado Toast with Basil,0.9257323203506036,1.0,0.5,0.6666666666666666,0.5,0.5,141.0873786407767,,0.0,140.14665444546287,217.30769230769232,58.139534883720934,69.01408450704226,
fsb_00020,ollama/llava-custom:latest_canonical,4.8,Avocado Toast,Avocado Toast with Basil,0.9257323203506036,1.0,0.5,0.6666666666666666,0.5,0.5,99.02912621359224,,0.0,94.31714023831348,154.80769230769232,51.162790697674424,104.22535211267608,
fsb_00020,ollama/ministral-3-custom:latest_detailed,43.93,Avocado Toast with Fresh Basil,Avocado Toast with Basil,0.9785319184377111,1.0,0.0,0.8571428571428571,0.75,0.75,30.524271844660195,,0.0,23.281393217231905,90.38461538461539,95.34883720930235,34.50704225352112,
fsb_00020,ollama/ministral-3-custom:latest_step_by_step,7.82,Avocado Toast with Fresh Basil,Avocado Toast with Basil,0.9785319184377111,1.0,0.0,0.8571428571428571,0.75,0.75,24.699029126213592,,0.0,16.406966086159493,87.01923076923076,88.37209302325581,41.54929577464788,
fsb_00020,ollama/ministral-3-custom:latest_conservative,9.05,Avocado Toast with Lemon Garnish,Avocado Toast with Basil,0.8927245256760021,0.75,0.0,0.75,0.75,1.0,49.0485436893204,,0.0,45.27956003666362,101.4423076923077,120.93023255813955,8.450704225352109,
fsb_00020,ollama/ministral-3-custom:latest_confident,7.77,Avocado Toast with Fresh Basil,Avocado Toast with Basil,0.9785319184377111,1.0,0.0,0.8571428571428571,0.75,0.75,52.58252427184467,,0.0,50.32080659945005,82.6923076923077,113.95348837209302,24.647887323943664,
fsb_00020,ollama/ministral-3-custom:latest_canonical,6.04,Avocado Toast,Avocado Toast with Basil,0.9257323203506036,1.0,0.25,0.6666666666666666,0.5,0.5,38.174757281553404,,0.0,36.11365719523374,68.26923076923076,62.79069767441862,18.30985915492959,
fsb_00020,ollama/qwen3.5-custom:latest_detailed,59.93,,,0.0,0.0,0.0,0.0,0.0,0.0,,Empty response from model for fsb_00020.jpg,0.0,,,,,
fsb_00020,ollama/qwen3.5-custom:latest_step_by_step,31.04,,,0.0,0.0,0.0,0.0,0.0,0.0,,Empty response from model for fsb_00020.jpg,0.0,,,,,
fsb_00020,ollama/qwen3.5-custom:latest_conservative,31.06,,,0.0,0.0,0.0,0.0,0.0,0.0,,Empty response from model for fsb_00020.jpg,0.0,,,,,
fsb_00020,ollama/qwen3.5-custom:latest_confident,30.92,,,0.0,0.0,0.0,0.0,0.0,0.0,,Empty response from model for fsb_00020.jpg,0.0,,,,,
fsb_00020,ollama/qwen3.5-custom:latest_canonical,31.64,,,0.0,0.0,0.0,0.0,0.0,0.0,,Empty response from model for fsb_00020.jpg,0.0,,,,,
fsb_00021,ollama/gemma3-custom:latest_detailed,42.39,Avocado Toast with Egg,Avocado Toast with Boiled Egg and Yogurt with Blueberries,0.93369473829361,0.75,0.2857142857142857,0.5454545454545454,0.42857142857142855,0.5714285714285714,6.393861892583115,,0.0,3.5198784502405616,32.66666666666666,25.92592592592593,3.0837004405286312,
fsb_00021,ollama/gemma3-custom:latest_step_by_step,12.83,Avocado Toast with Egg,Avocado Toast with Boiled Egg and Yogurt with Blueberries,0.93369473829361,1.0,0.2857142857142857,0.6,0.42857142857142855,0.4285714285714286,6.777493606138103,,0.0,4.27956444669536,25.333333333333336,30.555555555555557,3.0837004405286312,
fsb_00021,ollama/gemma3-custom:latest_conservative,6.56,Avocado Toast with Egg,Avocado Toast with Boiled Egg and Yogurt with Blueberries,0.93369473829361,1.0,0.2857142857142857,0.6,0.42857142857142855,0.4285714285714286,26.17220801364023,,0.0,25.550772347429724,22.000000000000007,30.555555555555557,38.32599118942731,
fsb_00021,ollama/gemma3-custom:latest_confident,6.92,Avocado Toast with Egg,Avocado Toast with Boiled Egg and Yogurt with Blueberries,0.93369473829361,0.75,0.2857142857142857,0.5454545454545454,0.42857142857142855,0.5714285714285714,6.393861892583115,,0.0,3.5198784502405616,32.66666666666666,25.92592592592593,3.0837004405286312,
fsb_00021,ollama/gemma3-custom:latest_canonical,6.09,Avocado Toast with Egg,Avocado Toast with Boiled Egg and Yogurt with Blueberries,0.93369473829361,1.0,0.14285714285714285,0.6,0.42857142857142855,0.4285714285714286,25.319693094629148,,0.0,24.537857685489996,18.66666666666667,39.81481481481482,33.920704845814974,
fsb_00021,ollama/llava-custom:latest_detailed,111.44,Breakfast Sandwich,Avocado Toast with Boiled Egg and Yogurt with Blueberries,0.7412843827526632,0.6666666666666666,0.14285714285714285,0.4,0.2857142857142857,0.4285714285714286,61.42369991474851,,0.0,61.00278551532033,86.0,59.25925925925925,38.32599118942731,
fsb_00021,ollama/llava-custom:latest_step_by_step,4.96,Breakfast,Avocado Toast with Boiled Egg and Yogurt with Blueberries,0.7966507689682812,0.5,0.0,0.22222222222222224,0.14285714285714285,0.2857142857142857,58.43989769820972,,0.0,59.483413522410736,65.0,30.555555555555557,58.14977973568281,
fsb_00021,ollama/llava-custom:latest_conservative,8.08,Breakfast Bowl,Avocado Toast with Boiled Egg and Yogurt with Blueberries,0.6736986257698274,0.5,0.14285714285714285,0.36363636363636365,0.2857142857142857,0.5714285714285714,58.99403239556691,,0.0,61.5092428462902,67.66666666666666,29.62962962962964,31.71806167400881,
fsb_00021,ollama/llava-custom:latest_confident,6.39,Breakfast Sandwich,Avocado Toast with Boiled Egg and Yogurt with Blueberries,0.7412843827526632,0.6666666666666666,0.14285714285714285,0.4,0.2857142857142857,0.4285714285714286,75.31969309462913,,0.0,75.43681944796151,89.66666666666666,64.35185185185186,64.75770925110133,
fsb_00021,ollama/llava-custom:latest_canonical,6.34,Eggs and Vegetables on Toast,Avocado Toast with Boiled Egg and Yogurt with Blueberries,0.8401386339836666,0.3333333333333333,0.0,0.2,0.14285714285714285,0.4285714285714286,52.81329923273657,,0.0,52.89946821980248,50.0,43.05555555555556,64.31718061674009,
fsb_00021,ollama/ministral-3-custom:latest_detailed,46.71,Avocado Toast with Fried Eggs and Greek Yogurt Bowl,Avocado Toast with Boiled Egg and Yogurt with Blueberries,0.9393492121802363,1.0,0.42857142857142855,0.923076923076923,0.8571428571428571,0.8571428571428572,43.393009377664114,,0.0,41.04836667510763,95.0,51.38888888888889,8.370044052863431,
fsb_00021,ollama/ministral-3-custom:latest_step_by_step,11.54,Avocado Toast with Poached Eggs and Greek Yogurt Bowl,Avocado Toast with Boiled Egg and Yogurt with Blueberries,0.9391360751719476,0.6666666666666666,0.42857142857142855,0.6153846153846153,0.5714285714285714,0.8571428571428572,40.217391304347835,,0.0,36.49025069637884,83.33333333333334,82.87037037037037,7.488986784140966,
fsb_00021,ollama/ministral-3-custom:latest_conservative,11.94,Avocado Toast with Poached Eggs and Greek Yogurt Bowl,Avocado Toast with Boiled Egg and Yogurt with Blueberries,0.9391360751719476,0.6666666666666666,0.42857142857142855,0.6153846153846153,0.5714285714285714,0.8571428571428572,35.84825234441604,,0.0,33.45150671055964,76.33333333333333,52.77777777777777,7.929515418502206,
fsb_00021,ollama/ministral-3-custom:latest_confident,11.65,Avocado Toast with Poached Eggs and Greek Yogurt Bowl,Avocado Toast with Boiled Egg and Yogurt with Blueberries,0.9391360751719476,0.6666666666666666,0.42857142857142855,0.6153846153846153,0.5714285714285714,0.8571428571428572,40.217391304347835,,0.0,36.49025069637884,83.33333333333334,82.87037037037037,7.488986784140966,
fsb_00021,ollama/ministral-3-custom:latest_canonical,10.42,Avocado Toast with Fried Eggs and Yogurt Bowl,Avocado Toast with Boiled Egg and Yogurt with Blueberries,0.9521061171708709,1.0,0.42857142857142855,0.8333333333333333,0.7142857142857143,0.7142857142857143,33.88746803069054,,0.0,33.704735376044574,60.999999999999986,18.98148148148147,15.418502202643172,
fsb_00021,ollama/qwen3.5-custom:latest_detailed,61.26,,,0.0,0.0,0.0,0.0,0.0,0.0,,Empty response from model for fsb_00021.jpg,0.0,,,,,
fsb_00021,ollama/qwen3.5-custom:latest_step_by_step,36.22,,,0.0,0.0,0.0,0.0,0.0,0.0,,Empty response from model for fsb_00021.jpg,0.0,,,,,
fsb_00021,ollama/qwen3.5-custom:latest_conservative,36.51,,,0.0,0.0,0.0,0.0,0.0,0.0,,Empty response from model for fsb_00021.jpg,0.0,,,,,
fsb_00021,ollama/qwen3.5-custom:latest_confident,33.74,,,0.0,0.0,0.0,0.0,0.0,0.0,,Empty response from model for fsb_00021.jpg,0.0,,,,,
fsb_00021,ollama/qwen3.5-custom:latest_canonical,33.62,,,0.0,0.0,0.0,0.0,0.0,0.0,,Empty response from model for fsb_00021.jpg,0.0,,,,,
fsb_00022,ollama/gemma3-custom:latest_detailed,39.99,Banana,Avocado Toast with Coffee and Banana,0.687400655645032,1.0,0.16666666666666666,0.2857142857142857,0.16666666666666666,0.16666666666666663,64.60905349794238,,0.0,66.0056657223796,38.666666666666664,85.71428571428571,96.99248120300751,
fsb_00022,ollama/gemma3-custom:latest_step_by_step,4.53,Banana,Avocado Toast with Coffee and Banana,0.687400655645032,1.0,0.16666666666666666,0.2857142857142857,0.16666666666666666,0.16666666666666663,64.60905349794238,,0.0,66.0056657223796,38.666666666666664,84.28571428571429,97.74436090225564,
fsb_00022,ollama/gemma3-custom:latest_conservative,4.29,Banana,Avocado Toast with Coffee and Banana,0.687400655645032,1.0,0.16666666666666666,0.2857142857142857,0.16666666666666666,0.16666666666666663,64.60905349794238,,0.0,66.0056657223796,38.666666666666664,85.71428571428571,96.99248120300751,
fsb_00022,ollama/gemma3-custom:latest_confident,4.19,Banana,Avocado Toast with Coffee and Banana,0.687400655645032,1.0,0.16666666666666666,0.2857142857142857,0.16666666666666666,0.16666666666666663,64.60905349794238,,0.0,66.0056657223796,38.666666666666664,85.71428571428571,96.99248120300751,
fsb_00022,ollama/gemma3-custom:latest_canonical,4.24,Banana,Avocado Toast with Coffee and Banana,0.687400655645032,1.0,0.16666666666666666,0.2857142857142857,0.16666666666666666,0.16666666666666663,64.60905349794238,,0.0,66.0056657223796,38.666666666666664,85.71428571428571,96.99248120300751,
fsb_00022,ollama/llava-custom:latest_detailed,111.81,Avocado Toast,Avocado Toast with Coffee and Banana,0.9174608279347574,1.0,0.3333333333333333,0.5,0.3333333333333333,0.33333333333333337,48.08935920047032,,0.0,50.14164305949009,16.0,4.285714285714283,118.04511278195488,
fsb_00022,ollama/llava-custom:latest_step_by_step,4.65,Breakfast,Avocado Toast with Coffee and Banana,0.7614208974388923,1.0,0.16666666666666666,0.5,0.3333333333333333,0.33333333333333337,12.081128747795422,,0.0,9.773371104815872,20.0,14.285714285714285,37.59398496240601,
fsb_00022,ollama/llava-custom:latest_conservative,5.56,Avocado Toast,Avocado Toast with Coffee and Banana,0.9174608279347574,1.0,0.3333333333333333,0.5,0.3333333333333333,0.33333333333333337,52.674897119341566,,0.0,51.91218130311616,41.333333333333336,20.000000000000004,118.04511278195488,
fsb_00022,ollama/llava-custom:latest_confident,4.8,Avocado Toast,Avocado Toast with Coffee and Banana,0.9174608279347574,1.0,0.3333333333333333,0.5,0.3333333333333333,0.33333333333333337,48.3833039388595,,0.0,50.14164305949009,18.666666666666668,4.285714285714283,118.04511278195488,
fsb_00022,ollama/llava-custom:latest_canonical,4.91,Avocado Toast,Avocado Toast with Coffee and Banana,0.9174608279347574,1.0,0.3333333333333333,0.5,0.3333333333333333,0.33333333333333337,48.3833039388595,,0.0,50.49575070821531,16.26666666666667,17.142857142857146,110.52631578947367,
fsb_00022,ollama/ministral-3-custom:latest_detailed,45.72,Avocado Toast with Radish and Chili,Avocado Toast with Coffee and Banana,0.8811186987650722,0.6,0.16666666666666666,0.5454545454545454,0.5,0.8333333333333334,30.864197530864207,,0.0,30.311614730878194,33.33333333333333,45.7142857142857,27.819548872180444,
fsb_00022,ollama/ministral-3-custom:latest_step_by_step,11.62,Avocado Toast with Radishes and Tea,Avocado Toast with Coffee and Banana,0.89394159687276,0.5,0.16666666666666666,0.5,0.5,1.0,28.835978835978842,,0.0,29.249291784702557,24.0,44.28571428571428,25.563909774436077,
fsb_00022,ollama/ministral-3-custom:latest_conservative,10.35,Avocado Toast with Radishes and Tea,Avocado Toast with Coffee and Banana,0.89394159687276,0.6,0.16666666666666666,0.5454545454545454,0.5,0.8333333333333334,14.785420340975906,,0.0,15.08498583569406,5.866666666666674,54.28571428571429,12.781954887218038,
fsb_00022,ollama/ministral-3-custom:latest_confident,10.26,Avocado Toast with Radish and Chili,Avocado Toast with Coffee and Banana,0.8811186987650722,0.6,0.16666666666666666,0.5454545454545454,0.5,0.8333333333333334,24.54438565549677,,0.0,22.875354107648736,38.93333333333334,47.14285714285715,7.518796992481203,
fsb_00022,ollama/ministral-3-custom:latest_canonical,8.66,Avocado Toast with Radishes and Tea,Avocado Toast with Coffee and Banana,0.89394159687276,0.75,0.3333333333333333,0.6,0.5,0.6666666666666667,25.925925925925934,,0.0,25.00000000000001,30.666666666666664,41.42857142857143,24.06015037593984,
fsb_00022,ollama/qwen3.5-custom:latest_detailed,54.62,Avocado Toast Breakfast,Avocado Toast with Coffee and Banana,0.913327991131984,0.8,0.16666666666666666,0.7272727272727272,0.6666666666666666,0.8333333333333334,22.663139329806004,,0.0,23.229461756373947,12.0,29.999999999999993,36.84210526315788,
fsb_00022,ollama/qwen3.5-custom:latest_step_by_step,32.94,,,0.0,0.0,0.0,0.0,0.0,0.0,,Empty response from model for fsb_00022.jpg,0.0,,,,,
fsb_00022,ollama/qwen3.5-custom:latest_conservative,34.76,,,0.0,0.0,0.0,0.0,0.0,0.0,,Empty response from model for fsb_00022.jpg,0.0,,,,,
fsb_00022,ollama/qwen3.5-custom:latest_confident,34.8,,,0.0,0.0,0.0,0.0,0.0,0.0,,Empty response from model for fsb_00022.jpg,0.0,,,,,
fsb_00022,ollama/qwen3.5-custom:latest_canonical,31.88,,,0.0,0.0,0.0,0.0,0.0,0.0,,Empty response from model for fsb_00022.jpg,0.0,,,,,
fsb_00023,ollama/gemma3-custom:latest_detailed,39.27,Avocado Toast,Avocado Toast with Coffee,0.942717875826621,0.5,0.3333333333333333,0.4,0.3333333333333333,0.6666666666666667,44.54976303317536,,0.0,40.5152224824356,84.8341232227488,78.57142857142858,30.76923076923077,
fsb_00023,ollama/gemma3-custom:latest_step_by_step,5.76,Avocado Toast,Avocado Toast with Coffee,0.942717875826621,0.3333333333333333,0.3333333333333333,0.3333333333333333,0.3333333333333333,1.0,47.94628751974724,,0.0,45.19906323185012,84.8341232227488,66.0714285714286,25.38461538461539,
fsb_00023,ollama/gemma3-custom:latest_conservative,5.15,Avocado Toast,Avocado Toast with Coffee,0.942717875826621,0.5,0.3333333333333333,0.4,0.3333333333333333,0.6666666666666667,42.9699842022117,,0.0,39.11007025761124,84.8341232227488,78.57142857142858,23.076923076923077,
fsb_00023,ollama/gemma3-custom:latest_confident,5.14,Avocado Toast,Avocado Toast with Coffee,0.942717875826621,0.5,0.3333333333333333,0.4,0.3333333333333333,0.6666666666666667,40.6003159557662,,0.0,39.578454332552695,56.398104265402836,42.85714285714287,30.76923076923077,
fsb_00023,ollama/gemma3-custom:latest_canonical,5.09,Avocado Toast,Avocado Toast with Coffee,0.942717875826621,0.5,0.3333333333333333,0.4,0.3333333333333333,0.6666666666666667,33.09636650868879,,0.0,30.679156908665107,75.35545023696682,25.000000000000007,7.6923076923076925,
fsb_00023,ollama/llava-custom:latest_detailed,114.54,Breakfast,Avocado Toast with Coffee,0.7316436808594735,1.0,0.3333333333333333,0.8,0.6666666666666666,0.6666666666666667,13.625592417061613,,0.0,0.702576112412178,98.10426540284357,58.92857142857143,69.23076923076923,
fsb_00023,ollama/llava-custom:latest_step_by_step,4.59,Breakfast,Avocado Toast with Coffee,0.7316436808594735,1.0,0.3333333333333333,0.8,0.6666666666666666,0.6666666666666667,42.02211690363349,,0.0,43.79391100702576,20.37914691943128,10.714285714285708,61.53846153846154,
fsb_00023,ollama/llava-custom:latest_conservative,4.68,Breakfast,Avocado Toast with Coffee,0.7316436808594735,1.0,0.3333333333333333,0.8,0.6666666666666666,0.6666666666666667,13.625592417061613,,0.0,0.702576112412178,98.10426540284357,58.92857142857143,69.23076923076923,
fsb_00023,ollama/llava-custom:latest_confident,4.46,Breakfast,Avocado Toast with Coffee,0.7316436808594735,0.5,0.3333333333333333,0.4,0.3333333333333333,0.6666666666666667,30.410742496050553,,0.0,29.7423887587822,37.440758293838854,10.714285714285708,38.46153846153847,
fsb_00023,ollama/llava-custom:latest_canonical,4.69,Breakfast,Avocado Toast with Coffee,0.7316436808594735,0.0,0.0,0.0,0.0,0.6666666666666667,39.61295418641391,,0.0,29.7423887587822,110.90047393364928,114.2857142857143,53.84615384615385,
fsb_00023,ollama/ministral-3-custom:latest_detailed,42.99,Avocado Toast with Coffee,Avocado Toast with Coffee,1.0000000000000004,0.6666666666666666,0.0,0.6666666666666666,0.6666666666666666,1.0,31.27962085308057,,0.0,25.995316159250585,82.4644549763033,46.42857142857142,28.461538461538456,
fsb_00023,ollama/ministral-3-custom:latest_step_by_step,7.79,Avocado Toast with Coffee,Avocado Toast with Coffee,1.0000000000000004,1.0,0.0,1.0,1.0,1.0,31.990521327014214,,0.0,25.995316159250585,81.5165876777251,82.14285714285714,28.461538461538456,
fsb_00023,ollama/ministral-3-custom:latest_conservative,7.41,Avocado Toast with Coffee,Avocado Toast with Coffee,1.0000000000000004,0.6666666666666666,0.3333333333333333,0.6666666666666666,0.6666666666666666,1.0,59.95260663507109,,0.0,58.78220140515222,99.0521327014218,42.85714285714287,23.076923076923077,
fsb_00023,ollama/ministral-3-custom:latest_confident,7.45,Avocado Toast with Coffee,Avocado Toast with Coffee,1.0000000000000004,0.6666666666666666,0.3333333333333333,0.6666666666666666,0.6666666666666666,1.0,64.69194312796209,,0.0,63.46604215456675,103.7914691943128,42.85714285714287,30.76923076923077,
fsb_00023,ollama/ministral-3-custom:latest_canonical,7.38,Avocado Toast with Coffee,Avocado Toast with Coffee,1.0000000000000004,0.6666666666666666,0.3333333333333333,0.6666666666666666,0.6666666666666666,1.0,41.27172195892575,,0.0,40.5152224824356,65.87677725118482,7.1428571428571495,28.461538461538456,
fsb_00023,ollama/qwen3.5-custom:latest_detailed,61.63,,,0.0,0.0,0.0,0.0,0.0,0.0,,Empty response from model for fsb_00023.jpg,0.0,,,,,
fsb_00023,ollama/qwen3.5-custom:latest_step_by_step,31.18,,,0.0,0.0,0.0,0.0,0.0,0.0,,Empty response from model for fsb_00023.jpg,0.0,,,,,
fsb_00023,ollama/qwen3.5-custom:latest_conservative,32.8,,,0.0,0.0,0.0,0.0,0.0,0.0,,Empty response from model for fsb_00023.jpg,0.0,,,,,
fsb_00023,ollama/qwen3.5-custom:latest_confident,33.33,,,0.0,0.0,0.0,0.0,0.0,0.0,,Empty response from model for fsb_00023.jpg,0.0,,,,,
fsb_00023,ollama/qwen3.5-custom:latest_canonical,31.3,,,0.0,0.0,0.0,0.0,0.0,0.0,,Empty response from model for fsb_00023.jpg,0.0,,,,,
fsb_00024,ollama/gemma3-custom:latest_detailed,41.99,Avocado Toast with Tomato and Egg,Avocado Toast with Coffee,0.8891501170345085,0.75,0.14285714285714285,0.5454545454545454,0.42857142857142855,0.5714285714285714,73.38075627105952,,0.0,72.84502009825815,57.76892430278884,152.6315789473684,78.22580645161291,
fsb_00024,ollama/gemma3-custom:latest_step_by_step,7.29,Avocado Toast with Tomato and Egg,Avocado Toast with Coffee,0.8891501170345085,0.75,0.14285714285714285,0.5454545454545454,0.42857142857142855,0.5714285714285714,73.79258704605017,,0.0,73.29164805716837,57.76892430278884,152.6315789473684,79.03225806451611,
fsb_00024,ollama/gemma3-custom:latest_conservative,6.38,Avocado Toast with Tomato,Avocado Toast with Coffee,0.8855856084049528,1.0,0.14285714285714285,0.6,0.42857142857142855,0.4285714285714286,6.664170722575817,,0.0,0.8485931219294353,39.4422310756972,29.824561403508774,34.67741935483871,
fsb_00024,ollama/gemma3-custom:latest_confident,7.19,Avocado Toast with Tomato and Egg,Avocado Toast with Coffee,0.8891501170345085,0.75,0.14285714285714285,0.5454545454545454,0.42857142857142855,0.5714285714285714,77.68625982777986,,0.0,76.86467172845019,65.33864541832668,161.4035087719298,79.03225806451611,
fsb_00024,ollama/gemma3-custom:latest_canonical,5.71,Avocado Toast with Tomato,Avocado Toast with Coffee,0.8855856084049528,1.0,0.2857142857142857,0.6,0.42857142857142855,0.4285714285714286,8.873081242980156,,0.0,4.064314426083071,43.42629482071712,22.807017543859644,19.35483870967742,
fsb_00024,ollama/llava-custom:latest_detailed,113.48,Breakfast Sandwich,Avocado Toast with Coffee,0.6851856998776571,0.5,0.14285714285714285,0.36363636363636365,0.2857142857142857,0.5714285714285714,39.6855110445526,,0.0,30.41536400178651,75.69721115537848,212.280701754386,54.83870967741936,
fsb_00024,ollama/llava-custom:latest_step_by_step,4.68,Breakfast,Avocado Toast with Coffee,0.7316436808594735,1.0,0.14285714285714285,0.4444444444444445,0.2857142857142857,0.2857142857142857,34.032197678772,,0.0,29.522108083966053,47.41035856573704,75.43859649122805,69.35483870967741,
fsb_00024,ollama/llava-custom:latest_conservative,4.73,Breakfast,Avocado Toast with Coffee,0.7316436808594735,1.0,0.14285714285714285,0.4444444444444445,0.2857142857142857,0.2857142857142857,20.479221265443652,,0.0,16.12326931665922,67.33067729083665,5.263157894736839,11.290322580645164,
fsb_00024,ollama/llava-custom:latest_confident,7.11,Breakfast Sandwich,Avocado Toast with Coffee,0.6851856998776571,0.5,0.14285714285714285,0.36363636363636365,0.2857142857142857,0.5714285714285714,39.6855110445526,,0.0,30.41536400178651,75.69721115537848,212.280701754386,54.83870967741936,
fsb_00024,ollama/llava-custom:latest_canonical,4.72,Breakfast Sandwich,Avocado Toast with Coffee,0.6851856998776571,0.5,0.14285714285714285,0.22222222222222224,0.14285714285714285,0.2857142857142857,27.81729689254961,,0.0,19.249665029030812,53.78486055776892,180.70175438596493,59.67741935483871,
fsb_00024,ollama/ministral-3-custom:latest_detailed,46.79,Avocado Toast with Cherry Tomatoes and Dill,Avocado Toast with Coffee,0.8945935250672048,0.6,0.2857142857142857,0.5,0.42857142857142855,0.7142857142857143,96.21864470235867,,0.0,96.06967396158998,102.78884462151392,75.43859649122805,95.16129032258064,
fsb_00024,ollama/ministral-3-custom:latest_step_by_step,8.75,Avocado Toast with Cherry Tomatoes and Dill,Avocado Toast with Coffee,0.8945935250672048,0.75,0.2857142857142857,0.5454545454545454,0.42857142857142855,0.5714285714285714,64.02096593036318,,0.0,62.57257704332291,86.85258964143424,75.43859649122805,38.709677419354826,
fsb_00024,ollama/ministral-3-custom:latest_conservative,10.14,Avocado Toast with Cherry Tomatoes and Dill,Avocado Toast with Coffee,0.8945935250672048,0.6,0.2857142857142857,0.5,0.42857142857142855,0.7142857142857143,9.509546986147509,,0.0,4.957570343903526,35.85657370517928,50.87719298245613,19.35483870967742,
fsb_00024,ollama/ministral-3-custom:latest_confident,10.07,Avocado Toast with Cherry Tomatoes and Dill,Avocado Toast with Coffee,0.8945935250672048,0.6,0.2857142857142857,0.5,0.42857142857142855,0.7142857142857143,81.80456757768627,,0.0,80.43769539973202,107.17131474103584,77.19298245614034,57.258064516129025,
fsb_00024,ollama/ministral-3-custom:latest_canonical,7.48,Avocado Toast with Cherry Tomatoes,Avocado Toast with Coffee,0.8848497164502529,1.0,0.2857142857142857,0.6,0.42857142857142855,0.4285714285714286,41.70722575814302,,0.0,41.13443501563198,47.41035856573704,84.21052631578947,20.967741935483865,
fsb_00024,ollama/qwen3.5-custom:latest_detailed,65.74,,,0.0,0.0,0.0,0.0,0.0,0.0,,Empty response from model for fsb_00024.jpg,0.0,,,,,
fsb_00024,ollama/qwen3.5-custom:latest_step_by_step,32.16,,,0.0,0.0,0.0,0.0,0.0,0.0,,Empty response from model for fsb_00024.jpg,0.0,,,,,
fsb_00024,ollama/qwen3.5-custom:latest_conservative,35.39,,,0.0,0.0,0.0,0.0,0.0,0.0,,Empty response from model for fsb_00024.jpg,0.0,,,,,
fsb_00024,ollama/qwen3.5-custom:latest_confident,36.36,,,0.0,0.0,0.0,0.0,0.0,0.0,,Empty response from model for fsb_00024.jpg,0.0,,,,,
fsb_00024,ollama/qwen3.5-custom:latest_canonical,30.99,,,0.0,0.0,0.0,0.0,0.0,0.0,,Empty response from model for fsb_00024.jpg,0.0,,,,,
fsb_00025,ollama/gemma3-custom:latest_detailed,43.44,Salmon with Roasted Vegetables,Avocado Toast with Coffee,0.5885575803763368,0.0,0.0,0.0,0.0,0.33333333333333337,75.03348513260113,,0.0,68.16720257234726,64.28571428571428,210.3448275862069,141.95804195804195,
fsb_00025,ollama/gemma3-custom:latest_step_by_step,8.39,Salmon with Roasted Vegetables,Avocado Toast with Coffee,0.5885575803763368,0.0,0.0,0.0,0.0,0.33333333333333337,77.57835521028663,,0.0,72.02572347266882,56.86813186813187,213.79310344827584,140.55944055944053,
fsb_00025,ollama/gemma3-custom:latest_conservative,5.96,Avocado Toast,Avocado Toast with Coffee,0.942717875826621,1.0,0.6666666666666666,0.8,0.6666666666666666,0.6666666666666667,28.100723278864187,,0.0,30.54662379421222,4.1208791208791204,23.275862068965512,39.86013986013987,
fsb_00025,ollama/gemma3-custom:latest_confident,5.28,Avocado Toast,Avocado Toast with Coffee,0.942717875826621,1.0,0.6666666666666666,0.8,0.6666666666666666,0.6666666666666667,4.795070988481114,,0.0,3.536977491961415,7.142857142857147,13.79310344827586,18.881118881118873,
fsb_00025,ollama/gemma3-custom:latest_canonical,5.26,Salmon with Asparagus,Avocado Toast with Coffee,0.5967420464104143,0.0,0.0,0.0,0.0,0.6666666666666667,31.7439057058666,,0.0,16.39871382636656,89.01098901098901,244.82758620689654,46.853146853146846,
fsb_00025,ollama/llava-custom:latest_detailed,111.75,Breakfast,Avocado Toast with Coffee,0.7316436808594735,1.0,0.3333333333333333,0.8,0.6666666666666666,0.6666666666666667,24.457540851861772,,0.0,26.04501607717042,1.098901098901095,48.275862068965516,30.069930069930074,
fsb_00025,ollama/llava-custom:latest_step_by_step,4.57,Breakfast,Avocado Toast with Coffee,0.7316436808594735,1.0,0.3333333333333333,0.8,0.6666666666666666,0.6666666666666667,25.261184034288775,,0.0,26.04501607717042,1.098901098901095,48.275862068965516,51.048951048951054,
fsb_00025,ollama/llava-custom:latest_conservative,4.55,Breakfast,Avocado Toast with Coffee,0.7316436808594735,1.0,0.3333333333333333,0.8,0.6666666666666666,0.6666666666666667,24.457540851861772,,0.0,26.04501607717042,1.098901098901095,48.275862068965516,30.069930069930074,
fsb_00025,ollama/llava-custom:latest_confident,4.49,Breakfast,Avocado Toast with Coffee,0.7316436808594735,1.0,0.3333333333333333,0.8,0.6666666666666666,0.6666666666666667,24.99330297347977,,0.0,26.04501607717042,1.098901098901095,48.275862068965516,44.05594405594406,
fsb_00025,ollama/llava-custom:latest_canonical,4.53,Breakfast,Avocado Toast with Coffee,0.7316436808594735,1.0,0.3333333333333333,0.8,0.6666666666666666,0.6666666666666667,24.72542191267077,,0.0,26.04501607717042,1.098901098901095,48.275862068965516,37.06293706293707,
fsb_00025,ollama/ministral-3-custom:latest_detailed,45.44,Avocado Toast with Butter and Yogurt,Avocado Toast with Coffee,0.9043390297367673,0.4,0.3333333333333333,0.5,0.6666666666666666,0.33333333333333337,19.47495312081436,,0.0,19.935691318327976,16.483516483516482,31.89655172413794,6.9930069930069925,
fsb_00025,ollama/ministral-3-custom:latest_step_by_step,9.01,Avocado Toast with Greek Yogurt,Avocado Toast with Coffee,0.8761257328966672,0.5,0.3333333333333333,0.5714285714285715,0.6666666666666666,0.6666666666666667,9.697294401285829,,0.0,5.787781350482315,2.4725274725274686,83.62068965517243,53.14685314685315,
fsb_00025,ollama/ministral-3-custom:latest_conservative,8.8,Avocado Toast with Greek Yogurt,Avocado Toast with Coffee,0.8761257328966672,0.5,0.3333333333333333,0.5714285714285715,0.6666666666666666,0.6666666666666667,19.849986605946963,,0.0,18.006430868167204,18.13186813186814,75.86206896551724,18.881118881118873,
fsb_00025,ollama/ministral-3-custom:latest_confident,8.89,Avocado Toast with Greek Yogurt,Avocado Toast with Coffee,0.8761257328966672,0.5,0.3333333333333333,0.5714285714285715,0.6666666666666666,0.6666666666666667,9.75087061344763,,0.0,6.109324758842444,15.384615384615389,58.620689655172406,34.96503496503497,
fsb_00025,ollama/ministral-3-custom:latest_canonical,8.52,Avocado Toast with Yogurt,Avocado Toast with Coffee,0.9031223866981666,0.5,0.6666666666666666,0.5714285714285715,0.6666666666666666,0.6666666666666667,8.652558264130725,,0.0,6.109324758842444,26.37362637362638,1.7241379310344769,24.475524475524473,
fsb_00025,ollama/qwen3.5-custom:latest_detailed,59.38,,,0.0,0.0,0.0,0.0,0.0,0.0,,Empty response from model for fsb_00025.jpg,0.0,,,,,
fsb_00025,ollama/qwen3.5-custom:latest_step_by_step,32.27,,,0.0,0.0,0.0,0.0,0.0,0.0,,Empty response from model for fsb_00025.jpg,0.0,,,,,
fsb_00025,ollama/qwen3.5-custom:latest_conservative,33.05,,,0.0,0.0,0.0,0.0,0.0,0.0,,Empty response from model for fsb_00025.jpg,0.0,,,,,
fsb_00025,ollama/qwen3.5-custom:latest_confident,31.56,,,0.0,0.0,0.0,0.0,0.0,0.0,,Empty response from model for fsb_00025.jpg,0.0,,,,,
fsb_00025,ollama/qwen3.5-custom:latest_canonical,30.47,,,0.0,0.0,0.0,0.0,0.0,0.0,,Empty response from model for fsb_00025.jpg,0.0,,,,,
fsb_00026,ollama/gemma3-custom:latest_detailed,40.43,Salmon with Roasted Vegetables,Avocado Toast with Egg and Cherries,0.6337454444539903,0.0,0.0,0.0,0.0,0.8,35.750738651625035,,0.0,28.836317135549866,55.47945205479452,179.84496124031008,20.114942528735632,
fsb_00026,ollama/gemma3-custom:latest_step_by_step,6.74,Strawberry Yogurt Parfait,Avocado Toast with Egg and Cherries,0.5832980052173893,0.0,0.0,0.0,0.0,0.8,11.684125705076555,,0.0,6.649616368286448,43.83561643835617,6.976744186046514,51.72413793103448,
fsb_00026,ollama/gemma3-custom:latest_conservative,6.42,Mixed Greens Salad with Berries and Nuts,Avocado Toast with Egg and Cherries,0.709834493469966,0.0,0.0,0.0,0.0,0.8,10.556003223207096,,0.0,9.846547314578007,10.958904109589039,37.98449612403101,2.2988505747126355,
fsb_00026,ollama/gemma3-custom:latest_confident,5.96,Strawberry Yogurt Parfait,Avocado Toast with Egg and Cherries,0.5832980052173893,0.0,0.0,0.0,0.0,0.6,15.793714746172446,,0.0,11.125319693094632,60.95890410958904,0.7751937984496096,35.057471264367805,
fsb_00026,ollama/gemma3-custom:latest_canonical,5.1,Salmon with Asparagus,Avocado Toast with Egg and Cherries,0.6682955790615066,0.0,0.0,0.0,0.0,0.4,28.229922105828635,,0.0,15.728900255754471,86.3013698630137,210.07751937984497,20.689655172413804,
fsb_00026,ollama/llava-custom:latest_detailed,112.25,Avocado Toast,Avocado Toast with Egg and Cherries,0.9302570984129848,0.5,0.2,0.28571428571428575,0.2,0.4,7.064195541230195,,0.0,1.2148337595907963,6.164383561643838,55.03875968992248,78.1609195402299,
fsb_00026,ollama/llava-custom:latest_step_by_step,5.19,Avocado Toast with Fruit,Avocado Toast with Egg and Cherries,0.9519880988122843,0.5,0.2,0.28571428571428575,0.2,0.4,28.793983346763362,,0.0,24.680306905370838,63.356164383561655,65.89147286821705,17.24137931034483,
fsb_00026,ollama/llava-custom:latest_conservative,6.11,Avocado Toast with Fruit,Avocado Toast with Egg and Cherries,0.9519880988122843,0.6666666666666666,0.2,0.5,0.4,0.6,38.24872414719312,,0.0,37.787723785166236,24.65753424657534,41.86046511627907,66.66666666666669,
fsb_00026,ollama/llava-custom:latest_confident,6.06,Avocado Toast with Fruit,Avocado Toast with Egg and Cherries,0.9519880988122843,0.6666666666666666,0.2,0.5,0.4,0.6,72.92506043513298,,0.0,70.076726342711,115.75342465753424,53.48837209302326,66.66666666666669,
fsb_00026,ollama/llava-custom:latest_canonical,4.94,Avocado Toast,Avocado Toast with Egg and Cherries,0.9302570984129848,0.5,0.2,0.28571428571428575,0.2,0.4,26.672038678485094,,0.0,23.721227621483372,18.493150684931514,47.286821705426355,78.1609195402299,
fsb_00026,ollama/ministral-3-custom:latest_detailed,47.32,Avocado Toast with Cherry Tomatoes and Guacamole,Avocado Toast with Egg and Cherries,0.93994927481698,0.5,0.2,0.5454545454545454,0.6,0.8,32.232070910556004,,0.0,29.79539641943734,88.35616438356165,1.5503875968992191,4.597701149425292,
fsb_00026,ollama/ministral-3-custom:latest_step_by_step,10.51,Avocado Toast with Cherry Tomatoes and Guacamole,Avocado Toast with Egg and Cherries,0.93994927481698,0.6,0.2,0.6,0.6,1.0,31.291968842331457,,0.0,29.47570332480818,69.17808219178082,15.503875968992247,12.068965517241388,
fsb_00026,ollama/ministral-3-custom:latest_conservative,8.91,Avocado Toast with Cherry Tomatoes and Guacamole,Avocado Toast with Egg and Cherries,0.93994927481698,0.75,0.2,0.6666666666666665,0.6,0.8,3.9484286865431137,,0.0,0.8951406649616405,30.136986301369866,22.48062015503876,1.1494252873563178,
fsb_00026,ollama/ministral-3-custom:latest_confident,10.35,Avocado Toast with Cherry Tomatoes and Guacamole,Avocado Toast with Egg and Cherries,0.93994927481698,0.8,0.2,0.8000000000000002,0.8,1.0,38.59790491539082,,0.0,36.50895140664961,78.08219178082192,13.953488372093029,28.1609195402299,
fsb_00026,ollama/ministral-3-custom:latest_canonical,8.9,Avocado Toast with Cherry Tomatoes and Guacamole,Avocado Toast with Egg and Cherries,0.93994927481698,1.0,0.4,0.888888888888889,0.8,0.8,36.046199301638474,,0.0,33.31202046035805,91.78082191780823,10.852713178294577,10.344827586206902,
fsb_00026,ollama/qwen3.5-custom:latest_detailed,62.55,,,0.0,0.0,0.0,0.0,0.0,0.0,,Empty response from model for fsb_00026.jpg,0.0,,,,,
fsb_00026,ollama/qwen3.5-custom:latest_step_by_step,33.84,,,0.0,0.0,0.0,0.0,0.0,0.0,,Empty response from model for fsb_00026.jpg,0.0,,,,,
fsb_00026,ollama/qwen3.5-custom:latest_conservative,36.38,,,0.0,0.0,0.0,0.0,0.0,0.0,,Empty response from model for fsb_00026.jpg,0.0,,,,,
fsb_00026,ollama/qwen3.5-custom:latest_confident,36.58,,,0.0,0.0,0.0,0.0,0.0,0.0,,Empty response from model for fsb_00026.jpg,0.0,,,,,
fsb_00026,ollama/qwen3.5-custom:latest_canonical,31.79,,,0.0,0.0,0.0,0.0,0.0,0.0,,Empty response from model for fsb_00026.jpg,0.0,,,,,
fsb_00027,ollama/gemma3-custom:latest_detailed,41.23,Avocado Toast with Egg,Avocado Toast with Egg and Coffee,0.9681735203654008,0.75,0.5,0.6,0.5,0.6666666666666667,19.72860125260961,,0.0,17.266851338873508,63.786008230452666,15.107913669064747,9.452736318407952,
fsb_00027,ollama/gemma3-custom:latest_step_by_step,10.25,Avocado Toast with Egg,Avocado Toast with Egg and Coffee,0.9681735203654008,0.75,0.5,0.6,0.5,0.6666666666666667,19.232776617954077,,0.0,17.574638350261626,47.73662551440328,15.107913669064747,14.427860696517406,
fsb_00027,ollama/gemma3-custom:latest_conservative,7.39,Avocado Toast with Egg,Avocado Toast with Egg and Coffee,0.9681735203654008,0.75,0.5,0.6,0.5,0.6666666666666667,12.108559498956154,,0.0,8.279470606340405,50.617283950617285,7.913669064748198,30.348258706467668,
fsb_00027,ollama/gemma3-custom:latest_confident,7.12,Avocado Toast with Egg,Avocado Toast with Egg and Coffee,0.9681735203654008,0.75,0.5,0.6,0.5,0.6666666666666667,19.72860125260961,,0.0,17.266851338873508,63.786008230452666,15.107913669064747,9.452736318407952,
fsb_00027,ollama/gemma3-custom:latest_canonical,5.97,Toast with Avocado,Avocado Toast with Egg and Coffee,0.9160458949025161,1.0,0.3333333333333333,0.6666666666666666,0.5,0.5,17.510438413361175,,0.0,16.03570329332103,60.90534979423868,0.7194244604316521,0.4975124378109523,
fsb_00027,ollama/llava-custom:latest_detailed,112.93,Breakfast,Avocado Toast with Egg and Coffee,0.7912017260606143,0.6666666666666666,0.3333333333333333,0.4444444444444444,0.3333333333333333,0.5,20.876826722338212,,0.0,16.959064327485386,70.78189300411523,43.88489208633093,7.960199004975131,
fsb_00027,ollama/llava-custom:latest_step_by_step,4.72,Breakfast,Avocado Toast with Egg and Coffee,0.7912017260606143,1.0,0.3333333333333333,0.5,0.3333333333333333,0.33333333333333337,32.72442588726513,,0.0,32.28685749461373,65.02057613168725,7.913669064748198,17.910447761194035,
fsb_00027,ollama/llava-custom:latest_conservative,5.89,Breakfast,Avocado Toast with Egg and Coffee,0.7912017260606143,0.6666666666666666,0.3333333333333333,0.4444444444444444,0.3333333333333333,0.5,20.876826722338212,,0.0,16.959064327485386,70.78189300411523,43.88489208633093,7.960199004975131,
fsb_00027,ollama/llava-custom:latest_confident,5.79,Breakfast,Avocado Toast with Egg and Coffee,0.7912017260606143,0.6666666666666666,0.3333333333333333,0.4444444444444444,0.3333333333333333,0.5,31.393528183716075,,0.0,32.28685749461373,31.687242798353903,18.70503597122302,25.373134328358216,
fsb_00027,ollama/llava-custom:latest_canonical,4.77,Breakfast,Avocado Toast with Egg and Coffee,0.7912017260606143,1.0,0.3333333333333333,0.5,0.3333333333333333,0.33333333333333337,71.2160751565762,,0.0,71.06802092951678,90.12345679012347,42.44604316546763,70.64676616915423,
fsb_00027,ollama/ministral-3-custom:latest_detailed,46.75,Avocado Toast with Fried Egg and Coffee,Avocado Toast with Egg and Coffee,0.98473397554453,0.6666666666666666,0.16666666666666666,0.6666666666666666,0.6666666666666666,1.0,66.98851774530272,,0.0,64.97383810403203,132.09876543209873,52.51798561151079,30.8457711442786,
fsb_00027,ollama/ministral-3-custom:latest_step_by_step,11.9,Avocado Toast with Fried Egg and Coffee,Avocado Toast with Egg and Coffee,0.98473397554453,0.6666666666666666,0.16666666666666666,0.6666666666666666,0.6666666666666666,1.0,59.10751565762005,,0.0,59.125884887657755,89.30041152263374,9.352517985611502,56.716417910447745,
fsb_00027,ollama/ministral-3-custom:latest_conservative,10.15,Avocado Toast with Fried Egg and Coffee,Avocado Toast with Egg and Coffee,0.98473397554453,0.6,0.3333333333333333,0.5454545454545454,0.5,0.8333333333333334,28.62734864300627,,0.0,24.345952600800256,109.05349794238681,0.7194244604316521,19.90049751243781,
fsb_00027,ollama/ministral-3-custom:latest_confident,11.31,Avocado Toast with Fried Egg and Coffee,Avocado Toast with Egg and Coffee,0.98473397554453,0.5,0.3333333333333333,0.5,0.5,1.0,61.92588726513571,,0.0,60.66481994459835,106.58436213991772,58.273381294964025,30.8457711442786,
fsb_00027,ollama/ministral-3-custom:latest_canonical,7.44,Avocado Toast with Fried Egg,Avocado Toast with Egg and Coffee,0.9539030384602531,1.0,0.5,0.6666666666666666,0.5,0.5,26.43528183716076,,0.0,24.653739612188375,83.53909465020575,5.755395683453229,0.4975124378109523,
fsb_00027,ollama/qwen3.5-custom:latest_detailed,65.07,,,0.0,0.0,0.0,0.0,0.0,0.0,,Empty response from model for fsb_00027.jpg,0.0,,,,,
fsb_00027,ollama/qwen3.5-custom:latest_step_by_step,35.1,,,0.0,0.0,0.0,0.0,0.0,0.0,,Empty response from model for fsb_00027.jpg,0.0,,,,,
fsb_00027,ollama/qwen3.5-custom:latest_conservative,35.05,,,0.0,0.0,0.0,0.0,0.0,0.0,,Empty response from model for fsb_00027.jpg,0.0,,,,,
fsb_00027,ollama/qwen3.5-custom:latest_confident,36.51,,,0.0,0.0,0.0,0.0,0.0,0.0,,Empty response from model for fsb_00027.jpg,0.0,,,,,
fsb_00027,ollama/qwen3.5-custom:latest_canonical,31.18,,,0.0,0.0,0.0,0.0,0.0,0.0,,Empty response from model for fsb_00027.jpg,0.0,,,,,
fsb_00028,ollama/gemma3-custom:latest_detailed,42.05,Banana Oatmeal,Avocado Toast with Eggs and Fruit,0.6630074614508565,0.25,0.2,0.22222222222222224,0.2,0.8,32.73700521200169,,0.0,30.431860191564446,26.394052044609673,58.730158730158735,63.05084745762712,
fsb_00028,ollama/gemma3-custom:latest_step_by_step,5.07,Banana with Peanut Butter,Avocado Toast with Eggs and Fruit,0.6588498346657682,0.5,0.2,0.28571428571428575,0.2,0.4,50.97901112832795,,0.0,50.59653839690809,38.66171003717472,77.77777777777779,52.54237288135594,
fsb_00028,ollama/gemma3-custom:latest_conservative,5.55,Banana with Peanut Butter,Avocado Toast with Eggs and Fruit,0.6588498346657682,0.5,0.2,0.28571428571428575,0.2,0.4,54.1062121425553,,0.0,54.46143505293228,41.82156133828996,73.33333333333334,48.8135593220339,
fsb_00028,ollama/gemma3-custom:latest_confident,5.04,Banana with Peanut Butter,Avocado Toast with Eggs and Fruit,0.6588498346657682,0.5,0.2,0.28571428571428575,0.2,0.4,50.83814621777716,,0.0,51.10065535204168,36.80297397769516,68.25396825396825,52.54237288135594,
fsb_00028,ollama/gemma3-custom:latest_canonical,5.27,Banana with Yogurt,Avocado Toast with Eggs and Fruit,0.6650366868806653,0.5,0.2,0.28571428571428575,0.2,0.4,55.99380194393577,,0.0,57.318097798689294,25.65055762081784,55.55555555555556,85.08474576271186,
fsb_00028,ollama/llava-custom:latest_detailed,117.71,Breakfast Sandwich,Avocado Toast with Eggs and Fruit,0.7380696690950284,1.0,0.6,0.888888888888889,0.8,0.8,51.55655726158614,,0.0,52.10888926230886,32.342007434944236,63.49206349206349,62.71186440677966,
fsb_00028,ollama/llava-custom:latest_step_by_step,7.09,Breakfast Sandwich,Avocado Toast with Eggs and Fruit,0.7380696690950284,1.0,0.6,0.888888888888889,0.8,0.8,51.55655726158614,,0.0,52.10888926230886,32.342007434944236,63.49206349206349,62.71186440677966,
fsb_00028,ollama/llava-custom:latest_conservative,7.05,Breakfast Sandwich,Avocado Toast with Eggs and Fruit,0.7380696690950284,1.0,0.6,0.888888888888889,0.8,0.8,51.55655726158614,,0.0,52.10888926230886,32.342007434944236,63.49206349206349,62.71186440677966,
fsb_00028,ollama/llava-custom:latest_confident,7.05,Breakfast Sandwich,Avocado Toast with Eggs and Fruit,0.7380696690950284,1.0,0.6,0.888888888888889,0.8,0.8,51.55655726158614,,0.0,52.10888926230886,32.342007434944236,63.49206349206349,62.71186440677966,
fsb_00028,ollama/llava-custom:latest_canonical,4.64,Avocado Toast,Avocado Toast with Eggs and Fruit,0.9429265729455419,1.0,0.2,0.5714285714285715,0.4,0.4,60.13523031412876,,0.0,61.35103343975803,33.08550185873605,80.95238095238095,62.71186440677966,
fsb_00028,ollama/ministral-3-custom:latest_detailed,46.56,Avocado Toast with Poached Eggs and Fruit,Avocado Toast with Eggs and Fruit,0.9760674178972559,0.6666666666666666,0.4,0.7272727272727272,0.8,0.8,10.114100577546136,,0.0,8.082675180641912,17.100371747211902,32.38095238095238,14.576271186440682,
fsb_00028,ollama/ministral-3-custom:latest_step_by_step,10.47,Avocado Toast with Poached Eggs and Sides,Avocado Toast with Eggs and Fruit,0.9475608954763947,0.8,0.4,0.8000000000000002,0.8,1.0,7.423580786026204,,0.0,5.394051419929427,20.81784386617101,29.523809523809526,0.33898305084746244,
fsb_00028,ollama/ministral-3-custom:latest_conservative,10.28,Avocado Toast with Poached Eggs and Fruit,Avocado Toast with Eggs and Fruit,0.9760674178972559,0.8,0.4,0.8000000000000002,0.8,1.0,10.226792505986761,,0.0,8.250714165686443,24.53531598513012,24.761904761904766,8.47457627118644,
fsb_00028,ollama/ministral-3-custom:latest_confident,10.04,Avocado Toast with Poached Eggs and Fruit,Avocado Toast with Eggs and Fruit,0.9760674178972559,0.8,0.6,0.8000000000000002,0.8,1.0,17.636286800957883,,0.0,16.652663417912958,14.312267657992573,31.746031746031743,28.474576271186436,
fsb_00028,ollama/ministral-3-custom:latest_canonical,10.09,Avocado Toast with Eggs and Fruit,Avocado Toast with Eggs and Fruit,1.0,1.0,1.0,1.0,1.0,1.0,16.622059444992257,,0.0,15.140312552512187,18.02973977695168,31.11111111111111,28.474576271186436,
fsb_00028,ollama/qwen3.5-custom:latest_detailed,60.8,,,0.0,0.0,0.0,0.0,0.0,0.0,,Empty response from model for fsb_00028.jpg,0.0,,,,,
fsb_00028,ollama/qwen3.5-custom:latest_step_by_step,35.38,,,0.0,0.0,0.0,0.0,0.0,0.0,,Empty response from model for fsb_00028.jpg,0.0,,,,,
fsb_00028,ollama/qwen3.5-custom:latest_conservative,36.62,,,0.0,0.0,0.0,0.0,0.0,0.0,,Empty response from model for fsb_00028.jpg,0.0,,,,,
fsb_00028,ollama/qwen3.5-custom:latest_confident,32.44,,,0.0,0.0,0.0,0.0,0.0,0.0,,Empty response from model for fsb_00028.jpg,0.0,,,,,
fsb_00028,ollama/qwen3.5-custom:latest_canonical,32.4,,,0.0,0.0,0.0,0.0,0.0,0.0,,Empty response from model for fsb_00028.jpg,0.0,,,,,
fsb_00029,ollama/gemma3-custom:latest_detailed,42.55,Caprese Salad,Avocado Toast with Fried Egg and Arugula Salad,0.6206246260771973,0.25,0.0,0.2,0.16666666666666666,0.6666666666666667,26.630618452179792,,0.0,25.69832402234637,25.0,85.57692307692307,3.3557046979865772,
fsb_00029,ollama/gemma3-custom:latest_step_by_step,5.79,Mixed Greens Salad with Tomatoes and Avocado,Avocado Toast with Fried Egg and Arugula Salad,0.7964126779427438,0.6666666666666666,0.3333333333333333,0.4444444444444444,0.3333333333333333,0.5,13.551875633660018,,0.0,12.21069433359936,20.0,51.92307692307693,0.671140939597313,
fsb_00029,ollama/gemma3-custom:latest_conservative,5.79,Salmon with Asparagus,Avocado Toast with Fried Egg and Arugula Salad,0.6284295804785938,0.3333333333333333,0.16666666666666666,0.2222222222222222,0.16666666666666666,0.5,37.30990199391687,,0.0,28.491620111731848,75.0,178.84615384615387,36.241610738255034,
fsb_00029,ollama/gemma3-custom:latest_confident,5.79,Spinach Salad with Tomatoes and Feta,Avocado Toast with Fried Egg and Arugula Salad,0.7027600492564402,0.3333333333333333,0.16666666666666666,0.2222222222222222,0.16666666666666666,0.5,54.038526529232854,,0.0,53.711093375897846,60.0,32.69230769230769,66.44295302013423,
fsb_00029,ollama/gemma3-custom:latest_canonical,5.82,Salad with Tomatoes and Cheese,Avocado Toast with Fried Egg and Arugula Salad,0.6772376940639044,0.3333333333333333,0.0,0.2222222222222222,0.16666666666666666,0.5,47.95539033457249,,0.0,46.52833200319233,60.0,42.30769230769231,59.73154362416108,
fsb_00029,ollama/llava-custom:latest_detailed,113.09,Egg and Salad,Avocado Toast with Fried Egg and Arugula Salad,0.7969899042930545,0.6666666666666666,0.16666666666666666,0.4444444444444444,0.3333333333333333,0.5,68.23251098344035,,0.0,70.86991221069432,61.0,27.884615384615387,61.74496644295301,
fsb_00029,ollama/llava-custom:latest_step_by_step,8.47,Salad with Egg and Bread,Avocado Toast with Fried Egg and Arugula Salad,0.8165371507672616,0.8,0.5,0.7272727272727272,0.6666666666666666,0.8333333333333334,13.281514025008445,,0.0,8.220271348762967,41.0,34.615384615384606,46.308724832214764,
fsb_00029,ollama/llava-custom:latest_conservative,6.18,Egg and Salad,Avocado Toast with Fried Egg and Arugula Salad,0.7969899042930545,0.6666666666666666,0.16666666666666666,0.4444444444444444,0.3333333333333333,0.5,68.23251098344035,,0.0,70.86991221069432,61.0,27.884615384615387,61.74496644295301,
fsb_00029,ollama/llava-custom:latest_confident,6.02,Egg and Salad,Avocado Toast with Fried Egg and Arugula Salad,0.7969899042930545,0.6666666666666666,0.16666666666666666,0.4444444444444444,0.3333333333333333,0.5,68.23251098344035,,0.0,70.86991221069432,61.0,27.884615384615387,61.74496644295301,
fsb_00029,ollama/llava-custom:latest_canonical,4.75,Egg and Salad,Avocado Toast with Fried Egg and Arugula Salad,0.7969899042930545,0.5,0.16666666666666666,0.25,0.16666666666666666,0.33333333333333337,69.51672862453533,,0.0,71.66799680766161,64.0,32.69230769230769,66.44295302013423,
fsb_00029,ollama/ministral-3-custom:latest_detailed,47.38,Poached Egg with Mixed Greens Salad,Avocado Toast with Fried Egg and Arugula Salad,0.7799152932962254,0.3333333333333333,0.16666666666666666,0.3333333333333333,0.3333333333333333,1.0,17.74248056775938,,0.0,11.013567438148442,63.500000000000014,24.999999999999993,64.42953020134229,
fsb_00029,ollama/ministral-3-custom:latest_step_by_step,10.54,Poached Egg Salad with Toast,Avocado Toast with Fried Egg and Arugula Salad,0.8701307080574349,0.2,0.16666666666666666,0.1818181818181818,0.16666666666666666,0.8333333333333334,6.759040216289286,,0.0,3.4317637669592957,4.0000000000000036,51.92307692307693,34.89932885906041,
fsb_00029,ollama/ministral-3-custom:latest_conservative,10.54,Poached Egg with Mixed Greens Salad,Avocado Toast with Fried Egg and Arugula Salad,0.7799152932962254,0.4,0.16666666666666666,0.3636363636363636,0.3333333333333333,0.8333333333333334,13.889827644474483,,0.0,13.806863527533917,0.9999999999999963,7.692307692307682,36.91275167785235,
fsb_00029,ollama/ministral-3-custom:latest_confident,12.21,Poached Egg with Mixed Greens Salad,Avocado Toast with Fried Egg and Arugula Salad,0.7799152932962254,0.5,0.16666666666666666,0.5,0.5,1.0,22.47380871916188,,0.0,17.717478052673584,66.00000000000001,46.15384615384614,27.516778523489933,
fsb_00029,ollama/ministral-3-custom:latest_canonical,7.66,Grilled Cheese Sandwich with Mixed Greens Salad,Avocado Toast with Fried Egg and Arugula Salad,0.7369002542809215,0.0,0.0,0.0,0.0,0.5,24.636701588374454,,0.0,21.30885873902634,90.0,0.9615384615384581,9.395973154362418,
fsb_00029,ollama/qwen3.5-custom:latest_detailed,64.64,,,0.0,0.0,0.0,0.0,0.0,0.0,,Empty response from model for fsb_00029.jpg,0.0,,,,,
fsb_00029,ollama/qwen3.5-custom:latest_step_by_step,32.41,,,0.0,0.0,0.0,0.0,0.0,0.0,,Empty response from model for fsb_00029.jpg,0.0,,,,,
fsb_00029,ollama/qwen3.5-custom:latest_conservative,35.53,,,0.0,0.0,0.0,0.0,0.0,0.0,,Empty response from model for fsb_00029.jpg,0.0,,,,,
fsb_00029,ollama/qwen3.5-custom:latest_confident,35.88,,,0.0,0.0,0.0,0.0,0.0,0.0,,Empty response from model for fsb_00029.jpg,0.0,,,,,
fsb_00029,ollama/qwen3.5-custom:latest_canonical,32.45,,,0.0,0.0,0.0,0.0,0.0,0.0,,Empty response from model for fsb_00029.jpg,0.0,,,,,
fsb_00030,ollama/gemma3-custom:latest_detailed,40.51,Avocado Toast,Avocado Toast With Egg,0.9411840828169642,0.5,0.25,0.3333333333333333,0.25,0.5,14.300464636035102,,0.0,9.420289855072461,77.27272727272727,5.660377358490563,27.966101694915256,
fsb_00030,ollama/gemma3-custom:latest_step_by_step,7.18,Omelette with Vegetables,Avocado Toast With Egg,0.6799612308615932,0.25,0.25,0.25,0.25,1.0,42.61744966442952,,0.0,40.51932367149758,60.0,45.28301886792453,54.661016949152554,
fsb_00030,ollama/gemma3-custom:latest_conservative,7.6,Omelette with Vegetables,Avocado Toast With Egg,0.6799612308615932,0.2,0.25,0.22222222222222224,0.25,0.75,27.929788332472892,,0.0,24.214975845410624,54.54545454545454,69.81132075471699,36.440677966101696,
fsb_00030,ollama/gemma3-custom:latest_confident,5.27,Avocado Toast,Avocado Toast With Egg,0.9411840828169642,0.5,0.25,0.3333333333333333,0.25,0.5,14.300464636035102,,0.0,9.420289855072461,77.27272727272727,5.660377358490563,27.966101694915256,
fsb_00030,ollama/gemma3-custom:latest_canonical,5.76,Omelette with Vegetables,Avocado Toast With Egg,0.6799612308615932,0.3333333333333333,0.25,0.28571428571428575,0.25,0.75,49.35467217346412,,0.0,47.765700483091784,81.81818181818183,22.641509433962266,53.38983050847458,
fsb_00030,ollama/llava-custom:latest_detailed,114.18,Egg and Avocado Sandwich,Avocado Toast With Egg,0.8768555047018051,0.6666666666666666,0.5,0.5714285714285715,0.5,0.75,14.455343314403713,,0.0,13.949275362318838,26.363636363636367,22.641509433962266,6.7796610169491585,
fsb_00030,ollama/llava-custom:latest_step_by_step,6.03,Egg and Avocado Sandwich,Avocado Toast With Egg,0.8768555047018051,0.6666666666666666,0.5,0.5714285714285715,0.5,0.75,14.403717088280843,,0.0,13.949275362318838,25.454545454545464,22.641509433962266,6.7796610169491585,
fsb_00030,ollama/llava-custom:latest_conservative,6.24,Egg and Avocado Sandwich,Avocado Toast With Egg,0.8768555047018051,0.6666666666666666,0.5,0.5714285714285715,0.5,0.75,26.045431078988123,,0.0,22.886473429951696,93.63636363636364,17.924528301886795,11.016949152542379,
fsb_00030,ollama/llava-custom:latest_confident,6.03,Egg and Avocado Sandwich,Avocado Toast With Egg,0.8768555047018051,0.6666666666666666,0.5,0.5714285714285715,0.5,0.75,14.403717088280843,,0.0,13.949275362318838,25.454545454545464,22.641509433962266,6.7796610169491585,
fsb_00030,ollama/llava-custom:latest_canonical,4.99,Egg and Avocado Sandwich,Avocado Toast With Egg,0.8768555047018051,1.0,0.5,0.6666666666666666,0.5,0.5,10.015487867836855,,0.0,9.420289855072461,7.27272727272728,21.69811320754716,15.677966101694912,
fsb_00030,ollama/ministral-3-custom:latest_detailed,44.19,Avocado Toast with Fried Egg,Avocado Toast With Egg,0.9783249684336591,0.75,0.0,0.75,0.75,1.0,34.12493546721735,,0.0,32.24637681159421,102.72727272727273,21.698113207547177,2.11864406779661,
fsb_00030,ollama/ministral-3-custom:latest_step_by_step,7.39,Avocado Toast with Fried Egg,Avocado Toast With Egg,0.9783249684336591,0.6666666666666666,0.25,0.5714285714285715,0.5,0.75,28.807434176561692,,0.0,25.301932367149764,98.18181818181819,41.50943396226416,7.6271186440677985,
fsb_00030,ollama/ministral-3-custom:latest_conservative,7.44,Avocado Toast with Fried Egg,Avocado Toast With Egg,0.9783249684336591,0.6666666666666666,0.25,0.5714285714285715,0.5,0.75,34.17656169334021,,0.0,32.24637681159421,95.9090909090909,41.50943396226416,0.423728813559313,
fsb_00030,ollama/ministral-3-custom:latest_confident,7.46,Avocado Toast with Fried Egg,Avocado Toast With Egg,0.9783249684336591,0.6666666666666666,0.25,0.5714285714285715,0.5,0.75,37.1708828084667,,0.0,34.35990338164252,116.36363636363637,41.50943396226416,0.8474576271186409,
fsb_00030,ollama/ministral-3-custom:latest_canonical,7.47,Avocado Toast with Fried Egg,Avocado Toast With Egg,0.9783249684336591,0.6666666666666666,0.5,0.5714285714285715,0.5,0.75,37.14506969540526,,0.0,34.35990338164252,116.36363636363637,41.50943396226416,0.423728813559328,
fsb_00030,ollama/qwen3.5-custom:latest_detailed,61.95,,,0.0,0.0,0.0,0.0,0.0,0.0,,Empty response from model for fsb_00030.jpg,0.0,,,,,
fsb_00030,ollama/qwen3.5-custom:latest_step_by_step,34.14,,,0.0,0.0,0.0,0.0,0.0,0.0,,Empty response from model for fsb_00030.jpg,0.0,,,,,
fsb_00030,ollama/qwen3.5-custom:latest_conservative,32.63,,,0.0,0.0,0.0,0.0,0.0,0.0,,Empty response from model for fsb_00030.jpg,0.0,,,,,
fsb_00030,ollama/qwen3.5-custom:latest_confident,32.78,,,0.0,0.0,0.0,0.0,0.0,0.0,,Empty response from model for fsb_00030.jpg,0.0,,,,,
fsb_00030,ollama/qwen3.5-custom:latest_canonical,33.0,,,0.0,0.0,0.0,0.0,0.0,0.0,,Empty response from model for fsb_00030.jpg,0.0,,,,,
fsb_00031,ollama/gemma3-custom:latest_detailed,40.74,Avocado Toast,Avocado Toast with Hummus and Orange,0.925635684238783,1.0,0.25,0.6666666666666666,0.5,0.5,12.027158098933082,,0.0,12.561935295832125,11.161731207289291,5.263157894736842,6.9182389937106885,
fsb_00031,ollama/gemma3-custom:latest_step_by_step,5.21,Avocado Toast,Avocado Toast with Hummus and Orange,0.925635684238783,1.0,0.25,0.6666666666666666,0.5,0.5,13.967022308438414,,0.0,13.144855727193244,22.551252847380407,26.31578947368421,0.6289308176100606,
fsb_00031,ollama/gemma3-custom:latest_conservative,5.27,Avocado Toast,Avocado Toast with Hummus and Orange,0.925635684238783,1.0,0.25,0.6666666666666666,0.5,0.5,12.512124151309415,,0.0,13.436315942873803,11.161731207289291,5.263157894736842,0.6289308176100606,
fsb_00031,ollama/gemma3-custom:latest_confident,5.26,Avocado Toast,Avocado Toast with Hummus and Orange,0.925635684238783,1.0,0.25,0.6666666666666666,0.5,0.5,12.754607177497581,,0.0,12.561935295832125,15.717539863325738,15.789473684210526,6.9182389937106885,
fsb_00031,ollama/gemma3-custom:latest_canonical,5.14,Avocado Toast,Avocado Toast with Hummus and Orange,0.925635684238783,1.0,0.5,0.6666666666666666,0.5,0.5,12.99709020368575,,0.0,12.561935295832125,15.717539863325738,15.789473684210526,13.207547169811317,
fsb_00031,ollama/llava-custom:latest_detailed,115.88,Breakfast Plate,Avocado Toast with Hummus and Orange,0.6539344630160043,0.5,0.25,0.5,0.5,1.0,46.84772065955383,,0.0,44.27280676187699,50.34168564920273,1.0526315789473648,120.12578616352201,
fsb_00031,ollama/llava-custom:latest_step_by_step,6.51,Breakfast Plate,Avocado Toast with Hummus and Orange,0.6539344630160043,0.3333333333333333,0.25,0.28571428571428575,0.25,0.75,29.097963142580014,,0.0,19.49868842902943,67.88154897494306,12.631578947368412,138.9937106918239,
fsb_00031,ollama/llava-custom:latest_conservative,6.05,Breakfast Plate,Avocado Toast with Hummus and Orange,0.6539344630160043,0.3333333333333333,0.25,0.28571428571428575,0.25,0.75,20.489815712900107,,0.0,17.51675896240164,48.747152619589976,15.789473684210526,9.433962264150932,
fsb_00031,ollama/llava-custom:latest_confident,6.52,Breakfast Plate,Avocado Toast with Hummus and Orange,0.6539344630160043,0.3333333333333333,0.25,0.28571428571428575,0.25,0.75,39.91270611057226,,0.0,31.74001748761293,77.22095671981776,18.94736842105263,125.78616352201257,
fsb_00031,ollama/llava-custom:latest_canonical,5.07,Breakfast,Avocado Toast with Hummus and Orange,0.7289033923506101,0.5,0.25,0.3333333333333333,0.25,0.5,16.12512124151309,,0.0,5.50859807636257,73.80410022779044,11.578947368421048,88.67924528301886,
fsb_00031,ollama/ministral-3-custom:latest_detailed,42.46,Stuffed Bell Peppers and Orange Slices,Avocado Toast with Hummus and Orange,0.6553083200755543,0.0,0.0,0.0,0.0,0.75,33.80213385063045,,0.0,28.533955115126773,29.38496583143508,184.21052631578948,69.81132075471697,
fsb_00031,ollama/ministral-3-custom:latest_step_by_step,7.7,Stuffed Bell Peppers and Orange Slices,Avocado Toast with Hummus and Orange,0.6553083200755543,0.0,0.0,0.0,0.0,0.75,17.07080504364695,,0.0,16.933838531040518,2.050113895216398,26.31578947368421,55.9748427672956,
fsb_00031,ollama/ministral-3-custom:latest_conservative,6.18,Stuffed Bell Peppers and Orange Slices,Avocado Toast with Hummus and Orange,0.6553083200755543,0.5,0.0,0.3333333333333333,0.25,0.5,19.85935984481087,,0.0,19.848440687846114,10.02277904328018,5.263157894736842,55.9748427672956,
fsb_00031,ollama/ministral-3-custom:latest_confident,9.24,Stuffed Bell Peppers and Orange Slices,Avocado Toast with Hummus and Orange,0.6553083200755543,0.0,0.0,0.0,0.0,1.0,15.688651794374392,,0.0,15.418245409501596,4.328018223234621,100.0,2.5157232704402537,
fsb_00031,ollama/ministral-3-custom:latest_canonical,7.54,Stuffed Bell Pepper with Orange Slices,Avocado Toast with Hummus and Orange,0.653182599533251,0.3333333333333333,0.25,0.28571428571428575,0.25,0.75,6.1590688651794325,,0.0,2.5939959195569737,7.061503416856496,68.42105263157895,43.39622641509434,
fsb_00031,ollama/qwen3.5-custom:latest_detailed,62.72,,,0.0,0.0,0.0,0.0,0.0,0.0,,Empty response from model for fsb_00031.jpg,0.0,,,,,
fsb_00031,ollama/qwen3.5-custom:latest_step_by_step,32.81,,,0.0,0.0,0.0,0.0,0.0,0.0,,Empty response from model for fsb_00031.jpg,0.0,,,,,
fsb_00031,ollama/qwen3.5-custom:latest_conservative,33.48,,,0.0,0.0,0.0,0.0,0.0,0.0,,Empty response from model for fsb_00031.jpg,0.0,,,,,
fsb_00031,ollama/qwen3.5-custom:latest_confident,33.86,,,0.0,0.0,0.0,0.0,0.0,0.0,,Empty response from model for fsb_00031.jpg,0.0,,,,,
fsb_00031,ollama/qwen3.5-custom:latest_canonical,31.76,,,0.0,0.0,0.0,0.0,0.0,0.0,,Empty response from model for fsb_00031.jpg,0.0,,,,,
fsb_00032,ollama/gemma3-custom:latest_detailed,43.01,Salmon with Roasted Vegetables,Avocado Toast with Orange and Coffee,0.578409763079273,0.0,0.0,0.0,0.0,0.8333333333333334,101.71726464274764,,0.0,96.90265486725664,54.22740524781341,400.0,158.64661654135338,
fsb_00032,ollama/gemma3-custom:latest_step_by_step,8.21,Salmon with Roasted Vegetables,Avocado Toast with Orange and Coffee,0.578409763079273,0.0,0.0,0.0,0.0,0.8333333333333334,102.23857712358173,,0.0,97.27138643067848,53.35276967930028,401.3698630136987,165.41353383458645,
fsb_00032,ollama/gemma3-custom:latest_conservative,7.4,Omelette with Vegetables,Avocado Toast with Orange and Coffee,0.6123794107201617,0.0,0.0,0.0,0.0,0.6666666666666667,32.50536645200858,,0.0,25.884955752212385,76.67638483965014,106.84931506849315,12.781954887218053,
fsb_00032,ollama/gemma3-custom:latest_confident,7.05,Omelette with Vegetables,Avocado Toast with Orange and Coffee,0.6123794107201617,0.0,0.0,0.0,0.0,0.6666666666666667,17.26464274762342,,0.0,5.235988200589967,73.76093294460642,197.26027397260273,18.045112781954874,
fsb_00032,ollama/gemma3-custom:latest_canonical,5.75,Omelette with Vegetables,Avocado Toast with Orange and Coffee,0.6123794107201617,0.0,0.0,0.0,0.0,0.5,40.01839926402943,,0.0,34.36578171091445,85.42274052478133,78.08219178082192,17.29323308270677,
fsb_00032,ollama/llava-custom:latest_detailed,112.63,Breakfast,Avocado Toast with Orange and Coffee,0.7374191419262374,1.0,0.16666666666666666,0.5,0.3333333333333333,0.33333333333333337,17.019319227230913,,0.0,14.306784660766967,31.19533527696794,17.80821917808219,35.33834586466165,
fsb_00032,ollama/llava-custom:latest_step_by_step,4.7,Breakfast,Avocado Toast with Orange and Coffee,0.7374191419262374,1.0,0.3333333333333333,0.5,0.3333333333333333,0.33333333333333337,17.939282428702853,,0.0,17.994100294985255,2.0408163265306207,17.80821917808219,57.89473684210525,
fsb_00032,ollama/llava-custom:latest_conservative,5.76,Breakfast,Avocado Toast with Orange and Coffee,0.7374191419262374,1.0,0.16666666666666666,0.5,0.3333333333333333,0.33333333333333337,16.559337626494944,,0.0,14.306784660766967,22.448979591836746,38.35616438356164,35.33834586466165,
fsb_00032,ollama/llava-custom:latest_confident,4.66,Breakfast,Avocado Toast with Orange and Coffee,0.7374191419262374,1.0,0.3333333333333333,0.5,0.3333333333333333,0.33333333333333337,17.939282428702853,,0.0,17.994100294985255,2.0408163265306207,17.80821917808219,57.89473684210525,
fsb_00032,ollama/llava-custom:latest_canonical,4.9,Avocado Toast with Orange Slices,Avocado Toast with Orange and Coffee,0.942094049459495,0.5,0.16666666666666666,0.25,0.16666666666666666,0.33333333333333337,57.95768169273229,,0.0,56.34218289085546,54.51895043731779,10.958904109589039,125.56390977443608,
fsb_00032,ollama/ministral-3-custom:latest_detailed,44.36,Avocado Toast with Cherry Tomatoes and Orange Slices,Avocado Toast with Orange and Coffee,0.9185319523345854,1.0,0.3333333333333333,0.9090909090909091,0.8333333333333334,0.8333333333333334,63.477460901563944,,0.0,62.241887905604734,82.50728862973763,53.42465753424656,45.11278195488722,
fsb_00032,ollama/ministral-3-custom:latest_step_by_step,11.84,Avocado Toast with Cherry Tomatoes and Orange Slices,Avocado Toast with Orange and Coffee,0.9185319523345854,0.6666666666666666,0.3333333333333333,0.6666666666666666,0.6666666666666666,1.0,95.86016559337627,,0.0,92.84660766961653,152.47813411078715,102.73972602739727,7.518796992481203,
fsb_00032,ollama/ministral-3-custom:latest_conservative,10.27,Avocado Toast with Cherry Tomatoes and Orange Slices,Avocado Toast with Orange and Coffee,0.9185319523345854,1.0,0.3333333333333333,0.9090909090909091,0.8333333333333334,0.8333333333333334,12.204845139527755,,0.0,7.300884955752217,40.52478134110789,38.35616438356164,24.812030075187973,
fsb_00032,ollama/ministral-3-custom:latest_confident,10.29,Avocado Toast with Cherry Tomatoes and Orange Slices,Avocado Toast with Orange and Coffee,0.9185319523345854,1.0,0.3333333333333333,0.9090909090909091,0.8333333333333334,0.8333333333333334,41.70499846672801,,0.0,40.48672566371682,65.01457725947523,46.575342465753415,3.7593984962406015,
fsb_00032,ollama/ministral-3-custom:latest_canonical,10.05,Avocado Toast with Cherry Tomatoes and Orange Slices,Avocado Toast with Orange and Coffee,0.9185319523345854,1.0,0.5,0.9090909090909091,0.8333333333333334,0.8333333333333334,37.74915670039866,,0.0,37.168141592920364,55.10204081632655,39.72602739726027,3.7593984962406015,
fsb_00032,ollama/qwen3.5-custom:latest_detailed,62.89,,,0.0,0.0,0.0,0.0,0.0,0.0,,Empty response from model for fsb_00032.jpg,0.0,,,,,
fsb_00032,ollama/qwen3.5-custom:latest_step_by_step,35.46,,,0.0,0.0,0.0,0.0,0.0,0.0,,Empty response from model for fsb_00032.jpg,0.0,,,,,
fsb_00032,ollama/qwen3.5-custom:latest_conservative,36.43,,,0.0,0.0,0.0,0.0,0.0,0.0,,Empty response from model for fsb_00032.jpg,0.0,,,,,
fsb_00032,ollama/qwen3.5-custom:latest_confident,33.73,,,0.0,0.0,0.0,0.0,0.0,0.0,,Empty response from model for fsb_00032.jpg,0.0,,,,,
fsb_00032,ollama/qwen3.5-custom:latest_canonical,32.65,,,0.0,0.0,0.0,0.0,0.0,0.0,,Empty response from model for fsb_00032.jpg,0.0,,,,,
fsb_00033,ollama/gemma3-custom:latest_detailed,40.55,Avocado Toast with Egg,Avocado Toast with Poached Egg and Cherries,0.9479826357448362,0.75,0.5,0.6,0.5,0.6666666666666667,49.44625407166126,,0.0,48.595943837753524,56.69291338582677,18.51851851851852,88.03418803418805,
fsb_00033,ollama/gemma3-custom:latest_step_by_step,5.96,Avocado Toast with Egg,Avocado Toast with Poached Egg and Cherries,0.9479826357448362,1.0,0.5,0.6666666666666666,0.5,0.5,47.42671009771989,,0.0,47.42589703588145,48.03149606299214,11.11111111111111,88.03418803418805,
fsb_00033,ollama/gemma3-custom:latest_conservative,7.59,Avocado Toast with Egg,Avocado Toast with Poached Egg and Cherries,0.9479826357448362,0.6,0.5,0.5454545454545454,0.5,0.8333333333333334,48.40390879478829,,0.0,47.42589703588145,55.905511811023636,18.51851851851852,88.03418803418805,
fsb_00033,ollama/gemma3-custom:latest_confident,6.1,Avocado Toast with Egg,Avocado Toast with Poached Egg and Cherries,0.9479826357448362,1.0,0.5,0.6666666666666666,0.5,0.5,48.40390879478829,,0.0,47.42589703588145,55.905511811023636,18.51851851851852,88.03418803418805,
fsb_00033,ollama/gemma3-custom:latest_canonical,5.83,Avocado Toast with Eggs,Avocado Toast with Poached Egg and Cherries,0.9491475207944033,1.0,0.3333333333333333,0.6666666666666666,0.5,0.5,47.231270358306205,,0.0,46.6458658346334,41.73228346456694,48.148148148148145,70.94017094017096,
fsb_00033,ollama/llava-custom:latest_detailed,112.9,Breakfast,Avocado Toast with Poached Egg and Cherries,0.7671594831449862,0.6666666666666666,0.3333333333333333,0.4444444444444444,0.3333333333333333,0.5,6.710097719869701,,0.0,5.616224648985951,14.173228346456698,14.074074074074078,5.982905982905977,
fsb_00033,ollama/llava-custom:latest_step_by_step,4.64,Breakfast,Avocado Toast with Poached Egg and Cherries,0.7671594831449862,0.5,0.16666666666666666,0.25,0.16666666666666666,0.33333333333333337,10.684039087947879,,0.0,2.496099843993751,67.71653543307087,62.96296296296296,5.982905982905977,
fsb_00033,ollama/llava-custom:latest_conservative,5.71,Breakfast,Avocado Toast with Poached Egg and Cherries,0.7671594831449862,0.5,0.16666666666666666,0.25,0.16666666666666666,0.33333333333333337,21.07491856677524,,0.0,14.1965678627145,60.629921259842526,68.14814814814815,31.623931623931618,
fsb_00033,ollama/llava-custom:latest_confident,5.42,Breakfast,Avocado Toast with Poached Egg and Cherries,0.7671594831449862,0.5,0.16666666666666666,0.25,0.16666666666666666,0.33333333333333337,10.684039087947879,,0.0,2.496099843993751,67.71653543307087,62.96296296296296,5.982905982905977,
fsb_00033,ollama/llava-custom:latest_canonical,4.74,Breakfast,Avocado Toast with Poached Egg and Cherries,0.7671594831449862,1.0,0.3333333333333333,0.5,0.3333333333333333,0.33333333333333337,32.899022801302934,,0.0,33.697347893915754,46.85039370078739,7.4074074074074066,14.529914529914526,
fsb_00033,ollama/ministral-3-custom:latest_detailed,47.78,Avocado Toast with Poached Eggs and Cherry Topping,Avocado Toast with Poached Egg and Cherries,0.9746173911118835,0.6666666666666666,0.3333333333333333,0.6666666666666666,0.6666666666666666,1.0,120.71661237785018,,0.0,122.69890795631828,107.08661417322836,66.66666666666666,169.23076923076925,
fsb_00033,ollama/ministral-3-custom:latest_step_by_step,11.75,Avocado Toast with Poached Eggs and Cherries,Avocado Toast with Poached Egg and Cherries,0.9964285583971857,0.6666666666666666,0.3333333333333333,0.6666666666666666,0.6666666666666666,1.0,115.86319218241046,,0.0,114.89859594383778,132.28346456692915,85.18518518518519,136.75213675213675,
fsb_00033,ollama/ministral-3-custom:latest_conservative,11.74,Avocado Toast with Poached Eggs and Cherries,Avocado Toast with Poached Egg and Cherries,0.9964285583971857,0.8333333333333334,0.3333333333333333,0.8333333333333334,0.8333333333333334,1.0,119.38110749185671,,0.0,121.52886115444619,116.14173228346458,83.70370370370371,120.51282051282053,
fsb_00033,ollama/ministral-3-custom:latest_confident,11.96,Avocado Toast with Poached Eggs and Cherries,Avocado Toast with Poached Egg and Cherries,0.9964285583971857,0.6666666666666666,0.3333333333333333,0.6666666666666666,0.6666666666666666,1.0,122.11726384364825,,0.0,121.13884555382216,150.3937007874016,88.88888888888889,120.51282051282053,
fsb_00033,ollama/ministral-3-custom:latest_canonical,8.84,Avocado Toast with Poached Eggs and Berries,Avocado Toast with Poached Egg and Cherries,0.9718580491888091,0.75,0.5,0.6,0.5,0.6666666666666667,84.56026058631923,,0.0,82.5273010920437,161.0236220472441,25.925925925925924,30.76923076923078,
fsb_00033,ollama/qwen3.5-custom:latest_detailed,63.92,,,0.0,0.0,0.0,0.0,0.0,0.0,,Empty response from model for fsb_00033.jpg,0.0,,,,,
fsb_00033,ollama/qwen3.5-custom:latest_step_by_step,32.25,,,0.0,0.0,0.0,0.0,0.0,0.0,,Empty response from model for fsb_00033.jpg,0.0,,,,,
fsb_00033,ollama/qwen3.5-custom:latest_conservative,35.41,,,0.0,0.0,0.0,0.0,0.0,0.0,,Empty response from model for fsb_00033.jpg,0.0,,,,,
fsb_00033,ollama/qwen3.5-custom:latest_confident,35.4,,,0.0,0.0,0.0,0.0,0.0,0.0,,Empty response from model for fsb_00033.jpg,0.0,,,,,
fsb_00033,ollama/qwen3.5-custom:latest_canonical,31.78,,,0.0,0.0,0.0,0.0,0.0,0.0,,Empty response from model for fsb_00033.jpg,0.0,,,,,
fsb_00034,ollama/gemma3-custom:latest_detailed,42.76,Avocado Toast with Egg and Greens,Avocado Toast with Poached Eggs,0.9460176129611542,0.4,0.125,0.3076923076923077,0.25,0.625,37.54597124707456,,0.0,35.40202966432474,47.49034749034751,45.60669456066945,55.55555555555556,
fsb_00034,ollama/gemma3-custom:latest_step_by_step,7.41,Avocado Toast with Microgreens,Avocado Toast with Poached Eggs,0.8675370322684117,0.75,0.25,0.5,0.375,0.5,40.85590103644266,,0.0,38.52459016393443,50.57915057915059,62.34309623430963,52.77777777777778,
fsb_00034,ollama/gemma3-custom:latest_conservative,7.7,Avocado Toast with Egg,Avocado Toast with Poached Eggs,0.9625868210915243,0.6,0.125,0.4615384615384615,0.375,0.625,20.21063189568706,,0.0,15.495706479313032,64.86486486486488,40.58577405857741,41.66666666666667,
fsb_00034,ollama/gemma3-custom:latest_confident,7.45,Avocado Toast with Salmon and Microgreens,Avocado Toast with Poached Eggs,0.8904395195650592,0.75,0.25,0.5,0.375,0.5,17.65295887662989,,0.0,14.129586260733799,54.44015444015445,21.33891213389122,38.88888888888889,
fsb_00034,ollama/gemma3-custom:latest_canonical,5.78,Avocado Toast with Salmon,Avocado Toast with Poached Eggs,0.8929600405633166,0.6666666666666666,0.25,0.36363636363636365,0.25,0.375,18.288197927114673,,0.0,17.056986729117874,35.135135135135144,3.765690376569032,33.33333333333333,
fsb_00034,ollama/llava-custom:latest_detailed,113.35,Avocado Toast,Avocado Toast with Poached Eggs,0.9277061432629736,0.5,0.25,0.2,0.125,0.25,19.257773319959878,,0.0,17.25214676034348,13.899613899613906,71.96652719665272,16.666666666666664,
fsb_00034,ollama/llava-custom:latest_step_by_step,4.79,Avocado Toast,Avocado Toast with Poached Eggs,0.9277061432629736,0.5,0.25,0.2,0.125,0.25,39.05048478769642,,0.0,39.695550351288055,19.6911196911197,75.73221757322175,19.444444444444446,
fsb_00034,ollama/llava-custom:latest_conservative,4.83,Avocado Toast,Avocado Toast with Poached Eggs,0.9277061432629736,0.5,0.25,0.2,0.125,0.25,18.756268806419254,,0.0,17.056986729117874,6.5637065637065755,75.73221757322175,13.88888888888889,
fsb_00034,ollama/llava-custom:latest_confident,4.81,Avocado Toast,Avocado Toast with Poached Eggs,0.9277061432629736,0.5,0.25,0.2,0.125,0.25,19.257773319959878,,0.0,17.25214676034348,13.899613899613906,71.96652719665272,16.666666666666664,
fsb_00034,ollama/llava-custom:latest_canonical,4.85,Avocado Toast,Avocado Toast with Poached Eggs,0.9277061432629736,0.5,0.25,0.2,0.125,0.25,20.093614175860914,,0.0,17.056986729117874,33.5907335907336,71.5481171548117,19.444444444444446,
fsb_00034,ollama/ministral-3-custom:latest_detailed,46.85,Avocado Toast with Poached Eggs and Crumbled Feta,Avocado Toast with Poached Eggs,0.9469328455474868,0.8333333333333334,0.125,0.7142857142857143,0.625,0.75,21.664994984954873,,0.0,16.9008587041374,129.34362934362935,15.899581589958162,15.833333333333332,
fsb_00034,ollama/ministral-3-custom:latest_step_by_step,12.22,Avocado Toast with Poached Eggs and Crumbled Feta,Avocado Toast with Poached Eggs,0.9469328455474868,0.8333333333333334,0.125,0.7142857142857143,0.625,0.75,12.554329655633575,,0.0,8.118657298985173,88.41698841698842,16.317991631799174,18.611111111111107,
fsb_00034,ollama/ministral-3-custom:latest_conservative,12.03,Avocado Toast with Poached Eggs and Crumbled Feta,Avocado Toast with Poached Eggs,0.9469328455474868,0.8333333333333334,0.25,0.7142857142857143,0.625,0.75,9.812771648278174,,0.0,5.581576893052308,81.46718146718148,12.552301255230125,16.666666666666664,
fsb_00034,ollama/ministral-3-custom:latest_confident,12.08,Avocado Toast with Poached Eggs and Crumbled Feta,Avocado Toast with Poached Eggs,0.9469328455474868,0.8333333333333334,0.25,0.7142857142857143,0.625,0.75,17.719826145101976,,0.0,12.9976580796253,110.42471042471043,21.33891213389122,15.833333333333332,
fsb_00034,ollama/ministral-3-custom:latest_canonical,10.39,Avocado Toast with Poached Eggs,Avocado Toast with Poached Eggs,1.0000000000000009,0.6,0.25,0.4615384615384615,0.375,0.625,4.680708793045801,,0.0,3.9812646370023375,9.266409266409276,7.949790794979074,9.166666666666659,
fsb_00034,ollama/qwen3.5-custom:latest_detailed,59.8,,,0.0,0.0,0.0,0.0,0.0,0.0,,Empty response from model for fsb_00034.jpg,0.0,,,,,
fsb_00034,ollama/qwen3.5-custom:latest_step_by_step,31.0,,,0.0,0.0,0.0,0.0,0.0,0.0,,Empty response from model for fsb_00034.jpg,0.0,,,,,
fsb_00034,ollama/qwen3.5-custom:latest_conservative,31.09,,,0.0,0.0,0.0,0.0,0.0,0.0,,Empty response from model for fsb_00034.jpg,0.0,,,,,
fsb_00034,ollama/qwen3.5-custom:latest_confident,31.56,,,0.0,0.0,0.0,0.0,0.0,0.0,,Empty response from model for fsb_00034.jpg,0.0,,,,,
fsb_00034,ollama/qwen3.5-custom:latest_canonical,29.23,,,0.0,0.0,0.0,0.0,0.0,0.0,,Empty response from model for fsb_00034.jpg,0.0,,,,,
fsb_00035,ollama/gemma3-custom:latest_detailed,40.94,Avocado Toast with Egg,Avocado Toast with Poached Eggs,0.9625868210915243,0.5,0.25,0.5,0.5,1.0,23.73612823674475,,0.0,23.370950127411717,9.785202863961818,40.92827004219409,34.91124260355029,
fsb_00035,ollama/gemma3-custom:latest_step_by_step,7.36,Avocado Toast with Tomato and Egg,Avocado Toast with Poached Eggs,0.9275230831166421,0.75,0.5,0.75,0.75,1.0,27.83600493218249,,0.0,28.83145249362941,3.3412887828162257,38.81856540084388,34.319526627218934,
fsb_00035,ollama/gemma3-custom:latest_conservative,7.37,Avocado Toast with Egg,Avocado Toast with Poached Eggs,0.9625868210915243,0.5,0.5,0.5,0.5,1.0,44.11220715166461,,0.0,45.759009828904254,12.64916467780429,36.70886075949367,61.53846153846153,
fsb_00035,ollama/gemma3-custom:latest_confident,7.2,Avocado Toast with Egg,Avocado Toast with Poached Eggs,0.9625868210915243,0.5,0.5,0.5,0.5,1.0,29.28483353884093,,0.0,30.651619949035307,5.011933174224347,32.48945147679325,34.91124260355029,
fsb_00035,ollama/gemma3-custom:latest_canonical,5.8,Avocado Toast,Avocado Toast with Poached Eggs,0.9277061432629736,0.6666666666666666,0.25,0.5714285714285715,0.5,0.75,30.625770653514177,,0.0,31.37968693119767,6.682577565632451,40.92827004219409,40.828402366863905,
fsb_00035,ollama/llava-custom:latest_detailed,113.08,Avocado Toast,Avocado Toast with Poached Eggs,0.9277061432629736,0.5,0.25,0.3333333333333333,0.25,0.5,22.84217016029593,,0.0,22.824899890789947,5.011933174224347,71.30801687763713,11.24260355029585,
fsb_00035,ollama/llava-custom:latest_step_by_step,5.11,Avocado Toast,Avocado Toast with Poached Eggs,0.9277061432629736,0.5,0.25,0.3333333333333333,0.25,0.5,19.80579531442663,,0.0,19.366581725518746,5.011933174224347,72.57383966244726,8.284023668639046,
fsb_00035,ollama/llava-custom:latest_conservative,4.76,Avocado Toast,Avocado Toast with Poached Eggs,0.9277061432629736,0.5,0.25,0.3333333333333333,0.25,0.5,20.869297163995064,,0.0,21.36876592646523,5.011933174224347,59.49367088607595,5.32544378698224,
fsb_00035,ollama/llava-custom:latest_confident,4.73,Avocado Toast,Avocado Toast with Poached Eggs,0.9277061432629736,0.5,0.25,0.3333333333333333,0.25,0.5,22.84217016029593,,0.0,22.824899890789947,5.011933174224347,71.30801687763713,11.24260355029585,
fsb_00035,ollama/llava-custom:latest_canonical,4.74,Avocado Toast,Avocado Toast with Poached Eggs,0.9277061432629736,1.0,0.25,0.6666666666666666,0.5,0.5,24.044389642416764,,0.0,21.36876592646523,33.65155131264917,78.90295358649789,17.15976331360946,
fsb_00035,ollama/ministral-3-custom:latest_detailed,45.57,Avocado Toast with Poached Egg and Tomato,Avocado Toast with Poached Eggs,0.95893669108277,0.8,1.0,0.888888888888889,1.0,0.75,24.12145499383477,,0.0,24.281033855114668,9.54653937947494,29.113924050632907,36.09467455621301,
fsb_00035,ollama/ministral-3-custom:latest_step_by_step,10.33,Avocado Toast with Poached Egg and Tomato,Avocado Toast with Poached Eggs,0.95893669108277,0.8,1.0,0.888888888888889,1.0,0.75,32.04377311960542,,0.0,32.28977065890062,9.785202863961818,43.0379746835443,47.92899408284023,
fsb_00035,ollama/ministral-3-custom:latest_conservative,10.12,Avocado Toast with Poached Egg and Tomato,Avocado Toast with Poached Eggs,0.95893669108277,0.8,1.0,0.888888888888889,1.0,0.75,24.49136868064118,,0.0,24.827084091736438,14.081145584725535,33.33333333333333,25.73964497041419,
fsb_00035,ollama/ministral-3-custom:latest_confident,10.29,Avocado Toast with Poached Egg and Tomato,Avocado Toast with Poached Eggs,0.95893669108277,0.8,1.0,0.888888888888889,1.0,0.75,10.38840937114673,,0.0,9.719694211867488,11.21718377088306,8.860759493670878,21.301775147928982,
fsb_00035,ollama/ministral-3-custom:latest_canonical,10.6,Avocado Toast with Poached Egg and Tomato,Avocado Toast with Poached Eggs,0.95893669108277,0.8,0.5,0.888888888888889,1.0,0.75,33.23057953144266,,0.0,34.473971605387696,8.59188544152745,36.70886075949367,41.124260355029584,
fsb_00035,ollama/qwen3.5-custom:latest_detailed,58.83,,,0.0,0.0,0.0,0.0,0.0,0.0,,Empty response from model for fsb_00035.jpg,0.0,,,,,
fsb_00035,ollama/qwen3.5-custom:latest_step_by_step,31.68,,,0.0,0.0,0.0,0.0,0.0,0.0,,Empty response from model for fsb_00035.jpg,0.0,,,,,
fsb_00035,ollama/qwen3.5-custom:latest_conservative,35.56,,,0.0,0.0,0.0,0.0,0.0,0.0,,Empty response from model for fsb_00035.jpg,0.0,,,,,
fsb_00035,ollama/qwen3.5-custom:latest_confident,35.26,,,0.0,0.0,0.0,0.0,0.0,0.0,,Empty response from model for fsb_00035.jpg,0.0,,,,,
fsb_00035,ollama/qwen3.5-custom:latest_canonical,31.05,,,0.0,0.0,0.0,0.0,0.0,0.0,,Empty response from model for fsb_00035.jpg,0.0,,,,,
fsb_00036,ollama/gemma3-custom:latest_detailed,39.67,Avocado Toast,Avocado Toast with Radishes,0.9319852882375337,1.0,0.6666666666666666,0.8,0.6666666666666666,0.6666666666666667,51.30219098801159,,0.0,47.420147420147416,88.40579710144928,78.57142857142858,40.49586776859505,
fsb_00036,ollama/gemma3-custom:latest_step_by_step,5.51,Toast with Avocado,Avocado Toast with Radishes,0.9371346477706736,1.0,0.6666666666666666,0.8,0.6666666666666666,0.6666666666666667,51.30219098801159,,0.0,47.420147420147416,88.40579710144928,78.57142857142858,40.49586776859505,
fsb_00036,ollama/gemma3-custom:latest_conservative,5.25,Toast with Avocado,Avocado Toast with Radishes,0.9371346477706736,1.0,0.6666666666666666,0.8,0.6666666666666666,0.6666666666666667,51.30219098801159,,0.0,47.420147420147416,88.40579710144928,78.57142857142858,40.49586776859505,
fsb_00036,ollama/gemma3-custom:latest_confident,5.09,Avocado Toast,Avocado Toast with Radishes,0.9319852882375337,1.0,0.6666666666666666,0.8,0.6666666666666666,0.6666666666666667,50.062009094667225,,0.0,47.420147420147416,69.08212560386474,78.57142857142858,48.7603305785124,
fsb_00036,ollama/gemma3-custom:latest_canonical,4.78,Toast with Avocado,Avocado Toast with Radishes,0.9371346477706736,1.0,0.3333333333333333,0.8,0.6666666666666666,0.6666666666666667,14.179412980570486,,0.0,8.108108108108109,69.08212560386474,25.000000000000007,17.355371900826444,
fsb_00036,ollama/llava-custom:latest_detailed,113.2,Avocado Toast,Avocado Toast with Radishes,0.9319852882375337,1.0,0.3333333333333333,0.8,0.6666666666666666,0.6666666666666667,30.219098801157507,,0.0,22.85012285012285,102.89855072463769,25.000000000000007,32.231404958677686,
fsb_00036,ollama/llava-custom:latest_step_by_step,4.77,Avocado Toast,Avocado Toast with Radishes,0.9319852882375337,1.0,0.3333333333333333,0.8,0.6666666666666666,0.6666666666666667,30.219098801157507,,0.0,22.85012285012285,102.89855072463769,25.000000000000007,32.231404958677686,
fsb_00036,ollama/llava-custom:latest_conservative,4.68,Avocado Toast,Avocado Toast with Radishes,0.9319852882375337,1.0,0.3333333333333333,0.8,0.6666666666666666,0.6666666666666667,40.719305498139725,,0.0,36.11793611793612,107.72946859903382,10.714285714285708,17.355371900826444,
fsb_00036,ollama/llava-custom:latest_confident,4.73,Avocado Toast,Avocado Toast with Radishes,0.9319852882375337,1.0,0.3333333333333333,0.8,0.6666666666666666,0.6666666666666667,30.219098801157507,,0.0,22.85012285012285,102.89855072463769,25.000000000000007,32.231404958677686,
fsb_00036,ollama/llava-custom:latest_canonical,4.63,Avocado Toast,Avocado Toast with Radishes,0.9319852882375337,1.0,0.3333333333333333,0.8,0.6666666666666666,0.6666666666666667,21.20711037618851,,0.0,18.91891891891892,40.09661835748793,7.1428571428571495,33.88429752066116,
fsb_00036,ollama/ministral-3-custom:latest_detailed,47.39,Avocado Toast with Radishes,Avocado Toast with Radishes,1.0000000000000013,0.5,0.6666666666666666,0.6666666666666666,1.0,0.0,49.48325754443986,,0.0,40.04914004914005,132.85024154589374,110.71428571428574,37.190082644628106,
fsb_00036,ollama/ministral-3-custom:latest_step_by_step,7.17,Avocado Toast with Radishes,Avocado Toast with Radishes,1.0000000000000013,1.0,1.0,1.0,1.0,1.0,42.45556014882183,,0.0,33.169533169533175,122.22222222222223,96.42857142857144,37.190082644628106,
fsb_00036,ollama/ministral-3-custom:latest_conservative,10.12,Avocado Toast with Radishes,Avocado Toast with Radishes,1.0000000000000013,0.6,1.0,0.7499999999999999,1.0,0.33333333333333337,39.479123604795376,,0.0,36.11793611793612,81.15942028985508,89.28571428571429,1.6528925619834798,
fsb_00036,ollama/ministral-3-custom:latest_confident,11.51,Avocado Toast with Radishes,Avocado Toast with Radishes,1.0000000000000013,0.5,1.0,0.6666666666666666,1.0,0.0,57.37908226539894,,0.0,53.31695331695332,117.87439613526571,100.0,2.479338842975198,
fsb_00036,ollama/ministral-3-custom:latest_canonical,7.45,Avocado Toast with Radishes,Avocado Toast with Radishes,1.0000000000000013,1.0,1.0,1.0,1.0,1.0,47.5403059115337,,0.0,44.47174447174447,100.96618357487924,39.28571428571429,11.5702479338843,
fsb_00036,ollama/qwen3.5-custom:latest_detailed,61.63,,,0.0,0.0,0.0,0.0,0.0,0.0,,Empty response from model for fsb_00036.jpg,0.0,,,,,
fsb_00036,ollama/qwen3.5-custom:latest_step_by_step,32.91,,,0.0,0.0,0.0,0.0,0.0,0.0,,Empty response from model for fsb_00036.jpg,0.0,,,,,
fsb_00036,ollama/qwen3.5-custom:latest_conservative,32.97,,,0.0,0.0,0.0,0.0,0.0,0.0,,Empty response from model for fsb_00036.jpg,0.0,,,,,
fsb_00036,ollama/qwen3.5-custom:latest_confident,31.61,Avocado Toast with Radishes,Avocado Toast with Radishes,1.0000000000000013,1.0,0.0,1.0,1.0,1.0,38.28028110789583,,0.0,31.695331695331696,102.89855072463769,69.64285714285715,23.966942148760335,
fsb_00036,ollama/qwen3.5-custom:latest_canonical,30.8,,,0.0,0.0,0.0,0.0,0.0,0.0,,Empty response from model for fsb_00036.jpg,0.0,,,,,
fsb_00037,ollama/gemma3-custom:latest_detailed,39.04,Scrambled Eggs with Toast,Avocado Toast with Scrambled Eggs,0.9050810425818819,1.0,0.25,0.6666666666666666,0.5,0.5,29.821240799158783,,0.0,27.74920401665442,41.54589371980677,9.826589595375717,62.32876712328766,
fsb_00037,ollama/gemma3-custom:latest_step_by_step,6.28,Scrambled Eggs with Toast,Avocado Toast with Scrambled Eggs,0.9050810425818819,1.0,0.5,0.8571428571428571,0.75,0.75,23.04942166140905,,0.0,20.646583394562825,42.995169082125614,10.982658959537565,49.65753424657534,
fsb_00037,ollama/gemma3-custom:latest_conservative,7.3,Omelette with Vegetables,Avocado Toast with Scrambled Eggs,0.6787321957733787,0.2,0.0,0.22222222222222224,0.25,0.75,11.75604626708728,,0.0,8.155767817781046,37.19806763285024,61.849710982658955,14.383561643835616,
fsb_00037,ollama/gemma3-custom:latest_confident,5.15,Scrambled Eggs with Toast,Avocado Toast with Scrambled Eggs,0.9050810425818819,1.0,0.25,0.6666666666666666,0.5,0.5,29.821240799158783,,0.0,27.74920401665442,41.54589371980677,9.826589595375717,62.32876712328766,
fsb_00037,ollama/gemma3-custom:latest_canonical,6.54,Omelette with Vegetables,Avocado Toast with Scrambled Eggs,0.6787321957733787,0.25,0.0,0.25,0.25,1.0,37.413249211356465,,0.0,36.56625030614744,51.690821256038646,21.387283236994215,48.63013698630137,
fsb_00037,ollama/llava-custom:latest_detailed,114.17,Breakfast Plate,Avocado Toast with Scrambled Eggs,0.7372880833274388,0.6666666666666666,0.25,0.5714285714285715,0.5,0.75,12.302839116719246,,0.0,4.481998530492288,141.54589371980677,21.387283236994215,24.65753424657534,
fsb_00037,ollama/llava-custom:latest_step_by_step,4.72,Breakfast Plate,Avocado Toast with Scrambled Eggs,0.7372880833274388,1.0,0.25,0.6666666666666666,0.5,0.5,47.84437434279706,,0.0,48.56722997795739,51.690821256038646,47.97687861271677,34.93150684931507,
fsb_00037,ollama/llava-custom:latest_conservative,5.83,Breakfast Plate,Avocado Toast with Scrambled Eggs,0.7372880833274388,0.6666666666666666,0.25,0.5714285714285715,0.5,0.75,63.61724500525763,,0.0,66.44624050942934,27.536231884057973,30.63583815028902,69.17808219178082,
fsb_00037,ollama/llava-custom:latest_confident,5.97,Breakfast Plate,Avocado Toast with Scrambled Eggs,0.7372880833274388,0.6666666666666666,0.25,0.5714285714285715,0.5,0.75,12.513144058885386,,0.0,4.481998530492288,141.54589371980677,21.387283236994215,28.082191780821912,
fsb_00037,ollama/llava-custom:latest_canonical,6.15,Breakfast Plate,Avocado Toast with Scrambled Eggs,0.7372880833274388,0.6666666666666666,0.25,0.5714285714285715,0.5,0.75,15.49947423764458,,0.0,13.152094048493751,43.96135265700483,35.2601156069364,16.438356164383563,
fsb_00037,ollama/ministral-3-custom:latest_detailed,46.1,Avocado Toast with Scrambled Eggs,Avocado Toast with Scrambled Eggs,1.0000000000000013,0.8,0.5,0.888888888888889,1.0,0.75,39.852786540483706,,0.0,38.133725202057306,124.15458937198068,30.63583815028902,9.589041095890414,
fsb_00037,ollama/ministral-3-custom:latest_step_by_step,12.2,Avocado Toast with Scrambled Eggs,Avocado Toast with Scrambled Eggs,1.0000000000000013,0.5,0.75,0.6,0.75,0.5,50.11566771819137,,0.0,47.68552534900808,131.4009661835749,68.20809248554913,15.75342465753424,
fsb_00037,ollama/ministral-3-custom:latest_conservative,10.47,Avocado Toast with Scrambled Eggs,Avocado Toast with Scrambled Eggs,1.0000000000000013,0.6,0.75,0.6666666666666665,0.75,0.75,24.24815983175604,,0.0,20.9894685280431,117.3913043478261,17.91907514450866,7.534246575342464,
fsb_00037,ollama/ministral-3-custom:latest_confident,9.06,Avocado Toast with Scrambled Eggs,Avocado Toast with Scrambled Eggs,1.0000000000000013,0.75,0.75,0.75,0.75,1.0,40.694006309148264,,0.0,38.62356110702914,133.33333333333331,8.09248554913294,23.28767123287672,
fsb_00037,ollama/ministral-3-custom:latest_canonical,7.4,Avocado Toast with Scrambled Eggs,Avocado Toast with Scrambled Eggs,1.0000000000000013,0.6666666666666666,0.5,0.5714285714285715,0.5,0.75,15.39432176656151,,0.0,9.478324761204995,129.95169082125605,13.294797687861276,18.150684931506852,
fsb_00037,ollama/qwen3.5-custom:latest_detailed,60.47,,,0.0,0.0,0.0,0.0,0.0,0.0,,Empty response from model for fsb_00037.jpg,0.0,,,,,
fsb_00037,ollama/qwen3.5-custom:latest_step_by_step,35.58,,,0.0,0.0,0.0,0.0,0.0,0.0,,Empty response from model for fsb_00037.jpg,0.0,,,,,
fsb_00037,ollama/qwen3.5-custom:latest_conservative,35.01,,,0.0,0.0,0.0,0.0,0.0,0.0,,Empty response from model for fsb_00037.jpg,0.0,,,,,
fsb_00037,ollama/qwen3.5-custom:latest_confident,35.47,,,0.0,0.0,0.0,0.0,0.0,0.0,,Empty response from model for fsb_00037.jpg,0.0,,,,,
fsb_00037,ollama/qwen3.5-custom:latest_canonical,31.32,,,0.0,0.0,0.0,0.0,0.0,0.0,,Empty response from model for fsb_00037.jpg,0.0,,,,,
fsb_00038,ollama/gemma3-custom:latest_detailed,40.35,Avocado Toast with Egg,Avocado Toast with Scrambled Eggs,0.9719882761420392,0.6666666666666666,0.5,0.5714285714285715,0.5,0.75,26.289926289926296,,0.0,27.293710328909405,7.608695652173925,21.951219512195124,33.93393393393393,
fsb_00038,ollama/gemma3-custom:latest_step_by_step,7.52,Omelette with Vegetables,Avocado Toast with Scrambled Eggs,0.6787321957733787,0.4,0.0,0.4444444444444445,0.5,0.75,39.066339066339076,,0.0,38.06501250240431,67.3913043478261,7.317073170731707,42.942942942942935,
fsb_00038,ollama/gemma3-custom:latest_conservative,7.65,Oatmeal with Berries and Nuts,Avocado Toast with Scrambled Eggs,0.6893836841963494,0.0,0.0,0.0,0.0,1.0,26.99426699426699,,0.0,23.831506058857467,44.021739130434796,28.780487804878053,56.45645645645645,
fsb_00038,ollama/gemma3-custom:latest_confident,5.31,Avocado Toast,Avocado Toast with Scrambled Eggs,0.9349240811012572,1.0,0.5,0.6666666666666666,0.5,0.5,40.76986076986077,,0.0,42.29659549913445,5.978260869565226,51.21951219512195,48.948948948948946,
fsb_00038,ollama/gemma3-custom:latest_canonical,5.92,Oatmeal with Berries,Avocado Toast with Scrambled Eggs,0.6908475056010224,0.0,0.0,0.0,0.0,0.75,44.37346437346438,,0.0,42.8736295441431,33.152173913043484,36.58536585365854,84.98498498498498,
fsb_00038,ollama/llava-custom:latest_detailed,112.57,Breakfast Plate,Avocado Toast with Scrambled Eggs,0.7372880833274388,1.0,0.5,0.6666666666666666,0.5,0.5,32.841932841932845,,0.0,34.60280823235237,2.173913043478253,51.21951219512195,27.92792792792792,
fsb_00038,ollama/llava-custom:latest_step_by_step,4.66,Breakfast Plate,Avocado Toast with Scrambled Eggs,0.7372880833274388,1.0,0.5,0.6666666666666666,0.5,0.5,32.841932841932845,,0.0,34.60280823235237,2.173913043478253,51.21951219512195,27.92792792792792,
fsb_00038,ollama/llava-custom:latest_conservative,4.8,Breakfast Plate,Avocado Toast with Scrambled Eggs,0.7372880833274388,1.0,0.5,0.6666666666666666,0.5,0.5,36.34725634725635,,0.0,37.10328909405655,41.30434782608697,31.70731707317073,21.921921921921918,
fsb_00038,ollama/llava-custom:latest_confident,4.63,Breakfast Plate,Avocado Toast with Scrambled Eggs,0.7372880833274388,1.0,0.5,0.6666666666666666,0.5,0.5,32.841932841932845,,0.0,34.60280823235237,2.173913043478253,51.21951219512195,27.92792792792792,
fsb_00038,ollama/llava-custom:latest_canonical,5.07,Avocado Toast and Scrambled Eggs,Avocado Toast with Scrambled Eggs,0.9901839025585291,1.0,0.5,0.6666666666666666,0.5,0.5,40.5077805077805,,0.0,40.56549336410848,47.826086956521735,41.46341463414634,30.930930930930927,
fsb_00038,ollama/ministral-3-custom:latest_detailed,46.13,Avocado Toast with Cottage Cheese and Sweet Potato Fries,Avocado Toast with Scrambled Eggs,0.8894788478998219,0.6,0.25,0.6666666666666665,0.75,0.75,18.2964782964783,,0.0,12.483169840353911,73.36956521739131,11.219512195121954,52.55255255255255,
fsb_00038,ollama/ministral-3-custom:latest_step_by_step,12.08,Avocado Toast with Cottage Cheese and Sweet Potato Fries,Avocado Toast with Scrambled Eggs,0.8894788478998219,0.5,0.5,0.6,0.75,0.5,10.466830466830473,,0.0,5.4048855549144115,68.47826086956523,8.780487804878053,26.42642642642642,
fsb_00038,ollama/ministral-3-custom:latest_conservative,10.53,Avocado Toast with Cottage Cheese and Sweet Potato Fries,Avocado Toast with Scrambled Eggs,0.8894788478998219,0.4,0.25,0.4444444444444445,0.5,0.75,8.58312858312858,,0.0,1.1348336218503514,83.69565217391303,4.390243902439018,44.44444444444444,
fsb_00038,ollama/ministral-3-custom:latest_confident,10.37,Avocado Toast with Cottage Cheese and Sweet Potato Fries,Avocado Toast with Scrambled Eggs,0.8894788478998219,0.6,0.25,0.6666666666666665,0.75,0.75,9.451269451269448,,0.0,3.2506251202154215,68.47826086956523,8.780487804878053,41.441441441441434,
fsb_00038,ollama/ministral-3-custom:latest_canonical,8.86,Avocado Toast with Cottage Cheese and Sweet Potato Fries,Avocado Toast with Scrambled Eggs,0.8894788478998219,0.75,0.5,0.75,0.75,1.0,10.401310401310408,,0.0,2.5197153298711337,92.93478260869567,12.195121951219512,41.14114114114113,
fsb_00038,ollama/qwen3.5-custom:latest_detailed,61.22,,,0.0,0.0,0.0,0.0,0.0,0.0,,Empty response from model for fsb_00038.jpg,0.0,,,,,
fsb_00038,ollama/qwen3.5-custom:latest_step_by_step,32.3,,,0.0,0.0,0.0,0.0,0.0,0.0,,Empty response from model for fsb_00038.jpg,0.0,,,,,
fsb_00038,ollama/qwen3.5-custom:latest_conservative,34.05,,,0.0,0.0,0.0,0.0,0.0,0.0,,Empty response from model for fsb_00038.jpg,0.0,,,,,
fsb_00038,ollama/qwen3.5-custom:latest_confident,31.99,,,0.0,0.0,0.0,0.0,0.0,0.0,,Empty response from model for fsb_00038.jpg,0.0,,,,,
fsb_00038,ollama/qwen3.5-custom:latest_canonical,31.1,,,0.0,0.0,0.0,0.0,0.0,0.0,,Empty response from model for fsb_00038.jpg,0.0,,,,,
fsb_00039,ollama/gemma3-custom:latest_detailed,41.38,Avocado Toast with Egg,Avocado Toast with Smoked Salmon and Egg,0.9270021207746787,0.75,0.14285714285714285,0.5454545454545454,0.42857142857142855,0.5714285714285714,11.759693225394114,,0.0,6.018635104507675,80.31496062992126,40.17094017094017,6.382978723404255,
fsb_00039,ollama/gemma3-custom:latest_step_by_step,6.96,Avocado Toast with Egg,Avocado Toast with Smoked Salmon and Egg,0.9270021207746787,0.75,0.14285714285714285,0.5454545454545454,0.42857142857142855,0.5714285714285714,8.393694077545808,,0.0,4.054394359103506,56.69291338582677,31.623931623931618,6.382978723404255,
fsb_00039,ollama/gemma3-custom:latest_conservative,6.73,Avocado Toast with Egg,Avocado Toast with Smoked Salmon and Egg,0.9270021207746787,0.75,0.14285714285714285,0.5454545454545454,0.42857142857142855,0.5714285714285714,8.393694077545808,,0.0,4.054394359103506,56.69291338582677,31.623931623931618,6.382978723404255,
fsb_00039,ollama/gemma3-custom:latest_confident,7.06,Avocado Toast with Egg,Avocado Toast with Smoked Salmon and Egg,0.9270021207746787,0.75,0.14285714285714285,0.5454545454545454,0.42857142857142855,0.5714285714285714,8.393694077545808,,0.0,4.054394359103506,56.69291338582677,31.623931623931618,6.382978723404255,
fsb_00039,ollama/gemma3-custom:latest_canonical,5.86,Avocado Toast with Egg,Avocado Toast with Smoked Salmon and Egg,0.9270021207746787,1.0,0.2857142857142857,0.6,0.42857142857142855,0.4285714285714286,27.31146144013635,,0.0,25.207756232686982,36.220472440944896,44.44444444444444,36.17021276595745,
fsb_00039,ollama/llava-custom:latest_detailed,113.2,Avocado Toast,Avocado Toast with Smoked Salmon and Egg,0.9067487460500616,1.0,0.2857142857142857,0.4444444444444445,0.2857142857142857,0.2857142857142857,16.95781849169152,,0.0,8.03324099722991,108.66141732283465,70.94017094017093,14.893617021276595,
fsb_00039,ollama/llava-custom:latest_step_by_step,4.78,Salmon and Avocado Toast,Avocado Toast with Smoked Salmon and Egg,0.9583927802282726,1.0,0.14285714285714285,0.4444444444444445,0.2857142857142857,0.2857142857142857,19.088197699190463,,0.0,14.379249559304967,60.629921259842526,36.752136752136764,36.17021276595745,
fsb_00039,ollama/llava-custom:latest_conservative,4.86,Avocado Toast,Avocado Toast with Smoked Salmon and Egg,0.9067487460500616,1.0,0.2857142857142857,0.4444444444444445,0.2857142857142857,0.2857142857142857,15.381337878142304,,0.0,8.28506673382019,71.65354330708664,70.94017094017093,19.148936170212767,
fsb_00039,ollama/llava-custom:latest_confident,4.8,Avocado Toast,Avocado Toast with Smoked Salmon and Egg,0.9067487460500616,1.0,0.2857142857142857,0.4444444444444445,0.2857142857142857,0.2857142857142857,32.08351086493395,,0.0,24.1500881390078,132.28346456692915,70.94017094017093,19.148936170212767,
fsb_00039,ollama/llava-custom:latest_canonical,4.92,Avocado Toast,Avocado Toast with Smoked Salmon and Egg,0.9067487460500616,1.0,0.2857142857142857,0.4444444444444445,0.2857142857142857,0.2857142857142857,9.032807839795488,,0.0,2.543439939561829,36.220472440944896,70.94017094017093,27.659574468085108,
fsb_00039,ollama/ministral-3-custom:latest_detailed,46.91,Avocado Toast with Poached Eggs and Side Salad,Avocado Toast with Smoked Salmon and Egg,0.9010327891837395,0.5,0.14285714285714285,0.4615384615384615,0.42857142857142855,0.8571428571428572,23.3915636983383,,0.0,21.883656509695285,73.22834645669293,8.547008547008547,9.787234042553195,
fsb_00039,ollama/ministral-3-custom:latest_step_by_step,10.34,Avocado Toast with Eggs and Side Salad,Avocado Toast with Smoked Salmon and Egg,0.9132290929187816,0.6,0.14285714285714285,0.5,0.42857142857142855,0.7142857142857143,9.62931401789518,,0.0,6.018635104507675,63.77952755905514,10.25641025641025,11.489361702127656,
fsb_00039,ollama/ministral-3-custom:latest_conservative,10.3,Avocado Toast with Poached Eggs and Side Salad,Avocado Toast with Smoked Salmon and Egg,0.9010327891837395,0.8,0.14285714285714285,0.6666666666666666,0.5714285714285714,0.7142857142857143,9.71452918619514,,0.0,6.018635104507675,65.35433070866142,10.25641025641025,11.489361702127656,
fsb_00039,ollama/ministral-3-custom:latest_confident,10.39,Avocado Toast with Poached Eggs and Side Salad,Avocado Toast with Smoked Salmon and Egg,0.9010327891837395,0.6,0.14285714285714285,0.5,0.42857142857142855,0.7142857142857143,9.735832978270127,,0.0,6.018635104507675,65.35433070866142,10.683760683760685,11.489361702127656,
fsb_00039,ollama/ministral-3-custom:latest_canonical,9.95,Avocado Toast with Eggs and Salad,Avocado Toast with Smoked Salmon and Egg,0.9250231294646112,0.8,0.14285714285714285,0.6666666666666666,0.5714285714285714,0.7142857142857143,9.821048146570085,,0.0,6.270460841097954,63.385826771653555,10.25641025641025,11.489361702127656,
fsb_00039,ollama/qwen3.5-custom:latest_detailed,64.38,,,0.0,0.0,0.0,0.0,0.0,0.0,,Empty response from model for fsb_00039.jpg,0.0,,,,,
fsb_00039,ollama/qwen3.5-custom:latest_step_by_step,36.41,,,0.0,0.0,0.0,0.0,0.0,0.0,,Empty response from model for fsb_00039.jpg,0.0,,,,,
fsb_00039,ollama/qwen3.5-custom:latest_conservative,36.44,,,0.0,0.0,0.0,0.0,0.0,0.0,,Empty response from model for fsb_00039.jpg,0.0,,,,,
fsb_00039,ollama/qwen3.5-custom:latest_confident,36.72,,,0.0,0.0,0.0,0.0,0.0,0.0,,Empty response from model for fsb_00039.jpg,0.0,,,,,
fsb_00039,ollama/qwen3.5-custom:latest_canonical,31.72,,,0.0,0.0,0.0,0.0,0.0,0.0,,Empty response from model for fsb_00039.jpg,0.0,,,,,
fsb_00040,ollama/gemma3-custom:latest_detailed,41.98,Avocado Toast with Egg,Avocado Toast with Spinach,0.9152826068811709,0.5,0.4,0.4444444444444445,0.4,0.8,47.85691266516275,,0.0,47.73167894532766,46.323529411764696,24.999999999999993,77.41935483870968,
fsb_00040,ollama/gemma3-custom:latest_step_by_step,6.19,Avocado Toast with Egg,Avocado Toast with Spinach,0.9152826068811709,0.6666666666666666,0.4,0.5,0.4,0.6,45.53657750563971,,0.0,46.56843737882902,38.235294117647065,9.374999999999995,77.41935483870968,
fsb_00040,ollama/gemma3-custom:latest_conservative,6.25,Avocado Toast with Egg,Avocado Toast with Spinach,0.9152826068811709,0.6666666666666666,0.4,0.5,0.4,0.6,46.82565259426363,,0.0,46.56843737882902,45.58823529411766,24.999999999999993,77.41935483870968,
fsb_00040,ollama/gemma3-custom:latest_confident,5.96,Avocado Toast with Egg,Avocado Toast with Spinach,0.9152826068811709,0.6666666666666666,0.4,0.5,0.4,0.6,45.53657750563971,,0.0,46.56843737882902,38.235294117647065,9.374999999999995,77.41935483870968,
fsb_00040,ollama/gemma3-custom:latest_canonical,4.87,Toast with Avocado,Avocado Toast with Spinach,0.9269290826681822,1.0,0.2,0.5714285714285715,0.4,0.4,15.436674186271343,,0.0,11.593640946103132,32.35294117647059,45.31250000000001,27.41935483870968,
fsb_00040,ollama/llava-custom:latest_detailed,113.27,Avocado Toast with Spinach,Avocado Toast with Spinach,1.0000000000000009,0.6666666666666666,0.4,0.5,0.4,0.6,6.219787302610387,,0.0,0.814269096549059,25.000000000000007,53.125,29.032258064516125,
fsb_00040,ollama/llava-custom:latest_step_by_step,5.87,Avocado Toast with Spinach,Avocado Toast with Spinach,1.0000000000000009,0.6666666666666666,0.0,0.5,0.4,0.6,34.38607798904286,,0.0,36.021713842574634,17.647058823529417,57.8125,12.90322580645161,
fsb_00040,ollama/llava-custom:latest_conservative,5.91,Avocado Toast with Spinach,Avocado Toast with Spinach,1.0000000000000009,0.6666666666666666,0.4,0.5,0.4,0.6,64.16371253625526,,0.0,64.01706087630866,91.1764705882353,21.875000000000007,51.61290322580645,
fsb_00040,ollama/llava-custom:latest_confident,6.07,Avocado Toast with Spinach,Avocado Toast with Spinach,1.0000000000000009,0.6666666666666666,0.4,0.5,0.4,0.6,10.634869481147271,,0.0,6.165180302442799,23.161764705882355,56.25,29.032258064516125,
fsb_00040,ollama/llava-custom:latest_canonical,6.02,Avocado Toast with Spinach,Avocado Toast with Spinach,1.0000000000000009,1.0,0.4,0.7499999999999999,0.6,0.6,86.14244279729297,,0.0,84.17991469561848,98.52941176470588,45.31250000000001,141.93548387096774,
fsb_00040,ollama/ministral-3-custom:latest_detailed,48.26,Avocado Toast with Blackberry Compote and Greens,Avocado Toast with Spinach,0.8749650242036457,0.8333333333333334,0.6,0.9090909090909091,1.0,0.8,71.31807927811796,,0.0,71.77200465296629,94.8529411764706,1.5625000000000084,82.25806451612904,
fsb_00040,ollama/ministral-3-custom:latest_step_by_step,10.4,Avocado Toast with Blackberry and Cottage Cheese,Avocado Toast with Spinach,0.8725000819168132,0.8,0.6,0.8000000000000002,0.8,1.0,52.626490493071245,,0.0,50.44590926715783,91.54411764705883,22.65624999999999,43.54838709677419,
fsb_00040,ollama/ministral-3-custom:latest_conservative,10.24,Avocado Toast with Sour Cream and Berries,Avocado Toast with Spinach,0.8746198945263598,0.8,0.8,0.8000000000000002,0.8,1.0,74.18627135030617,,0.0,73.3229934082978,101.10294117647061,32.81249999999999,75.80645161290323,
fsb_00040,ollama/ministral-3-custom:latest_confident,10.55,Avocado Toast with Blackberry Compote,Avocado Toast with Spinach,0.7984383074345983,1.0,0.8,1.0,1.0,1.0,57.041572671608144,,0.0,55.0988755331524,100.73529411764707,20.312499999999996,39.51612903225807,
fsb_00040,ollama/ministral-3-custom:latest_canonical,10.22,Avocado Toast with Smoothie,Avocado Toast with Spinach,0.8989007461614377,0.6,0.6,0.6,0.6,1.0,64.67934257170481,,0.0,62.85381930981002,113.23529411764706,17.187500000000007,45.16129032258064,
fsb_00040,ollama/qwen3.5-custom:latest_detailed,60.1,,,0.0,0.0,0.0,0.0,0.0,0.0,,Empty response from model for fsb_00040.jpg,0.0,,,,,
fsb_00040,ollama/qwen3.5-custom:latest_step_by_step,35.66,,,0.0,0.0,0.0,0.0,0.0,0.0,,Empty response from model for fsb_00040.jpg,0.0,,,,,
fsb_00040,ollama/qwen3.5-custom:latest_conservative,32.85,,,0.0,0.0,0.0,0.0,0.0,0.0,,Empty response from model for fsb_00040.jpg,0.0,,,,,
fsb_00040,ollama/qwen3.5-custom:latest_confident,35.49,,,0.0,0.0,0.0,0.0,0.0,0.0,,Empty response from model for fsb_00040.jpg,0.0,,,,,
fsb_00040,ollama/qwen3.5-custom:latest_canonical,32.72,,,0.0,0.0,0.0,0.0,0.0,0.0,,Empty response from model for fsb_00040.jpg,0.0,,,,,
fsb_00041,ollama/gemma3-custom:latest_detailed,41.78,Avocado Toast with Tomato and Egg,Avocado Toast with Vegetables,0.9157297521922538,0.5,0.16666666666666666,0.4,0.3333333333333333,0.6666666666666667,145.625,,0.0,145.91194968553458,95.41284403669725,255.55555555555554,228.3582089552239,
fsb_00041,ollama/gemma3-custom:latest_step_by_step,5.41,Avocado Toast,Avocado Toast with Vegetables,0.9343017630031891,1.0,0.16666666666666666,0.5,0.3333333333333333,0.33333333333333337,90.625,,0.0,88.67924528301887,78.89908256880733,122.22222222222223,153.73134328358208,
fsb_00041,ollama/gemma3-custom:latest_conservative,5.14,Avocado Toast,Avocado Toast with Vegetables,0.9343017630031891,1.0,0.16666666666666666,0.5,0.3333333333333333,0.33333333333333337,88.54166666666666,,0.0,88.67924528301887,69.72477064220183,77.77777777777779,153.73134328358208,
fsb_00041,ollama/gemma3-custom:latest_confident,5.32,Avocado Toast,Avocado Toast with Vegetables,0.9343017630031891,1.0,0.16666666666666666,0.5,0.3333333333333333,0.33333333333333337,90.625,,0.0,88.67924528301887,78.89908256880733,122.22222222222223,153.73134328358208,
fsb_00041,ollama/gemma3-custom:latest_canonical,5.9,Avocado Toast,Avocado Toast with Vegetables,0.9343017630031891,0.6666666666666666,0.3333333333333333,0.4444444444444444,0.3333333333333333,0.5,57.395833333333336,,0.0,55.34591194968554,69.72477064220183,55.55555555555556,67.1641791044776,
fsb_00041,ollama/llava-custom:latest_detailed,116.65,Open-faced Sandwich,Avocado Toast with Vegetables,0.6016485291227593,0.25,0.16666666666666666,0.2,0.16666666666666666,0.6666666666666667,177.70833333333334,,0.0,183.64779874213838,116.51376146788992,277.77777777777777,168.65671641791045,
fsb_00041,ollama/llava-custom:latest_step_by_step,5.99,Open-faced Sandwich,Avocado Toast with Vegetables,0.6016485291227593,0.3333333333333333,0.16666666666666666,0.2222222222222222,0.16666666666666666,0.5,124.47916666666667,,0.0,127.0440251572327,21.55963302752293,333.33333333333337,258.2089552238806,
fsb_00041,ollama/llava-custom:latest_conservative,5.9,Open-faced Sandwich,Avocado Toast with Vegetables,0.6016485291227593,0.3333333333333333,0.16666666666666666,0.2222222222222222,0.16666666666666666,0.5,177.86458333333331,,0.0,183.0188679245283,101.83486238532109,266.66666666666663,243.28358208955225,
fsb_00041,ollama/llava-custom:latest_confident,6.04,Open-faced Sandwich,Avocado Toast with Vegetables,0.6016485291227593,0.3333333333333333,0.16666666666666666,0.2222222222222222,0.16666666666666666,0.5,174.0625,,0.0,181.76100628930817,99.54128440366972,271.1111111111111,168.65671641791045,
fsb_00041,ollama/llava-custom:latest_canonical,5.75,Sandwich,Avocado Toast with Vegetables,0.6306269271350783,0.3333333333333333,0.16666666666666666,0.2222222222222222,0.16666666666666666,0.5,77.60416666666666,,0.0,79.87421383647799,78.89908256880733,100.0,4.477611940298504,
fsb_00041,ollama/ministral-3-custom:latest_detailed,45.14,Avocado Toast with Roasted Beets and Seeds,Avocado Toast with Vegetables,0.9218307427834698,0.6,0.16666666666666666,0.5454545454545454,0.5,0.8333333333333334,171.19791666666666,,0.0,166.66666666666669,211.92660550458714,233.33333333333334,104.4776119402985,
fsb_00041,ollama/ministral-3-custom:latest_step_by_step,11.82,Avocado Toast with Roasted Beets and Seeds,Avocado Toast with Vegetables,0.9218307427834698,0.5,0.16666666666666666,0.5,0.5,1.0,228.48958333333331,,0.0,228.9308176100629,223.39449541284404,226.66666666666666,235.82089552238807,
fsb_00041,ollama/ministral-3-custom:latest_conservative,11.79,Avocado Toast with Roasted Beets and Seeds,Avocado Toast with Vegetables,0.9218307427834698,0.5,0.16666666666666666,0.5,0.5,1.0,220.15625,,0.0,220.7547169811321,172.47706422018345,231.11111111111114,353.7313432835821,
fsb_00041,ollama/ministral-3-custom:latest_confident,10.3,Avocado Toast with Roasted Beets and Seeds,Avocado Toast with Vegetables,0.9218307427834698,0.6,0.16666666666666666,0.5454545454545454,0.5,0.8333333333333334,164.11458333333331,,0.0,166.03773584905662,143.11926605504587,171.11111111111111,182.08955223880596,
fsb_00041,ollama/ministral-3-custom:latest_canonical,8.93,Avocado Toast with Radish and Seeds,Avocado Toast with Vegetables,0.9430264720903792,0.75,0.3333333333333333,0.6,0.5,0.6666666666666667,117.86458333333334,,0.0,120.75471698113208,95.87155963302753,131.11111111111111,111.94029850746267,
fsb_00041,ollama/qwen3.5-custom:latest_detailed,63.87,,,0.0,0.0,0.0,0.0,0.0,0.0,,Empty response from model for fsb_00041.jpg,0.0,,,,,
fsb_00041,ollama/qwen3.5-custom:latest_step_by_step,32.87,,,0.0,0.0,0.0,0.0,0.0,0.0,,Empty response from model for fsb_00041.jpg,0.0,,,,,
fsb_00041,ollama/qwen3.5-custom:latest_conservative,35.31,,,0.0,0.0,0.0,0.0,0.0,0.0,,Empty response from model for fsb_00041.jpg,0.0,,,,,
fsb_00041,ollama/qwen3.5-custom:latest_confident,35.04,,,0.0,0.0,0.0,0.0,0.0,0.0,,Empty response from model for fsb_00041.jpg,0.0,,,,,
fsb_00041,ollama/qwen3.5-custom:latest_canonical,35.31,,,0.0,0.0,0.0,0.0,0.0,0.0,,Empty response from model for fsb_00041.jpg,0.0,,,,,
fsb_00042,ollama/gemma3-custom:latest_detailed,40.78,Smoked Salmon with Avocado,Avocado Toast With Smoked Salmon And Egg,0.924639508205606,0.5,0.6666666666666666,0.5714285714285715,0.6666666666666666,0.6666666666666667,129.9647096567212,,0.0,126.13253463122425,450.0,92.51336898395722,102.64550264550265,
fsb_00042,ollama/gemma3-custom:latest_step_by_step,5.45,Smoked Salmon with Eggs,Avocado Toast With Smoked Salmon And Egg,0.8676513867707922,0.5,0.3333333333333333,0.4,0.3333333333333333,0.6666666666666667,47.89862046839911,,0.0,45.63833770123548,77.14285714285715,76.47058823529413,40.74074074074076,
fsb_00042,ollama/gemma3-custom:latest_conservative,5.44,Smoked Salmon with Avocado,Avocado Toast With Smoked Salmon And Egg,0.924639508205606,1.0,0.6666666666666666,0.8,0.6666666666666666,0.6666666666666667,60.73147256977863,,0.0,60.98839385997752,28.57142857142857,49.73262032085562,79.8941798941799,
fsb_00042,ollama/gemma3-custom:latest_confident,5.58,Smoked Salmon with Avocado,Avocado Toast With Smoked Salmon And Egg,0.924639508205606,1.0,0.6666666666666666,0.8,0.6666666666666666,0.6666666666666667,61.084376002566565,,0.0,60.98839385997752,29.999999999999993,53.475935828877006,81.48148148148148,
fsb_00042,ollama/gemma3-custom:latest_canonical,6.0,Smoked Salmon with Avocado,Avocado Toast With Smoked Salmon And Egg,0.924639508205606,0.6666666666666666,0.6666666666666666,0.6666666666666666,0.6666666666666666,1.0,51.94096888033365,,0.0,52.37738674653687,137.14285714285717,28.342245989304814,37.56613756613758,
fsb_00042,ollama/llava-custom:latest_detailed,112.78,Avocado and Egg Salad,Avocado Toast With Smoked Salmon And Egg,0.8178640315495057,0.3333333333333333,0.3333333333333333,0.3333333333333333,0.3333333333333333,1.0,82.32274623034968,,0.0,81.57993260950953,191.42857142857142,6.417112299465237,127.51322751322753,
fsb_00042,ollama/llava-custom:latest_step_by_step,5.03,Avocado and Egg Salad,Avocado Toast With Smoked Salmon And Egg,0.8178640315495057,0.5,0.3333333333333333,0.4,0.3333333333333333,0.6666666666666667,54.79627847289059,,0.0,53.50056158742043,22.85714285714285,22.45989304812834,116.93121693121695,
fsb_00042,ollama/llava-custom:latest_conservative,5.07,Avocado and Egg Salad,Avocado Toast With Smoked Salmon And Egg,0.8178640315495057,1.0,0.6666666666666666,0.8,0.6666666666666666,0.6666666666666667,19.634263715110674,,0.0,14.938225383751394,12.857142857142861,50.80213903743316,57.671957671957685,
fsb_00042,ollama/llava-custom:latest_confident,4.98,Avocado and Egg Salad,Avocado Toast With Smoked Salmon And Egg,0.8178640315495057,0.5,0.3333333333333333,0.4,0.3333333333333333,0.6666666666666667,55.21334616618543,,0.0,53.50056158742043,22.85714285714285,66.84491978609626,79.8941798941799,
fsb_00042,ollama/llava-custom:latest_canonical,5.04,Avocado and Egg Salad,Avocado Toast With Smoked Salmon And Egg,0.8178640315495057,0.5,0.3333333333333333,0.4,0.3333333333333333,0.6666666666666667,45.78119987167147,,0.0,44.88955447397977,25.71428571428571,20.85561497326203,90.47619047619048,
fsb_00042,ollama/ministral-3-custom:latest_detailed,47.27,Avocado Toast with Poached Eggs and Smoked Salmon,Avocado Toast With Smoked Salmon And Egg,0.977303580620335,0.4,0.6666666666666666,0.5,0.6666666666666666,0.33333333333333337,60.53897978825794,,0.0,56.870086110071114,274.2857142857143,55.08021390374333,38.624338624338634,
fsb_00042,ollama/ministral-3-custom:latest_step_by_step,8.12,Avocado Toast with Eggs and Smoked Salmon,Avocado Toast With Smoked Salmon And Egg,0.992722387962735,1.0,0.6666666666666666,1.0,1.0,1.0,53.96214308630093,,0.0,53.50056158742043,85.71428571428571,40.64171122994653,61.904761904761926,
fsb_00042,ollama/ministral-3-custom:latest_conservative,10.95,Avocado Toast with Poached Eggs and Smoked Salmon,Avocado Toast With Smoked Salmon And Egg,0.977303580620335,0.4,0.6666666666666666,0.5,0.6666666666666666,0.33333333333333337,17.452678857876155,,0.0,10.819917633844993,287.14285714285717,5.882352941176478,22.751322751322746,
fsb_00042,ollama/ministral-3-custom:latest_confident,10.75,Avocado Toast with Poached Eggs and Smoked Salmon,Avocado Toast With Smoked Salmon And Egg,0.977303580620335,0.4,0.6666666666666666,0.5,0.6666666666666666,0.33333333333333337,109.5283926852743,,0.0,104.79221265443653,538.5714285714287,80.21390374331553,46.56084656084657,
fsb_00042,ollama/ministral-3-custom:latest_canonical,7.56,Avocado and Eggs with Smoked Salmon,Avocado Toast With Smoked Salmon And Egg,0.9585757611550683,0.6666666666666666,0.6666666666666666,0.6666666666666666,0.6666666666666666,1.0,74.91177414180302,,0.0,74.84088356420816,48.57142857142858,76.47058823529413,84.12698412698413,
fsb_00042,ollama/qwen3.5-custom:latest_detailed,62.61,,,0.0,0.0,0.0,0.0,0.0,0.0,,Empty response from model for fsb_00042.jpg,0.0,,,,,
fsb_00042,ollama/qwen3.5-custom:latest_step_by_step,33.46,,,0.0,0.0,0.0,0.0,0.0,0.0,,Empty response from model for fsb_00042.jpg,0.0,,,,,
fsb_00042,ollama/qwen3.5-custom:latest_conservative,34.6,,,0.0,0.0,0.0,0.0,0.0,0.0,,Empty response from model for fsb_00042.jpg,0.0,,,,,
fsb_00042,ollama/qwen3.5-custom:latest_confident,34.3,,,0.0,0.0,0.0,0.0,0.0,0.0,,Empty response from model for fsb_00042.jpg,0.0,,,,,
fsb_00042,ollama/qwen3.5-custom:latest_canonical,31.22,,,0.0,0.0,0.0,0.0,0.0,0.0,,Empty response from model for fsb_00042.jpg,0.0,,,,,
fsb_00043,ollama/gemma3-custom:latest_detailed,41.68,Salmon with Roasted Vegetables,Baba Ganoush,0.3824455488935756,0.2,0.2,0.20000000000000004,0.2,1.0,29.956115245182207,,0.0,22.370504410766788,58.139534883720934,321.8390804597702,16.831683168316825,
fsb_00043,ollama/gemma3-custom:latest_step_by_step,9.1,Salmon with Roasted Vegetables,Baba Ganoush,0.3824455488935756,0.3333333333333333,0.4,0.3636363636363636,0.4,0.8,14.768174012593011,,0.0,5.632209907260796,63.72093023255814,270.1149425287357,5.280528052805285,
fsb_00043,ollama/gemma3-custom:latest_conservative,8.51,Lentil Soup,Baba Ganoush,0.4444815316105257,0.16666666666666666,0.2,0.1818181818181818,0.2,0.8,51.07803854226294,,0.0,52.951820855010176,4.651162790697675,26.436781609195414,96.69966996699671,
fsb_00043,ollama/gemma3-custom:latest_confident,8.24,Salmon with Roasted Vegetables,Baba Ganoush,0.3824455488935756,0.2,0.2,0.20000000000000004,0.2,1.0,28.14348406792596,,0.0,19.882379552137518,65.11627906976744,320.68965517241384,12.211221122112208,
fsb_00043,ollama/gemma3-custom:latest_canonical,5.99,Salmon with Vegetables,Baba Ganoush,0.4047564192713815,0.0,0.0,0.0,0.0,0.6,27.838198817019656,,0.0,15.856141144537439,77.20930232558139,355.1724137931035,38.61386138613861,
fsb_00043,ollama/llava-custom:latest_detailed,114.29,Pasta with Sauce,Baba Ganoush,0.3671605724597197,0.0,0.0,0.0,0.0,0.4,18.79412325892005,,0.0,10.834652793485631,60.46511627906976,26.436781609195414,73.5973597359736,
fsb_00043,ollama/llava-custom:latest_step_by_step,5.92,Mixed Nuts,Baba Ganoush,0.3865302741919173,0.0,0.0,0.0,0.0,0.6,61.266933791261216,,0.0,58.38045691020132,86.04651162790698,54.02298850574713,70.29702970297029,
fsb_00043,ollama/llava-custom:latest_conservative,4.54,Pasta with Sauce,Baba Ganoush,0.3671605724597197,0.0,0.0,0.0,0.0,0.4,8.22362144628888,,0.0,0.47500565482922924,39.53488372093023,8.045977011494246,76.89768976897689,
fsb_00043,ollama/llava-custom:latest_confident,3.35,Garlic Butter,Baba Ganoush,0.4733821192954282,1.0,0.0,0.33333333333333337,0.2,0.19999999999999996,79.3932455638237,,0.0,78.51164894820177,95.34883720930233,65.51724137931035,73.5973597359736,
fsb_00043,ollama/llava-custom:latest_canonical,4.74,Pasta with Sauce,Baba Ganoush,0.3671605724597197,0.0,0.0,0.0,0.0,0.4,30.433123449723332,,0.0,22.14431124180049,81.3953488372093,26.436781609195414,80.19801980198021,
fsb_00043,ollama/ministral-3-custom:latest_detailed,47.22,Chocolate Chip Cookie Skillet,Baba Ganoush,0.32320497483517907,0.0,0.0,0.0,0.0,0.8,245.88818927685554,,0.0,245.62316218050216,329.30232558139534,155.17241379310346,157.42574257425744,
fsb_00043,ollama/ministral-3-custom:latest_step_by_step,11.81,Chocolate Chip Cookie Skillet,Baba Ganoush,0.32320497483517907,0.0,0.0,0.0,0.0,0.8,409.97901163900013,,0.0,414.13707306039356,493.2558139534883,281.6091954022989,267.986798679868,
fsb_00043,ollama/ministral-3-custom:latest_conservative,10.47,Chocolate Chip Cookie Skillet,Baba Ganoush,0.32320497483517907,0.0,0.0,0.0,0.0,1.0,395.4398015645869,,0.0,389.0296313051346,569.7674418604652,288.50574712643675,272.27722772277224,
fsb_00043,ollama/ministral-3-custom:latest_confident,11.69,Chocolate Chip Cookie Skillet,Baba Ganoush,0.32320497483517907,0.0,0.0,0.0,0.0,0.8,500.8967754245372,,0.0,494.43564804342907,725.5813953488372,301.14942528735634,333.6633663366337,
fsb_00043,ollama/ministral-3-custom:latest_canonical,8.53,Chocolate Cake,Baba Ganoush,0.3985410443597348,0.0,0.0,0.0,0.0,0.8,155.88628124403735,,0.0,147.00294051119656,332.5581395348837,221.83908045977012,15.841584158415845,
fsb_00043,ollama/qwen3.5-custom:latest_detailed,61.17,,,0.0,0.0,0.0,0.0,0.0,0.0,,Empty response from model for fsb_00043.jpg,0.0,,,,,
fsb_00043,ollama/qwen3.5-custom:latest_step_by_step,30.18,,,0.0,0.0,0.0,0.0,0.0,0.0,,Empty response from model for fsb_00043.jpg,0.0,,,,,
fsb_00043,ollama/qwen3.5-custom:latest_conservative,30.65,,,0.0,0.0,0.0,0.0,0.0,0.0,,Empty response from model for fsb_00043.jpg,0.0,,,,,
fsb_00043,ollama/qwen3.5-custom:latest_confident,31.4,,,0.0,0.0,0.0,0.0,0.0,0.0,,Empty response from model for fsb_00043.jpg,0.0,,,,,
fsb_00043,ollama/qwen3.5-custom:latest_canonical,31.3,,,0.0,0.0,0.0,0.0,0.0,0.0,,Empty response from model for fsb_00043.jpg,0.0,,,,,
fsb_00044,ollama/gemma3-custom:latest_detailed,41.16,Spaghetti with Marinara Sauce,Bacalhau à Brás,0.4529713709408283,0.3333333333333333,0.16666666666666666,0.2222222222222222,0.16666666666666666,0.5,70.4854368932039,,0.0,62.33391103408435,307.58293838862556,35.018050541516246,0.0,
fsb_00044,ollama/gemma3-custom:latest_step_by_step,6.53,Pasta with Tomato Sauce,Bacalhau à Brás,0.4565148628590495,0.25,0.16666666666666666,0.2,0.16666666666666666,0.6666666666666667,104.2233009708738,,0.0,87.17504332755634,501.8957345971564,27.79783393501805,82.35294117647058,
fsb_00044,ollama/gemma3-custom:latest_conservative,6.51,Pasta with Tomato Sauce,Bacalhau à Brás,0.4565148628590495,0.25,0.16666666666666666,0.2,0.16666666666666666,0.6666666666666667,47.66990291262136,,0.0,29.11611785095321,336.01895734597156,38.628158844765345,82.35294117647058,
fsb_00044,ollama/gemma3-custom:latest_confident,6.49,Pasta with Tomato Sauce,Bacalhau à Brás,0.4565148628590495,0.25,0.16666666666666666,0.2,0.16666666666666666,0.6666666666666667,33.68932038834952,,0.0,20.566146735990753,174.8815165876777,63.898916967509024,76.47058823529412,
fsb_00044,ollama/gemma3-custom:latest_canonical,6.72,Pasta with Vegetables,Bacalhau à Brás,0.5034665883662873,0.25,0.16666666666666666,0.2,0.16666666666666666,0.6666666666666667,42.76699029126214,,0.0,24.205661467359914,321.8009478672986,33.2129963898917,90.0,
fsb_00044,ollama/llava-custom:latest_detailed,112.55,Pasta with Vegetables,Bacalhau à Brás,0.5034665883662873,0.5,0.0,0.25,0.16666666666666666,0.33333333333333337,34.80582524271845,,0.0,15.540150202195266,269.6682464454976,71.11913357400722,76.47058823529412,
fsb_00044,ollama/llava-custom:latest_step_by_step,4.83,Pasta with Vegetables,Bacalhau à Brás,0.5034665883662873,0.5,0.0,0.25,0.16666666666666666,0.33333333333333337,34.80582524271845,,0.0,15.540150202195266,269.6682464454976,71.11913357400722,76.47058823529412,
fsb_00044,ollama/llava-custom:latest_conservative,4.67,Pasta with Vegetables,Bacalhau à Brás,0.5034665883662873,0.5,0.0,0.25,0.16666666666666666,0.33333333333333337,34.80582524271845,,0.0,15.540150202195266,269.6682464454976,71.11913357400722,76.47058823529412,
fsb_00044,ollama/llava-custom:latest_confident,4.67,Pasta with Vegetables,Bacalhau à Brás,0.5034665883662873,0.5,0.0,0.25,0.16666666666666666,0.33333333333333337,34.80582524271845,,0.0,15.540150202195266,269.6682464454976,71.11913357400722,76.47058823529412,
fsb_00044,ollama/llava-custom:latest_canonical,4.77,Pasta with Vegetables,Bacalhau à Brás,0.5034665883662873,0.5,0.0,0.25,0.16666666666666666,0.33333333333333337,34.80582524271845,,0.0,15.540150202195266,269.6682464454976,71.11913357400722,76.47058823529412,
fsb_00044,ollama/ministral-3-custom:latest_detailed,47.08,Shrimp Ceviche with Mixed Vegetables,Bacalhau à Brás,0.5024769682415249,0.5,0.16666666666666666,0.5,0.5,1.0,43.470873786407765,,0.0,45.407279029462735,36.96682464454976,7.581227436823097,70.58823529411765,
fsb_00044,ollama/ministral-3-custom:latest_step_by_step,11.77,Shrimp Ceviche with Garnishes,Bacalhau à Brás,0.518980751425117,0.5,0.16666666666666666,0.5,0.5,1.0,51.189320388349515,,0.0,52.54188330444829,66.82464454976304,10.469314079422377,70.58823529411765,
fsb_00044,ollama/ministral-3-custom:latest_conservative,11.81,Shrimp Ceviche with Mixed Vegetables,Bacalhau à Brás,0.5024769682415249,0.3333333333333333,0.16666666666666666,0.3333333333333333,0.3333333333333333,1.0,43.033980582524265,,0.0,45.407279029462735,30.805687203791475,7.942238267148012,67.05882352941177,
fsb_00044,ollama/ministral-3-custom:latest_confident,11.43,Shrimp Ceviche with Mixed Vegetables,Bacalhau à Brás,0.5024769682415249,0.16666666666666666,0.16666666666666666,0.16666666666666666,0.16666666666666666,1.0,57.54854368932038,,0.0,59.84979780473715,50.236966824644554,11.913357400722024,94.11764705882352,
fsb_00044,ollama/ministral-3-custom:latest_canonical,8.88,Seafood Dish with Vegetables,Bacalhau à Brás,0.5018731838984007,0.75,0.5,0.6,0.5,0.6666666666666667,50.29126213592233,,0.0,51.47313691507799,71.56398104265404,10.108303249097476,65.29411764705883,
fsb_00044,ollama/qwen3.5-custom:latest_detailed,63.3,,,0.0,0.0,0.0,0.0,0.0,0.0,,Empty response from model for fsb_00044.jpg,0.0,,,,,
fsb_00044,ollama/qwen3.5-custom:latest_step_by_step,32.66,,,0.0,0.0,0.0,0.0,0.0,0.0,,Empty response from model for fsb_00044.jpg,0.0,,,,,
fsb_00044,ollama/qwen3.5-custom:latest_conservative,33.21,,,0.0,0.0,0.0,0.0,0.0,0.0,,Empty response from model for fsb_00044.jpg,0.0,,,,,
fsb_00044,ollama/qwen3.5-custom:latest_confident,33.14,Mediterranean Fish Salad,Bacalhau à Brás,0.4531863362604655,0.8,0.16666666666666666,0.7272727272727272,0.6666666666666666,0.8333333333333334,89.80582524271846,,0.0,91.21894858463317,9.952606635071096,73.28519855595668,187.05882352941174,
fsb_00044,ollama/qwen3.5-custom:latest_canonical,30.92,,,0.0,0.0,0.0,0.0,0.0,0.0,,Empty response from model for fsb_00044.jpg,0.0,,,,,
fsb_00045,ollama/gemma3-custom:latest_detailed,40.13,Scrambled Eggs with Toast,Bacon and Cheese Omelette with Bacon,0.7260228562267588,0.5,0.0,0.4,0.3333333333333333,0.6666666666666667,17.63411279229711,,0.0,6.349206349206349,1664.7058823529412,19.83122362869198,48.05194805194806,
fsb_00045,ollama/gemma3-custom:latest_step_by_step,5.36,Scrambled Eggs with Toast,Bacon and Cheese Omelette with Bacon,0.7260228562267588,0.5,0.0,0.4,0.3333333333333333,0.6666666666666667,17.441540577716644,,0.0,6.349206349206349,1623.529411764706,19.83122362869198,48.05194805194806,
fsb_00045,ollama/gemma3-custom:latest_conservative,5.25,Scrambled Eggs with Toast,Bacon and Cheese Omelette with Bacon,0.7260228562267588,0.5,0.0,0.4,0.3333333333333333,0.6666666666666667,19.284731774415402,,0.0,7.301587301587302,1664.7058823529412,28.270042194092827,52.38095238095239,
fsb_00045,ollama/gemma3-custom:latest_confident,5.21,Scrambled Eggs with Toast,Bacon and Cheese Omelette with Bacon,0.7260228562267588,0.5,0.0,0.4,0.3333333333333333,0.6666666666666667,17.63411279229711,,0.0,6.349206349206349,1664.7058823529412,19.83122362869198,48.05194805194806,
fsb_00045,ollama/gemma3-custom:latest_canonical,5.08,Scrambled Eggs with Toast,Bacon and Cheese Omelette with Bacon,0.7260228562267588,0.5,0.3333333333333333,0.4,0.3333333333333333,0.6666666666666667,16.946354883081156,,0.0,6.031746031746032,1576.4705882352941,19.83122362869198,48.05194805194806,
fsb_00045,ollama/llava-custom:latest_detailed,113.44,Breakfast,Bacon and Cheese Omelette with Bacon,0.6990242124349755,1.0,0.3333333333333333,0.8,0.6666666666666666,0.6666666666666667,30.371389270976618,,0.0,30.158730158730158,282.3529411764706,2.9535864978902926,42.85714285714285,
fsb_00045,ollama/llava-custom:latest_step_by_step,4.66,Breakfast,Bacon and Cheese Omelette with Bacon,0.6990242124349755,1.0,0.3333333333333333,0.8,0.6666666666666666,0.6666666666666667,35.103163686382395,,0.0,32.698412698412696,282.3529411764706,45.14767932489451,39.3939393939394,
fsb_00045,ollama/llava-custom:latest_conservative,4.66,Breakfast,Bacon and Cheese Omelette with Bacon,0.6990242124349755,1.0,0.3333333333333333,0.8,0.6666666666666666,0.6666666666666667,35.103163686382395,,0.0,32.698412698412696,282.3529411764706,45.14767932489451,39.3939393939394,
fsb_00045,ollama/llava-custom:latest_confident,4.66,Breakfast,Bacon and Cheese Omelette with Bacon,0.6990242124349755,1.0,0.3333333333333333,0.8,0.6666666666666666,0.6666666666666667,35.103163686382395,,0.0,32.698412698412696,282.3529411764706,45.14767932489451,39.3939393939394,
fsb_00045,ollama/llava-custom:latest_canonical,4.72,Breakfast,Bacon and Cheese Omelette with Bacon,0.6990242124349755,1.0,0.6666666666666666,0.8,0.6666666666666666,0.6666666666666667,32.874828060522695,,0.0,31.746031746031743,64.70588235294117,39.24050632911392,39.3939393939394,
fsb_00045,ollama/ministral-3-custom:latest_detailed,47.87,Scrambled Eggs with Bacon and Toast,Bacon and Cheese Omelette with Bacon,0.810640495160945,0.4,0.0,0.5,0.6666666666666666,0.33333333333333337,69.353507565337,,0.0,66.98412698412697,1170.5882352941178,33.755274261603375,57.14285714285712,
fsb_00045,ollama/ministral-3-custom:latest_step_by_step,7.96,Scrambled Eggs with Bacon and Toast,Bacon and Cheese Omelette with Bacon,0.810640495160945,0.6666666666666666,0.0,0.6666666666666666,0.6666666666666666,1.0,107.1251719394773,,0.0,101.26984126984127,2952.941176470588,43.459915611814345,42.85714285714285,
fsb_00045,ollama/ministral-3-custom:latest_conservative,7.78,Scrambled Eggs with Bacon,Bacon and Cheese Omelette with Bacon,0.825157970475781,0.6666666666666666,0.0,0.6666666666666666,0.6666666666666666,1.0,35.02063273727647,,0.0,34.92063492063492,182.35294117647055,18.143459915611817,42.85714285714285,
fsb_00045,ollama/ministral-3-custom:latest_confident,9.13,Scrambled Eggs with Bacon and Toast,Bacon and Cheese Omelette with Bacon,0.810640495160945,0.5,0.0,0.5714285714285715,0.6666666666666666,0.6666666666666667,111.69188445667125,,0.0,106.03174603174604,2935.2941176470586,47.257383966244724,47.186147186147174,
fsb_00045,ollama/ministral-3-custom:latest_canonical,6.26,Scrambled Eggs with Bacon,Bacon and Cheese Omelette with Bacon,0.825157970475781,1.0,0.3333333333333333,0.8,0.6666666666666666,0.6666666666666667,54.66299862448418,,0.0,56.507936507936506,5.882352941176476,15.61181434599156,73.16017316017314,
fsb_00045,ollama/qwen3.5-custom:latest_detailed,60.39,,,0.0,0.0,0.0,0.0,0.0,0.0,,Empty response from model for fsb_00045.jpg,0.0,,,,,
fsb_00045,ollama/qwen3.5-custom:latest_step_by_step,33.14,,,0.0,0.0,0.0,0.0,0.0,0.0,,Empty response from model for fsb_00045.jpg,0.0,,,,,
fsb_00045,ollama/qwen3.5-custom:latest_conservative,31.69,,,0.0,0.0,0.0,0.0,0.0,0.0,,Empty response from model for fsb_00045.jpg,0.0,,,,,
fsb_00045,ollama/qwen3.5-custom:latest_confident,31.81,,,0.0,0.0,0.0,0.0,0.0,0.0,,Empty response from model for fsb_00045.jpg,0.0,,,,,
fsb_00045,ollama/qwen3.5-custom:latest_canonical,30.52,,,0.0,0.0,0.0,0.0,0.0,0.0,,Empty response from model for fsb_00045.jpg,0.0,,,,,
fsb_00046,ollama/gemma3-custom:latest_detailed,38.41,Bacon,Bacon And Eggs,0.831703512136803,1.0,0.0,0.5,0.3333333333333333,0.33333333333333337,61.582700713135495,,0.0,59.78260869565217,92.64705882352942,66.34615384615384,46.524064171122994,
fsb_00046,ollama/gemma3-custom:latest_step_by_step,4.41,Bacon Strips,Bacon And Eggs,0.7179109577328298,1.0,0.0,0.5,0.3333333333333333,0.33333333333333337,47.78007821486082,,0.0,44.565217391304344,96.32352941176471,66.34615384615384,19.786096256684488,
fsb_00046,ollama/gemma3-custom:latest_conservative,4.47,Bacon,Bacon And Eggs,0.831703512136803,1.0,0.3333333333333333,0.5,0.3333333333333333,0.33333333333333337,9.36277892799632,,0.0,2.1739130434782608,85.29411764705883,0.9615384615384581,49.73262032085562,
fsb_00046,ollama/gemma3-custom:latest_confident,4.28,Bacon,Bacon And Eggs,0.831703512136803,1.0,0.0,0.5,0.3333333333333333,0.33333333333333337,47.78007821486082,,0.0,44.565217391304344,96.32352941176471,66.34615384615384,19.786096256684488,
fsb_00046,ollama/gemma3-custom:latest_canonical,4.28,Bacon,Bacon And Eggs,0.831703512136803,1.0,0.3333333333333333,0.5,0.3333333333333333,0.33333333333333337,44.78951000690131,,0.0,41.84782608695652,96.32352941176471,56.730769230769226,14.438502673796789,
fsb_00046,ollama/llava-custom:latest_detailed,112.4,Bacon and Egg Breakfast,Bacon And Eggs,0.9152959436938268,1.0,0.6666666666666666,0.8,0.6666666666666666,0.6666666666666667,43.57027835288705,,0.0,41.57608695652174,97.79411764705883,40.86538461538461,6.9518716577540145,
fsb_00046,ollama/llava-custom:latest_step_by_step,4.97,Breakfast Sandwich,Bacon And Eggs,0.6999511323165056,1.0,0.6666666666666666,0.8,0.6666666666666666,0.6666666666666667,44.21440073613987,,0.0,41.57608695652174,97.05882352941177,40.86538461538461,22.994652406417107,
fsb_00046,ollama/llava-custom:latest_conservative,4.8,Bacon and Eggs,Bacon And Eggs,1.0000000000000004,1.0,0.6666666666666666,0.8,0.6666666666666666,0.6666666666666667,44.49045318610536,,0.0,41.57608695652174,97.05882352941177,40.86538461538461,29.411764705882355,
fsb_00046,ollama/llava-custom:latest_confident,4.83,Bacon and Eggs,Bacon And Eggs,1.0000000000000004,1.0,0.6666666666666666,0.8,0.6666666666666666,0.6666666666666667,44.49045318610536,,0.0,41.57608695652174,97.05882352941177,40.86538461538461,29.411764705882355,
fsb_00046,ollama/llava-custom:latest_canonical,4.82,Bacon and Eggs,Bacon And Eggs,1.0000000000000004,1.0,0.6666666666666666,0.8,0.6666666666666666,0.6666666666666667,53.508166551644806,,0.0,52.44565217391305,86.76470588235293,49.519230769230774,30.481283422459892,
fsb_00046,ollama/ministral-3-custom:latest_detailed,45.7,Breakfast Burrito with Cheese and Bacon,Bacon And Eggs,0.8027586220378442,0.4,0.0,0.5,0.6666666666666666,0.33333333333333337,164.55026455026453,,0.0,164.67391304347828,183.08823529411765,101.92307692307692,204.8128342245989,
fsb_00046,ollama/ministral-3-custom:latest_step_by_step,8.94,Breakfast Wrap with Bacon and Eggs,Bacon And Eggs,0.8591646295903825,0.25,0.0,0.28571428571428575,0.3333333333333333,0.6666666666666667,89.2109500805153,,0.0,92.11956521739131,37.867647058823536,73.07692307692307,124.59893048128343,
fsb_00046,ollama/ministral-3-custom:latest_conservative,10.45,Breakfast Sandwich with Bacon,Bacon And Eggs,0.8185418851036788,0.6,0.3333333333333333,0.7499999999999999,1.0,0.33333333333333337,100.02300437083048,,0.0,102.44565217391303,52.57352941176471,63.46153846153846,162.03208556149733,
fsb_00046,ollama/ministral-3-custom:latest_confident,10.52,Breakfast Sandwich with Bacon and Egg,Bacon And Eggs,0.8580391789231401,0.6,0.3333333333333333,0.7499999999999999,1.0,0.33333333333333337,72.99286864504256,,0.0,73.36956521739131,48.529411764705884,68.75,105.88235294117648,
fsb_00046,ollama/ministral-3-custom:latest_canonical,8.68,Breakfast Sandwich with Bacon,Bacon And Eggs,0.8185418851036788,0.75,0.6666666666666666,0.8571428571428571,1.0,0.6666666666666667,47.481021394064875,,0.0,47.28260869565217,48.16176470588235,43.26923076923077,55.08021390374333,
fsb_00046,ollama/qwen3.5-custom:latest_detailed,61.93,,,0.0,0.0,0.0,0.0,0.0,0.0,,Empty response from model for fsb_00046.jpg,0.0,,,,,
fsb_00046,ollama/qwen3.5-custom:latest_step_by_step,31.54,,,0.0,0.0,0.0,0.0,0.0,0.0,,Empty response from model for fsb_00046.jpg,0.0,,,,,
fsb_00046,ollama/qwen3.5-custom:latest_conservative,31.26,,,0.0,0.0,0.0,0.0,0.0,0.0,,Empty response from model for fsb_00046.jpg,0.0,,,,,
fsb_00046,ollama/qwen3.5-custom:latest_confident,34.12,,,0.0,0.0,0.0,0.0,0.0,0.0,,Empty response from model for fsb_00046.jpg,0.0,,,,,
fsb_00046,ollama/qwen3.5-custom:latest_canonical,31.42,,,0.0,0.0,0.0,0.0,0.0,0.0,,Empty response from model for fsb_00046.jpg,0.0,,,,,
fsb_00047,ollama/gemma3-custom:latest_detailed,39.89,French Fries,Bacon and Mushroom Sandwich with Fries,0.7576472273544068,0.0,0.0,0.0,0.0,0.4,26.38848075227741,,0.0,24.56016889514427,11.801242236024835,67.54385964912281,68.0,
fsb_00047,ollama/gemma3-custom:latest_step_by_step,4.56,French Fries,Bacon and Mushroom Sandwich with Fries,0.7576472273544068,1.0,0.2,0.33333333333333337,0.2,0.19999999999999996,68.32206876285632,,0.0,66.43209007741028,92.54658385093167,29.824561403508774,84.0,
fsb_00047,ollama/gemma3-custom:latest_conservative,4.91,French Fries,Bacon and Mushroom Sandwich with Fries,0.7576472273544068,0.0,0.0,0.0,0.0,0.4,8.37496326770497,,0.0,1.3370865587614398,45.96273291925465,73.68421052631578,12.0,
fsb_00047,ollama/gemma3-custom:latest_confident,5.0,French Fries,Bacon and Mushroom Sandwich with Fries,0.7576472273544068,0.0,0.0,0.0,0.0,0.4,11.019688510138117,,0.0,6.263194933145676,11.801242236024835,73.68421052631578,60.0,
fsb_00047,ollama/gemma3-custom:latest_canonical,4.87,French Fries,Bacon and Mushroom Sandwich with Fries,0.7576472273544068,0.0,0.0,0.0,0.0,0.4,11.313546870408468,,0.0,7.670654468684029,11.801242236024835,73.68421052631578,36.0,
fsb_00047,ollama/llava-custom:latest_detailed,115.2,Sandwich and Fries,Bacon and Mushroom Sandwich with Fries,0.8500591439258667,0.5,0.2,0.4444444444444445,0.4,0.8,111.96003526300325,,0.0,111.118930330753,60.86956521739128,255.26315789473685,132.0,
fsb_00047,ollama/llava-custom:latest_step_by_step,7.45,Sandwich and Fries,Bacon and Mushroom Sandwich with Fries,0.8500591439258667,0.5,0.2,0.4444444444444445,0.4,0.8,82.10402585953571,,0.0,87.54398311048558,25.46583850931678,42.98245614035088,140.0,
fsb_00047,ollama/llava-custom:latest_conservative,6.83,Sandwich and Fries,Bacon and Mushroom Sandwich with Fries,0.8500591439258667,0.5,0.2,0.4444444444444445,0.4,0.8,121.2459594475463,,0.0,121.67487684729066,56.52173913043477,264.03508771929825,148.0,
fsb_00047,ollama/llava-custom:latest_confident,7.33,Sandwich and Fries,Bacon and Mushroom Sandwich with Fries,0.8500591439258667,0.5,0.2,0.4444444444444445,0.4,0.8,111.96003526300325,,0.0,111.118930330753,60.86956521739128,255.26315789473685,132.0,
fsb_00047,ollama/llava-custom:latest_canonical,6.03,Sandwich and Fries,Bacon and Mushroom Sandwich with Fries,0.8500591439258667,0.6666666666666666,0.2,0.5,0.4,0.6,9.932412577137823,,0.0,5.207600281491912,27.639751552795033,66.66666666666666,20.0,
fsb_00047,ollama/ministral-3-custom:latest_detailed,47.48,Mushroom Burger with Fries,Bacon and Mushroom Sandwich with Fries,0.8877604195701498,0.3333333333333333,0.0,0.3636363636363636,0.4,0.8,370.2909197766677,,0.0,377.4806474313864,278.88198757763973,307.0175438596491,500.0,
fsb_00047,ollama/ministral-3-custom:latest_step_by_step,11.93,Mushroom Burger with Fries,Bacon and Mushroom Sandwich with Fries,0.8877604195701498,0.5,0.2,0.5454545454545454,0.6,0.8,243.05024977960628,,0.0,242.01266713581987,189.75155279503102,291.22807017543863,360.0,
fsb_00047,ollama/ministral-3-custom:latest_conservative,12.24,Mushroom Burger with Fries,Bacon and Mushroom Sandwich with Fries,0.8877604195701498,0.5,0.0,0.5454545454545454,0.6,0.8,232.61827799000883,,0.0,238.14215341308937,133.22981366459624,257.8947368421052,340.0,
fsb_00047,ollama/ministral-3-custom:latest_confident,11.65,Mushroom Burger with Fries,Bacon and Mushroom Sandwich with Fries,0.8877604195701498,0.5,0.0,0.5454545454545454,0.6,0.8,329.2389068468998,,0.0,335.9605911330049,209.62732919254657,309.64912280701753,502.4,
fsb_00047,ollama/ministral-3-custom:latest_canonical,9.88,Mushroom Burger with Fries,Bacon and Mushroom Sandwich with Fries,0.8877604195701498,0.4,0.4,0.4000000000000001,0.4,1.0,181.22245077872466,,0.0,183.95496129486278,157.7639751552795,171.9298245614035,188.0,
fsb_00047,ollama/qwen3.5-custom:latest_detailed,64.16,,,0.0,0.0,0.0,0.0,0.0,0.0,,Empty response from model for fsb_00047.jpg,0.0,,,,,
fsb_00047,ollama/qwen3.5-custom:latest_step_by_step,33.04,,,0.0,0.0,0.0,0.0,0.0,0.0,,Empty response from model for fsb_00047.jpg,0.0,,,,,
fsb_00047,ollama/qwen3.5-custom:latest_conservative,36.52,,,0.0,0.0,0.0,0.0,0.0,0.0,,Empty response from model for fsb_00047.jpg,0.0,,,,,
fsb_00047,ollama/qwen3.5-custom:latest_confident,36.06,,,0.0,0.0,0.0,0.0,0.0,0.0,,Empty response from model for fsb_00047.jpg,0.0,,,,,
fsb_00047,ollama/qwen3.5-custom:latest_canonical,31.74,,,0.0,0.0,0.0,0.0,0.0,0.0,,Empty response from model for fsb_00047.jpg,0.0,,,,,
fsb_00048,ollama/gemma3-custom:latest_detailed,40.01,Scrambled Eggs with Bacon and Toast,Breakfast Scramble,0.8314910935774205,0.6666666666666666,0.14285714285714285,0.4,0.2857142857142857,0.4285714285714286,96.6801918111398,,0.0,101.33037694013302,55.276381909547744,61.14649681528663,130.0,
fsb_00048,ollama/gemma3-custom:latest_step_by_step,6.22,Scrambled Eggs with Bacon and Toast,Breakfast Scramble,0.8314910935774205,0.6666666666666666,0.14285714285714285,0.4,0.2857142857142857,0.4285714285714286,89.59793434157137,,0.0,94.67849223946784,45.728643216080414,46.49681528662421,130.0,
fsb_00048,ollama/gemma3-custom:latest_conservative,5.26,Scrambled Eggs with Toast,Breakfast Scramble,0.8385945517544273,0.5,0.0,0.22222222222222224,0.14285714285714285,0.2857142857142857,30.947989671707848,,0.0,30.820399113082043,45.728643216080414,21.019108280254784,20.0,
fsb_00048,ollama/gemma3-custom:latest_confident,6.04,Scrambled Eggs with Bacon,Breakfast Scramble,0.8042318104818651,0.6666666666666666,0.14285714285714285,0.4,0.2857142857142857,0.4285714285714286,74.06860936923644,,0.0,70.28824833702882,82.91457286432161,56.05095541401275,170.0,
fsb_00048,ollama/gemma3-custom:latest_canonical,5.48,Eggs with Bacon,Breakfast Scramble,0.7269104424820425,1.0,0.2857142857142857,0.4444444444444445,0.2857142857142857,0.2857142857142857,53.190704537071184,,0.0,46.34146341463415,91.95979899497486,40.127388535031855,151.00000000000003,
fsb_00048,ollama/llava-custom:latest_detailed,113.45,Bacon and Egg Breakfast,Breakfast Scramble,0.7830426942219764,1.0,0.14285714285714285,0.4444444444444445,0.2857142857142857,0.2857142857142857,12.725931390630763,,0.0,1.9955654101995564,96.98492462311557,10.828025477707003,90.0,
fsb_00048,ollama/llava-custom:latest_step_by_step,4.89,Bacon and Egg Breakfast,Breakfast Scramble,0.7830426942219764,1.0,0.14285714285714285,0.4444444444444445,0.2857142857142857,0.2857142857142857,12.725931390630763,,0.0,1.9955654101995564,96.98492462311557,10.828025477707003,90.0,
fsb_00048,ollama/llava-custom:latest_conservative,4.83,Bacon and Egg Breakfast,Breakfast Scramble,0.7830426942219764,1.0,0.14285714285714285,0.4444444444444445,0.2857142857142857,0.2857142857142857,12.725931390630763,,0.0,1.9955654101995564,96.98492462311557,10.828025477707003,90.0,
fsb_00048,ollama/llava-custom:latest_confident,4.83,Bacon and Egg Breakfast,Breakfast Scramble,0.7830426942219764,1.0,0.14285714285714285,0.4444444444444445,0.2857142857142857,0.2857142857142857,12.725931390630763,,0.0,1.9955654101995564,96.98492462311557,10.828025477707003,90.0,
fsb_00048,ollama/llava-custom:latest_canonical,4.8,Bacon and Eggs,Breakfast Scramble,0.7149904680223044,1.0,0.14285714285714285,0.4444444444444445,0.2857142857142857,0.2857142857142857,32.68166728144596,,0.0,29.046563192904657,82.41206030150754,23.56687898089172,30.0,
fsb_00048,ollama/ministral-3-custom:latest_detailed,47.12,Breakfast Burrito with Bacon,Breakfast Scramble,0.73327522724206,0.5,0.0,0.4615384615384615,0.42857142857142855,0.8571428571428572,228.36591663592768,,0.0,233.48115299334813,174.8743718592965,183.4394904458599,290.0,
fsb_00048,ollama/ministral-3-custom:latest_step_by_step,11.85,Breakfast Burrito with Bacon,Breakfast Scramble,0.73327522724206,0.5,0.14285714285714285,0.4615384615384615,0.42857142857142855,0.8571428571428572,326.4109184802655,,0.0,337.6940133037694,164.8241206030151,259.87261146496814,497.99999999999994,
fsb_00048,ollama/ministral-3-custom:latest_conservative,11.45,Breakfast Burrito with Bacon,Breakfast Scramble,0.73327522724206,0.5,0.14285714285714285,0.4615384615384615,0.42857142857142855,0.8571428571428572,262.7074880118038,,0.0,271.61862527716187,165.82914572864323,191.71974522292993,366.0,
fsb_00048,ollama/ministral-3-custom:latest_confident,11.85,Breakfast Burrito with Bacon,Breakfast Scramble,0.73327522724206,0.5,0.2857142857142857,0.4615384615384615,0.42857142857142855,0.8571428571428572,222.94356326078938,,0.0,229.93348115299335,33.16582914572864,218.4713375796178,450.0,
fsb_00048,ollama/ministral-3-custom:latest_canonical,9.21,Breakfast Burrito,Breakfast Scramble,0.7521682826316949,0.75,0.2857142857142857,0.5454545454545454,0.42857142857142855,0.5714285714285714,124.56658059756546,,0.0,125.72062084257207,41.20603015075377,112.73885350318471,282.99999999999994,
fsb_00048,ollama/qwen3.5-custom:latest_detailed,61.22,,,0.0,0.0,0.0,0.0,0.0,0.0,,Empty response from model for fsb_00048.jpg,0.0,,,,,
fsb_00048,ollama/qwen3.5-custom:latest_step_by_step,33.04,,,0.0,0.0,0.0,0.0,0.0,0.0,,Empty response from model for fsb_00048.jpg,0.0,,,,,
fsb_00048,ollama/qwen3.5-custom:latest_conservative,32.44,,,0.0,0.0,0.0,0.0,0.0,0.0,,Empty response from model for fsb_00048.jpg,0.0,,,,,
fsb_00048,ollama/qwen3.5-custom:latest_confident,32.36,,,0.0,0.0,0.0,0.0,0.0,0.0,,Empty response from model for fsb_00048.jpg,0.0,,,,,
fsb_00048,ollama/qwen3.5-custom:latest_canonical,32.29,,,0.0,0.0,0.0,0.0,0.0,0.0,,Empty response from model for fsb_00048.jpg,0.0,,,,,
fsb_00049,ollama/gemma3-custom:latest_detailed,40.35,Avocado Toast with Egg,Bacon Egg and Cheese Sandwich,0.6911932348099848,0.25,0.2,0.22222222222222224,0.2,0.8,29.481205343274315,,0.0,30.499817584823063,6.417112299465237,36.507936507936506,33.33333333333333,
fsb_00049,ollama/gemma3-custom:latest_step_by_step,6.96,Avocado Toast with Egg,Bacon Egg and Cheese Sandwich,0.6911932348099848,0.25,0.2,0.22222222222222224,0.2,0.8,29.481205343274315,,0.0,30.499817584823063,6.417112299465237,36.507936507936506,33.33333333333333,
fsb_00049,ollama/gemma3-custom:latest_conservative,6.2,Avocado Toast,Bacon Egg and Cheese Sandwich,0.6144396968181169,0.0,0.0,0.0,0.0,0.6,43.18111214662939,,0.0,44.72820138635535,4.278074866310164,60.317460317460316,48.484848484848484,
fsb_00049,ollama/gemma3-custom:latest_confident,4.66,Avocado Toast,Bacon Egg and Cheese Sandwich,0.6144396968181169,0.0,0.0,0.0,0.0,0.4,43.647095371233306,,0.0,45.275446917183515,4.278074866310164,60.317460317460316,48.484848484848484,
fsb_00049,ollama/gemma3-custom:latest_canonical,6.05,Pasta with Vegetables,Bacon Egg and Cheese Sandwich,0.54977899315956,0.0,0.0,0.0,0.0,0.6,35.05747126436782,,0.0,25.7570229843123,121.92513368983957,29.761904761904763,95.15151515151514,
fsb_00049,ollama/llava-custom:latest_detailed,115.16,Burger and Ketchup,Bacon Egg and Cheese Sandwich,0.6752998548145066,0.0,0.0,0.0,0.0,0.8,7.471264367816084,,0.0,4.341481211236766,21.92513368983958,44.047619047619044,15.151515151515152,
fsb_00049,ollama/llava-custom:latest_step_by_step,6.05,Burger and Ketchup,Bacon Egg and Cheese Sandwich,0.6752998548145066,0.0,0.0,0.0,0.0,0.6,4.597701149425294,,0.0,1.4958044509303257,20.320855614973265,23.01587301587302,24.242424242424242,
fsb_00049,ollama/llava-custom:latest_conservative,8.15,Burger and Ketchup,Bacon Egg and Cheese Sandwich,0.6752998548145066,0.0,0.0,0.0,0.0,0.8,40.88226157191674,,0.0,41.44472820138636,34.22459893048128,24.6031746031746,51.515151515151516,
fsb_00049,ollama/llava-custom:latest_confident,5.73,Burger,Bacon Egg and Cheese Sandwich,0.6296238958865036,0.3333333333333333,0.0,0.25,0.2,0.6,35.47685616651135,,0.0,34.33053630062022,65.24064171122994,19.04761904761905,33.33333333333333,
fsb_00049,ollama/llava-custom:latest_canonical,4.88,Burger,Bacon Egg and Cheese Sandwich,0.6296238958865036,0.0,0.0,0.0,0.0,0.4,59.242000621310964,,0.0,60.23349142648669,73.2620320855615,19.04761904761905,57.57575757575758,
fsb_00049,ollama/ministral-3-custom:latest_detailed,41.46,Garlic Bread with Tomato Sauce,Bacon Egg and Cheese Sandwich,0.5989641086388793,0.0,0.0,0.0,0.0,0.4,48.24479652065859,,0.0,47.09959868661073,27.27272727272728,68.25396825396825,75.75757575757575,
fsb_00049,ollama/ministral-3-custom:latest_step_by_step,6.21,Garlic Bread with Tomato Sauce,Bacon Egg and Cheese Sandwich,0.5989641086388793,0.0,0.0,0.0,0.0,0.4,43.445169307238274,,0.0,42.904049616928134,9.625668449197864,68.25396825396825,71.81818181818181,
fsb_00049,ollama/ministral-3-custom:latest_conservative,6.49,Baked Bread with Tomato Sauce,Bacon Egg and Cheese Sandwich,0.5880650567898358,0.0,0.0,0.0,0.0,0.4,52.28331780055918,,0.0,50.38307187157972,36.36363636363637,66.66666666666666,90.9090909090909,
fsb_00049,ollama/ministral-3-custom:latest_confident,6.4,Garlic Bread with Tomato Sauce,Bacon Egg and Cheese Sandwich,0.5989641086388793,0.0,0.0,0.0,0.0,0.4,48.10500155327742,,0.0,47.09959868661073,25.668449197860966,68.25396825396825,74.84848484848484,
fsb_00049,ollama/ministral-3-custom:latest_canonical,6.16,Baked Bread with Tomato Sauce,Bacon Egg and Cheese Sandwich,0.5880650567898358,0.0,0.0,0.0,0.0,0.4,26.716371543957752,,0.0,22.29113462240059,47.05882352941177,64.28571428571428,48.484848484848484,
fsb_00049,ollama/qwen3.5-custom:latest_detailed,60.65,,,0.0,0.0,0.0,0.0,0.0,0.0,,Empty response from model for fsb_00049.jpg,0.0,,,,,
fsb_00049,ollama/qwen3.5-custom:latest_step_by_step,37.82,,,0.0,0.0,0.0,0.0,0.0,0.0,,Empty response from model for fsb_00049.jpg,0.0,,,,,
fsb_00049,ollama/qwen3.5-custom:latest_conservative,31.83,,,0.0,0.0,0.0,0.0,0.0,0.0,,Empty response from model for fsb_00049.jpg,0.0,,,,,
fsb_00049,ollama/qwen3.5-custom:latest_confident,32.03,,,0.0,0.0,0.0,0.0,0.0,0.0,,Empty response from model for fsb_00049.jpg,0.0,,,,,
fsb_00049,ollama/qwen3.5-custom:latest_canonical,30.44,,,0.0,0.0,0.0,0.0,0.0,0.0,,Empty response from model for fsb_00049.jpg,0.0,,,,,
