image_id,model,response_time_seconds,meal_name,gt_meal_name,meal_name_similarity,semantic_precision_ing,semantic_match,semantic_f1_ing,semantic_match_embeddings,ingredient_count_acc,wmape_mac,error,cost_usd,calories_pct_error,carbs_pct_error,protein_pct_error,fat_pct_error,match_details
fsb_00006,deepinfra/mistralai/Mistral-Small-3.2-24B-Instruct-2506_detailed,3.59,Grilled Halloumi and Roasted Vegetable Salad,Arugula Salad with Candied Pecans and Beets,0.7323070271981923,0.2857142857142857,0.3333333333333333,0.30769230769230765,0.3333333333333333,0.8333333333333334,16.00773150588648,,0.000239,11.52725759467332,33.476394849785414,115.38461538461537,17.64705882352942,
fsb_00006,deepinfra/mistralai/Mistral-Small-3.2-24B-Instruct-2506_step_by_step,1.53,Grilled Fish with Arugula Salad,Arugula Salad with Candied Pecans and Beets,0.8284863255449773,0.5714285714285714,0.3333333333333333,0.6153846153846153,0.6666666666666666,0.8333333333333334,22.860657178000345,,0.00024,17.977528089887635,37.76824034334764,161.53846153846155,17.64705882352942,
fsb_00006,deepinfra/mistralai/Mistral-Small-3.2-24B-Instruct-2506_conservative,3.48,Mediterranean Salad with Lamb and Beetroot,Arugula Salad with Candied Pecans and Beets,0.7978729648398755,0.1,0.16666666666666666,0.125,0.16666666666666666,0.33333333333333337,59.02301880161659,,0.00026,53.974198918019134,41.41630901287554,273.84615384615387,74.74048442906576,
fsb_00006,deepinfra/mistralai/Mistral-Small-3.2-24B-Instruct-2506_confident,2.28,"Gourmet Salad with Beetroot, Avocado, Carrot, and Fried Halloumi",Arugula Salad with Candied Pecans and Beets,0.823295205548155,0.5,0.3333333333333333,0.5,0.5,1.0,10.296960112458263,,0.000216,4.244694132334577,57.08154506437768,67.6923076923077,9.688581314878896,
fsb_00006,deepinfra/mistralai/Mistral-Small-3.2-24B-Instruct-2506_canonical,2.28,"Salad with Beets, Greens, Carrots, and Meatballs",Arugula Salad with Candied Pecans and Beets,0.8241818125663317,0.5,0.3333333333333333,0.4,0.3333333333333333,0.6666666666666667,49.04234756633281,,0.000206,48.605909280066584,63.519313304721024,15.384615384615385,48.09688581314879,
fsb_00006,deepinfra/meta-llama/Llama-4-Scout-17B-16E-Instruct_detailed,7.01,"Arugula Salad with Pecans, Beets, and Latke",Arugula Salad with Candied Pecans and Beets,0.9492781547397693,0.6,0.3333333333333333,0.5454545454545454,0.5,0.8333333333333334,5.763486206290638,,0.000311,4.494382022471915,4.7210300429184455,40.76923076923077,12.802768166089976,
fsb_00006,deepinfra/meta-llama/Llama-4-Scout-17B-16E-Instruct_step_by_step,6.73,"Arugula Salad with Pecans, Beets, and Latke",Arugula Salad with Candied Pecans and Beets,0.9492781547397693,0.6,0.3333333333333333,0.5454545454545454,0.5,0.8333333333333334,10.367246529608149,,0.000313,8.822305451518929,2.1459227467811157,40.76923076923077,35.640138408304516,
fsb_00006,deepinfra/meta-llama/Llama-4-Scout-17B-16E-Instruct_conservative,6.54,"Arugula Salad with Pecans, Beets, and Latke",Arugula Salad with Candied Pecans and Beets,0.9492781547397693,0.6,0.3333333333333333,0.5454545454545454,0.5,0.8333333333333334,36.25021964505359,,0.000317,37.78610070744903,19.957081545064387,43.84615384615385,33.56401384083045,
fsb_00006,deepinfra/meta-llama/Llama-4-Scout-17B-16E-Instruct_confident,6.05,"Arugula Salad with Pecans, Beets, and Latke",Arugula Salad with Candied Pecans and Beets,0.9492781547397693,0.6,0.3333333333333333,0.5454545454545454,0.5,0.8333333333333334,5.693199789140745,,0.000308,3.8285476487723633,4.93562231759656,38.46153846153847,23.18339100346022,
fsb_00006,deepinfra/meta-llama/Llama-4-Scout-17B-16E-Instruct_canonical,6.59,"Arugula Salad with Pecans, Beets, and Fried Patties",Arugula Salad with Candied Pecans and Beets,0.9522655370903259,0.75,0.3333333333333333,0.6,0.5,0.6666666666666667,53.224389386751,,0.000294,54.59841864336246,8.369098712446348,73.07692307692307,93.77162629757785,
fsb_00006,deepinfra/google/gemma-3-27b-it_detailed,15.57,Beet & Arugula Salad with Pecan-Crusted Chicken Bites,Arugula Salad with Candied Pecans and Beets,0.9007241068974918,0.5,0.16666666666666666,0.5,0.5,1.0,42.29485151994376,,0.000104,41.28173116937161,27.253218884120162,186.1538461538462,18.68512110726643,
fsb_00006,deepinfra/google/gemma-3-27b-it_step_by_step,9.48,Beet & Arugula Salad with Pecans and Croquettes,Arugula Salad with Candied Pecans and Beets,0.9390273860385088,0.5,0.16666666666666666,0.5,0.5,1.0,97.01282727112985,,0.000103,95.38077403245941,83.90557939914163,109.23076923076923,139.7923875432526,
fsb_00006,deepinfra/google/gemma-3-27b-it_conservative,16.41,Beet & Arugula Salad with Pecans and Croquettes,Arugula Salad with Candied Pecans and Beets,0.9390273860385088,0.5,0.16666666666666666,0.5,0.5,1.0,87.8053066244948,,0.000104,87.05784436121515,71.03004291845494,91.53846153846152,125.60553633217995,
fsb_00006,deepinfra/google/gemma-3-27b-it_confident,11.79,Beet & Arugula Salad with Pecans and Croquettes,Arugula Salad with Candied Pecans and Beets,0.9390273860385088,0.5,0.16666666666666666,0.5,0.5,1.0,103.09260235459496,,9.8e-05,104.74406991260923,71.03004291845494,106.92307692307692,125.60553633217995,
fsb_00006,deepinfra/google/gemma-3-27b-it_canonical,13.04,Beet & Greens Salad,Arugula Salad with Candied Pecans and Beets,0.8010906602199317,0.4,0.16666666666666666,0.3636363636363636,0.3333333333333333,0.8333333333333334,12.2474081883676,,9.7e-05,8.447773616312947,37.76824034334764,84.61538461538461,1.7301038062283738,
fsb_00025,deepinfra/mistralai/Mistral-Small-3.2-24B-Instruct-2506_detailed,2.98,Avocado Toast with Greek Yogurt,Avocado Toast with Coffee,0.8761257328966672,0.3333333333333333,0.6666666666666666,0.4444444444444444,0.6666666666666666,0.0,12.001071524243233,,0.000225,10.610932475884244,9.890109890109894,68.10344827586208,2.097902097902103,
fsb_00025,deepinfra/mistralai/Mistral-Small-3.2-24B-Instruct-2506_step_by_step,2.01,Avocado Toast with Greek Yogurt,Avocado Toast with Coffee,0.8761257328966672,0.6666666666666666,0.6666666666666666,0.6666666666666666,0.6666666666666666,1.0,10.125904098580229,,0.000192,9.32475884244373,1.6483516483516523,68.10344827586208,2.097902097902103,
fsb_00025,deepinfra/mistralai/Mistral-Small-3.2-24B-Instruct-2506_conservative,2.64,Avocado Toast with Greek Yogurt,Avocado Toast with Coffee,0.8761257328966672,0.6666666666666666,0.6666666666666666,0.6666666666666666,0.6666666666666666,1.0,10.125904098580229,,0.00019,9.32475884244373,1.6483516483516523,68.10344827586208,2.097902097902103,
fsb_00025,deepinfra/mistralai/Mistral-Small-3.2-24B-Instruct-2506_confident,1.83,Avocado Toast with Greek Yogurt,Avocado Toast with Coffee,0.8761257328966672,0.6666666666666666,0.6666666666666666,0.6666666666666666,0.6666666666666666,1.0,10.125904098580229,,0.00019,9.32475884244373,1.6483516483516523,68.10344827586208,2.097902097902103,
fsb_00025,deepinfra/mistralai/Mistral-Small-3.2-24B-Instruct-2506_canonical,2.0,Avocado Toast with Yogurt,Avocado Toast with Coffee,0.9031223866981666,0.6666666666666666,0.3333333333333333,0.6666666666666666,0.6666666666666666,1.0,35.19957139030271,,0.000194,34.08360128617363,42.85714285714286,76.72413793103449,6.293706293706296,
fsb_00025,deepinfra/meta-llama/Llama-4-Scout-17B-16E-Instruct_detailed,133.84,Avocado Toast with Yogurt,Avocado Toast with Coffee,0.9031223866981666,0.6666666666666666,0.6666666666666666,0.6666666666666666,0.6666666666666666,1.0,8.063219930350924,,0.002375,5.787781350482315,17.582417582417577,37.931034482758626,9.090909090909095,
fsb_00025,deepinfra/meta-llama/Llama-4-Scout-17B-16E-Instruct_step_by_step,3.63,Avocado Toast with Yogurt,Avocado Toast with Coffee,0.9031223866981666,0.6666666666666666,0.6666666666666666,0.6666666666666666,0.6666666666666666,1.0,38.49450843825341,,0.000267,34.40514469453376,31.868131868131872,115.51724137931035,81.81818181818181,
fsb_00025,deepinfra/meta-llama/Llama-4-Scout-17B-16E-Instruct_conservative,3.63,Avocado Toast with Yogurt,Avocado Toast with Coffee,0.9031223866981666,0.6666666666666666,0.6666666666666666,0.6666666666666666,0.6666666666666666,1.0,12.670774176265736,,0.000265,12.540192926045016,7.142857142857147,29.31034482758621,16.08391608391609,
fsb_00025,deepinfra/meta-llama/Llama-4-Scout-17B-16E-Instruct_confident,4.59,Avocado Toast with Yogurt,Avocado Toast with Coffee,0.9031223866981666,0.6666666666666666,0.6666666666666666,0.6666666666666666,0.6666666666666666,1.0,132.1457272970801,,0.000259,134.7266881028939,110.71428571428572,138.7931034482759,125.17482517482519,
fsb_00025,deepinfra/meta-llama/Llama-4-Scout-17B-16E-Instruct_canonical,4.04,Avocado and Bread with Yogurt,Avocado Toast with Coffee,0.8102086206540577,0.6666666666666666,0.3333333333333333,0.6666666666666666,0.6666666666666666,1.0,60.12590409858023,,0.000273,63.9871382636656,44.23076923076923,63.793103448275865,13.63636363636363,
fsb_00025,deepinfra/google/gemma-3-27b-it_detailed,9.35,Open-Faced Avocado Toast with Side Salad & Milk,Avocado Toast with Coffee,0.8668720020604876,0.6,1.0,0.7499999999999999,1.0,0.33333333333333337,49.95981784087865,,9.6e-05,55.30546623794213,8.516483516483522,35.3448275862069,51.048951048951054,
fsb_00025,deepinfra/google/gemma-3-27b-it_step_by_step,9.5,Open-Faced Avocado Toast with Side Salad and Milk,Avocado Toast with Coffee,0.8639310945132986,0.5,0.6666666666666666,0.5714285714285715,0.6666666666666666,0.6666666666666667,17.27832842218055,,8.2e-05,17.363344051446948,1.098901098901095,27.586206896551737,48.25174825174824,
fsb_00025,deepinfra/google/gemma-3-27b-it_conservative,12.12,Simple Lunch Plate,Avocado Toast with Coffee,0.5302701780498493,0.4,0.6666666666666666,0.5,0.6666666666666666,0.33333333333333337,3.9378515938923107,,0.000101,2.572347266881029,5.2197802197802154,20.689655172413797,16.783216783216773,
fsb_00025,deepinfra/google/gemma-3-27b-it_confident,9.18,Open-Faced Avocado Toast with Side Salad & Milk,Avocado Toast with Coffee,0.8668720020604876,0.6,0.6666666666666666,0.7499999999999999,1.0,0.33333333333333337,42.78060541119743,,9e-05,43.729903536977496,15.384615384615389,37.931034482758626,95.80419580419579,
fsb_00025,deepinfra/google/gemma-3-27b-it_canonical,9.35,Simple Plate,Avocado Toast with Coffee,0.5597981695456911,0.75,0.3333333333333333,0.8571428571428571,1.0,0.6666666666666667,40.90543798553442,,8.5e-05,41.47909967845659,31.868131868131872,46.55172413793104,46.853146853146846,
fsb_00027,deepinfra/mistralai/Mistral-Small-3.2-24B-Instruct-2506_detailed,3.09,Avocado Toast with Fried Egg and Coffee,Avocado Toast with Egg and Coffee,0.98473397554453,0.8333333333333334,0.6666666666666666,0.8333333333333334,0.8333333333333334,1.0,6.5501043841336175,,0.000228,5.26315789473685,17.695473251028808,16.54676258992806,6.965174129353226,
fsb_00027,deepinfra/mistralai/Mistral-Small-3.2-24B-Instruct-2506_step_by_step,2.8,Avocado Toast with Fried Egg and Coffee,Avocado Toast with Egg and Coffee,0.98473397554453,0.8333333333333334,0.6666666666666666,0.8333333333333334,0.8333333333333334,1.0,46.711899791231744,,0.00023,43.73653431825178,85.18518518518518,56.11510791366906,41.79104477611939,
fsb_00027,deepinfra/mistralai/Mistral-Small-3.2-24B-Instruct-2506_conservative,2.8,Avocado Toast with Fried Egg and Coffee,Avocado Toast with Egg and Coffee,0.98473397554453,0.8333333333333334,0.6666666666666666,0.8333333333333334,0.8333333333333334,1.0,5.845511482254692,,0.000227,5.509387503847331,4.938271604938269,17.26618705035971,4.477611940298518,
fsb_00027,deepinfra/mistralai/Mistral-Small-3.2-24B-Instruct-2506_confident,2.81,Avocado Toast with Fried Egg and Coffee,Avocado Toast with Egg and Coffee,0.98473397554453,0.8333333333333334,0.6666666666666666,0.8333333333333334,0.8333333333333334,1.0,46.685803757828815,,0.000228,43.73653431825178,85.18518518518518,55.395683453237424,41.79104477611939,
fsb_00027,deepinfra/mistralai/Mistral-Small-3.2-24B-Instruct-2506_canonical,0.16,Avocado Toast with Fried Egg and Coffee,Avocado Toast with Egg and Coffee,0.98473397554453,1.0,0.3333333333333333,0.8,0.6666666666666666,0.6666666666666667,16.23173277661795,,0.000202,15.974145891043392,13.580246913580249,28.057553956834536,15.422885572139307,
fsb_00027,deepinfra/meta-llama/Llama-4-Scout-17B-16E-Instruct_detailed,14.11,Avocado Toast with Fried Egg and Coffee,Avocado Toast with Egg and Coffee,0.98473397554453,1.0,0.5,0.9090909090909091,0.8333333333333334,0.8333333333333334,11.221294363256778,,0.0003,11.049553708833482,3.292181069958851,20.863309352517987,16.91542288557215,
fsb_00027,deepinfra/meta-llama/Llama-4-Scout-17B-16E-Instruct_step_by_step,7.9,Breakfast Plate,Avocado Toast with Egg and Coffee,0.7340424555645757,1.0,0.6666666666666666,0.9090909090909091,0.8333333333333334,0.8333333333333334,4.8538622129436275,,0.0003,1.5081563558017783,35.80246913580247,13.66906474820144,15.422885572139307,
fsb_00027,deepinfra/meta-llama/Llama-4-Scout-17B-16E-Instruct_conservative,7.89,Avocado Toast with Fried Egg and Coffee,Avocado Toast with Egg and Coffee,0.98473397554453,1.0,0.5,0.9090909090909091,0.8333333333333334,0.8333333333333334,14.193632567849681,,0.000301,14.127423822714674,4.444444444444453,27.98561151079137,17.51243781094529,
fsb_00027,deepinfra/meta-llama/Llama-4-Scout-17B-16E-Instruct_confident,3.26,Avocado Toast with Fried Egg and Coffee,Avocado Toast with Egg and Coffee,0.98473397554453,1.0,0.5,0.9090909090909091,0.8333333333333334,0.8333333333333334,5.114822546972856,,0.0003,4.893813481071092,2.880658436213989,13.66906474820144,5.472636815920405,
fsb_00027,deepinfra/meta-llama/Llama-4-Scout-17B-16E-Instruct_canonical,4.13,Avocado Toast with Egg and Coffee,Avocado Toast with Egg and Coffee,1.0000000000000007,0.75,0.3333333333333333,0.6,0.5,0.6666666666666667,8.402922755741123,,0.000285,7.971683594952286,5.34979423868313,35.251798561151084,0.4975124378109523,
fsb_00027,deepinfra/google/gemma-3-27b-it_detailed,19.8,Beetroot & Avocado Toast with Fried Egg and Coffee,Avocado Toast with Egg and Coffee,0.9455337881640364,0.75,0.8333333333333334,0.8571428571428571,1.0,0.6666666666666667,83.40292275574114,,0.00012,82.51769775315483,116.46090534979423,51.07913669064747,80.09950248756219,
fsb_00027,deepinfra/google/gemma-3-27b-it_step_by_step,12.06,Avocado Toast with Fried Egg and Roasted Beets with Coffee,Avocado Toast with Egg and Coffee,0.9554591948129803,0.5714285714285714,0.6666666666666666,0.6153846153846153,0.6666666666666666,0.8333333333333334,75.07828810020878,,0.000106,79.43982763927363,62.96296296296296,22.30215827338129,55.72139303482586,
fsb_00027,deepinfra/google/gemma-3-27b-it_conservative,21.82,Open-Faced Beet & Avocado Toast with Fried Egg & Coffee,Avocado Toast with Egg and Coffee,0.9273574020268057,0.5555555555555556,0.5,0.6666666666666667,0.8333333333333334,0.5,12.81315240083508,,0.000145,9.572176054170521,60.90534979423868,2.8776978417266212,13.930348258706452,
fsb_00027,deepinfra/google/gemma-3-27b-it_confident,15.01,Open-Faced Beet & Avocado Toast with Fried Egg & Coffee,Avocado Toast with Egg and Coffee,0.9273574020268057,0.5714285714285714,0.6666666666666666,0.6153846153846153,0.6666666666666666,0.8333333333333334,8.037578288100203,,0.000106,6.12496152662357,15.637860082304531,15.107913669064747,24.87562189054727,
fsb_00027,deepinfra/google/gemma-3-27b-it_canonical,11.72,Egg & Avocado Toast with Beets,Avocado Toast with Egg and Coffee,0.9171461527821347,1.0,0.3333333333333333,0.9090909090909091,0.8333333333333334,0.8333333333333334,5.297494780793315,,9.7e-05,1.5081563558017783,38.27160493827161,2.8776978417266212,28.358208955223883,
fsb_00030,deepinfra/mistralai/Mistral-Small-3.2-24B-Instruct-2506_detailed,0.13,Avocado and Fried Egg Toast,Avocado Toast With Egg,0.9633787583832052,0.5,0.5,0.5,0.5,1.0,14.89416623644812,,0.000204,11.714975845410631,52.727272727272734,46.22641509433963,10.169491525423737,
fsb_00030,deepinfra/mistralai/Mistral-Small-3.2-24B-Instruct-2506_step_by_step,1.76,Avocado and Egg Toast,Avocado Toast With Egg,0.9796735284547485,0.6666666666666666,0.5,0.5714285714285715,0.5,0.75,10.299432111512651,,0.000191,5.676328502415463,52.727272727272734,46.22641509433963,19.491525423728817,
fsb_00030,deepinfra/mistralai/Mistral-Small-3.2-24B-Instruct-2506_conservative,2.22,Avocado and Egg Toast,Avocado Toast With Egg,0.9796735284547485,0.4,0.5,0.4444444444444445,0.5,0.75,10.402684563758392,,0.000213,5.676328502415463,54.090909090909086,47.16981132075472,19.491525423728817,
fsb_00030,deepinfra/mistralai/Mistral-Small-3.2-24B-Instruct-2506_confident,2.42,Avocado and Egg Toast,Avocado Toast With Egg,0.9796735284547485,0.4,0.5,0.4444444444444445,0.5,0.75,10.402684563758392,,0.000213,5.676328502415463,54.090909090909086,47.16981132075472,19.491525423728817,
fsb_00030,deepinfra/mistralai/Mistral-Small-3.2-24B-Instruct-2506_canonical,1.69,Avocado and Egg Toast,Avocado Toast With Egg,0.9796735284547485,0.6666666666666666,0.5,0.5714285714285715,0.5,0.75,10.815694372741355,,0.000193,5.676328502415463,66.36363636363637,27.35849056603774,23.728813559322038,
fsb_00030,deepinfra/meta-llama/Llama-4-Scout-17B-16E-Instruct_detailed,4.83,Avocado Toast with Fried Egg,Avocado Toast With Egg,0.9783249684336591,0.6666666666666666,0.5,0.5714285714285715,0.5,0.75,9.241094475993807,,0.000265,5.676328502415463,45.45454545454545,22.641509433962266,19.491525423728817,
fsb_00030,deepinfra/meta-llama/Llama-4-Scout-17B-16E-Instruct_step_by_step,5.85,Avocado Toast with Fried Egg,Avocado Toast With Egg,0.9783249684336591,0.6666666666666666,0.25,0.5714285714285715,0.5,0.75,14.558595766649459,,0.000262,11.714975845410631,57.27272727272727,22.641509433962266,11.016949152542379,
fsb_00030,deepinfra/meta-llama/Llama-4-Scout-17B-16E-Instruct_conservative,4.78,Avocado Toast with Fried Egg,Avocado Toast With Egg,0.9783249684336591,0.6666666666666666,0.5,0.5714285714285715,0.5,0.75,8.182756840474957,,0.000266,3.3816425120772915,56.81818181818182,3.7735849056603805,32.20338983050848,
fsb_00030,deepinfra/meta-llama/Llama-4-Scout-17B-16E-Instruct_confident,5.4,Avocado Toast with Fried Egg,Avocado Toast With Egg,0.9783249684336591,0.6666666666666666,0.5,0.5714285714285715,0.5,0.75,18.559628291171908,,0.000266,18.78019323671497,6.8181818181818175,5.660377358490563,32.20338983050848,
fsb_00030,deepinfra/meta-llama/Llama-4-Scout-17B-16E-Instruct_canonical,2.24,Avocado Toast with Fried Egg,Avocado Toast With Egg,0.9783249684336591,0.6666666666666666,0.5,0.5714285714285715,0.5,0.75,14.403717088280848,,0.000268,11.714975845410631,54.54545454545454,22.641509433962266,11.016949152542379,
fsb_00030,deepinfra/google/gemma-3-27b-it_detailed,8.35,Avocado Toast with Fried Egg,Avocado Toast With Egg,0.9783249684336591,0.5,0.5,0.5,0.5,1.0,49.5611770779556,,7.6e-05,48.550724637681164,70.9090909090909,60.377358490566046,38.983050847457605,
fsb_00030,deepinfra/google/gemma-3-27b-it_step_by_step,11.54,Avocado Toast with Fried Egg,Avocado Toast With Egg,0.9783249684336591,0.5,0.5,0.5,0.5,1.0,28.910686628807436,,7.7e-05,28.925120772946865,25.454545454545464,22.641509433962266,34.7457627118644,
fsb_00030,deepinfra/google/gemma-3-27b-it_conservative,8.95,Avocado Toast with Fried Egg,Avocado Toast With Egg,0.9783249684336591,0.5,0.5,0.5,0.5,1.0,26.845637583892618,,8.4e-05,26.509661835748798,25.454545454545464,22.641509433962266,34.7457627118644,
fsb_00030,deepinfra/google/gemma-3-27b-it_confident,8.36,Avocado Toast with Fried Egg,Avocado Toast With Egg,0.9783249684336591,0.5,0.5,0.5,0.5,1.0,28.910686628807436,,7e-05,28.925120772946865,25.454545454545464,22.641509433962266,34.7457627118644,
fsb_00030,deepinfra/google/gemma-3-27b-it_canonical,7.86,Egg & Avocado Toast,Avocado Toast With Egg,0.976124952283521,0.6666666666666666,0.5,0.5714285714285715,0.5,0.75,39.958699019101694,,7.7e-05,38.28502415458937,70.9090909090909,63.20754716981133,24.152542372881353,
fsb_00032,deepinfra/mistralai/Mistral-Small-3.2-24B-Instruct-2506_detailed,2.48,Avocado Toast with Orange Slices and Scrambled Eggs,Avocado Toast with Orange and Coffee,0.9323561860174903,0.8333333333333334,0.6666666666666666,0.8333333333333334,0.8333333333333334,1.0,46.45814167433303,,0.000216,47.8613569321534,5.539358600583108,147.94520547945206,67.66917293233082,
fsb_00032,deepinfra/mistralai/Mistral-Small-3.2-24B-Instruct-2506_step_by_step,3.22,Avocado Toast with Orange Slices and Scrambled Eggs,Avocado Toast with Orange and Coffee,0.9323561860174903,0.8333333333333334,0.6666666666666666,0.8333333333333334,0.8333333333333334,1.0,47.59276295614841,,0.000231,48.598820058997056,6.413994169096219,165.75342465753423,68.42105263157893,
fsb_00032,deepinfra/mistralai/Mistral-Small-3.2-24B-Instruct-2506_conservative,2.84,Avocado Toast with Orange Slices and Scrambled Eggs,Avocado Toast with Orange and Coffee,0.9323561860174903,0.8333333333333334,0.6666666666666666,0.8333333333333334,0.8333333333333334,1.0,18.337933149340696,,0.000215,18.362831858407088,1.457725947521866,75.34246575342468,30.075187969924812,
fsb_00032,deepinfra/mistralai/Mistral-Small-3.2-24B-Instruct-2506_confident,2.86,Avocado Toast with Orange Slices,Avocado Toast with Orange and Coffee,0.942094049459495,0.8333333333333334,0.6666666666666666,0.8333333333333334,0.8333333333333334,1.0,33.02667893284269,,0.000227,36.79941002949853,17.201166180758033,12.328767123287664,8.270676691729333,
fsb_00032,deepinfra/mistralai/Mistral-Small-3.2-24B-Instruct-2506_canonical,2.83,Avocado Toast with Orange Slices,Avocado Toast with Orange and Coffee,0.942094049459495,1.0,0.6666666666666666,0.9090909090909091,0.8333333333333334,0.8333333333333334,5.151793928242868,,0.000219,4.867256637168137,2.623906705539375,23.28767123287672,7.518796992481203,
fsb_00032,deepinfra/meta-llama/Llama-4-Scout-17B-16E-Instruct_detailed,5.22,Avocado Toast with Oranges and Coffee,Avocado Toast with Orange and Coffee,0.9951694366643817,0.8571428571428571,0.6666666666666666,0.923076923076923,1.0,0.8333333333333334,17.019319227230913,,0.000337,16.51917404129794,25.364431486880477,23.28767123287672,2.255639097744366,
fsb_00032,deepinfra/meta-llama/Llama-4-Scout-17B-16E-Instruct_step_by_step,6.7,Avocado Toast with Coffee and Oranges,Avocado Toast with Orange and Coffee,0.9934940781325379,0.75,0.6666666666666666,0.8571428571428571,1.0,0.6666666666666667,12.112848819380561,,0.000361,10.988200589970507,17.346938775510214,0.6849315068493127,27.819548872180444,
fsb_00032,deepinfra/meta-llama/Llama-4-Scout-17B-16E-Instruct_conservative,6.92,Avocado Toast with Oranges and Coffee,Avocado Toast with Orange and Coffee,0.9951694366643817,0.8571428571428571,0.6666666666666666,0.923076923076923,1.0,0.8333333333333334,7.206378411530203,,0.000338,3.761061946902651,22.448979591836746,45.20547945205479,17.29323308270677,
fsb_00032,deepinfra/meta-llama/Llama-4-Scout-17B-16E-Instruct_confident,5.8,Avocado Toast with Orange Slices and Coffee,Avocado Toast with Orange and Coffee,0.9872528268175566,0.8571428571428571,0.6666666666666666,0.923076923076923,1.0,0.8333333333333334,5.673106409076975,,0.000315,5.457227138643072,7.871720116618085,9.589041095890414,2.255639097744366,
fsb_00032,deepinfra/meta-llama/Llama-4-Scout-17B-16E-Instruct_canonical,5.54,Avocado Toast with Oranges and Coffee,Avocado Toast with Orange and Coffee,0.9951694366643817,1.0,0.5,0.9090909090909091,0.8333333333333334,0.8333333333333334,63.9374425022999,,0.000302,69.98525073746313,4.956268221574352,4.109589041095888,125.56390977443608,
fsb_00032,deepinfra/google/gemma-3-27b-it_detailed,12.81,Avocado Toast with Citrus & Coffee,Avocado Toast with Orange and Coffee,0.9718168992678274,0.7142857142857143,0.6666666666666666,0.7692307692307692,0.8333333333333334,0.8333333333333334,125.69763876111621,,0.000103,127.13864306784662,92.41982507288631,187.67123287671234,148.1203007518797,
fsb_00032,deepinfra/google/gemma-3-27b-it_step_by_step,12.8,Breakfast Plate with Coffee,Avocado Toast with Orange and Coffee,0.7585459347963316,0.8333333333333334,0.6666666666666666,0.8333333333333334,0.8333333333333334,1.0,99.9080036798528,,0.0001,103.9085545722714,23.323615160349856,163.01369863013696,181.20300751879697,
fsb_00032,deepinfra/google/gemma-3-27b-it_conservative,17.64,Simple Breakfast Plate with Coffee,Avocado Toast with Orange and Coffee,0.7192550857184683,0.5,0.6666666666666666,0.5714285714285715,0.6666666666666666,0.6666666666666667,86.04722477767555,,0.000132,91.00294985250738,1.7492711370262433,123.97260273972603,181.57894736842107,
fsb_00032,deepinfra/google/gemma-3-27b-it_confident,12.06,Avocado Toast with Citrus & Coffee,Avocado Toast with Orange and Coffee,0.9718168992678274,0.8333333333333334,0.6666666666666666,0.8333333333333334,0.8333333333333334,1.0,104.1704998466728,,9.5e-05,103.9085545722714,101.1661807580175,106.84931506849315,115.7894736842105,
fsb_00032,deepinfra/google/gemma-3-27b-it_canonical,9.54,Avocado & Orange Plate with Soup,Avocado Toast with Orange and Coffee,0.7735641289889029,0.75,0.3333333333333333,0.6,0.5,0.6666666666666667,10.456915056731066,,8.9e-05,9.88200589970502,5.247813411078709,10.958904109589039,35.33834586466165,
fsb_00089,deepinfra/mistralai/Mistral-Small-3.2-24B-Instruct-2506_detailed,2.72,Chili with Beans and Rice,Beef and Black Bean Rice Bowl,0.7880019081347136,0.7142857142857143,0.5,0.7692307692307692,0.8333333333333334,0.8333333333333334,22.49661705006766,,0.000221,20.603015075376884,34.883720930232556,49.42528735632183,10.569105691056915,
fsb_00089,deepinfra/mistralai/Mistral-Small-3.2-24B-Instruct-2506_step_by_step,2.92,Chili with Beans and Rice,Beef and Black Bean Rice Bowl,0.7880019081347136,0.8571428571428571,0.6666666666666666,0.923076923076923,1.0,0.8333333333333334,34.74289580514208,,0.000244,33.46733668341709,44.88372093023255,63.9846743295019,11.788617886178855,
fsb_00089,deepinfra/mistralai/Mistral-Small-3.2-24B-Instruct-2506_conservative,2.96,Chili with Rice,Beef and Black Bean Rice Bowl,0.7547622218634352,0.7142857142857143,0.5,0.7692307692307692,0.8333333333333334,0.8333333333333334,15.189445196211093,,0.00024,9.949748743718594,42.558139534883715,52.49042145593867,33.739837398373986,
fsb_00089,deepinfra/mistralai/Mistral-Small-3.2-24B-Instruct-2506_confident,3.27,Chili with Beans and Rice,Beef and Black Bean Rice Bowl,0.7880019081347136,0.75,0.6666666666666666,0.8571428571428571,1.0,0.6666666666666667,45.6359945872801,,0.00025,43.31658291457286,62.7906976744186,103.06513409961684,1.6260162601625958,
fsb_00089,deepinfra/mistralai/Mistral-Small-3.2-24B-Instruct-2506_canonical,1.56,Rice and Beans,Beef and Black Bean Rice Bowl,0.8037479805071169,1.0,0.3333333333333333,0.6666666666666666,0.5,0.5,11.028416779431664,,0.000185,6.934673366834171,51.162790697674424,4.214559386973185,30.89430894308943,
fsb_00089,deepinfra/meta-llama/Llama-4-Scout-17B-16E-Instruct_detailed,8.29,Black Bean and Ground Meat Rice Bowl,Beef and Black Bean Rice Bowl,0.9416901282749868,0.6,0.3333333333333333,0.5454545454545454,0.5,0.8333333333333334,9.810554803788902,,0.000287,7.537688442211055,20.930232558139537,7.279693486590033,39.02439024390244,
fsb_00089,deepinfra/meta-llama/Llama-4-Scout-17B-16E-Instruct_step_by_step,2.15,Black Bean and Rice Bowl,Beef and Black Bean Rice Bowl,0.949606760033019,1.0,0.5,0.6666666666666666,0.5,0.5,34.74289580514208,,0.000268,26.834170854271356,97.67441860465115,64.75095785440612,52.84552845528455,
fsb_00089,deepinfra/meta-llama/Llama-4-Scout-17B-16E-Instruct_conservative,4.39,Black Bean and Ground Meat Bowl,Beef and Black Bean Rice Bowl,0.8912645242269823,0.6666666666666666,0.0,0.4444444444444444,0.3333333333333333,0.5,85.25033829499323,,0.000268,76.88442211055276,237.2093023255814,30.26819923371647,47.15447154471545,
fsb_00089,deepinfra/meta-llama/Llama-4-Scout-17B-16E-Instruct_confident,3.7,Black Bean and Ground Meat Rice Bowl,Beef and Black Bean Rice Bowl,0.9416901282749868,1.0,0.16666666666666666,0.6666666666666666,0.5,0.5,132.7807848443843,,0.000267,121.10552763819096,341.86046511627904,91.57088122605363,47.15447154471545,
fsb_00089,deepinfra/meta-llama/Llama-4-Scout-17B-16E-Instruct_canonical,5.71,"Beef, Rice, and Black Bean Bowl",Beef and Black Bean Rice Bowl,0.9648181923400784,1.0,0.3333333333333333,0.6666666666666666,0.5,0.5,12.347767253044655,,0.000269,11.557788944723619,4.651162790697675,22.605363984674323,30.89430894308943,
fsb_00089,deepinfra/google/gemma-3-27b-it_detailed,16.2,Ground Beef & Black Bean Rice Bowl,Beef and Black Bean Rice Bowl,0.9658453041128198,0.8571428571428571,0.3333333333333333,0.923076923076923,1.0,0.8333333333333334,51.370094722598104,,0.00013,47.33668341708543,112.79069767441861,62.45210727969347,13.821138211382122,
fsb_00089,deepinfra/google/gemma-3-27b-it_step_by_step,14.44,Beef and Black Bean Rice Bowl,Beef and Black Bean Rice Bowl,1.0000000000000007,0.8333333333333334,0.16666666666666666,0.8333333333333334,0.8333333333333334,1.0,6.495263870094722,,0.000103,4.924623115577889,8.13953488372093,14.176245210727966,27.235772357723587,
fsb_00089,deepinfra/google/gemma-3-27b-it_conservative,16.41,Ground Beef & Black Bean Rice Bowl,Beef and Black Bean Rice Bowl,0.9658453041128198,0.8571428571428571,0.6666666666666666,0.923076923076923,1.0,0.8333333333333334,11.349797023004058,,0.000125,8.944723618090453,25.581395348837212,25.67049808429117,19.91869918699188,
fsb_00089,deepinfra/google/gemma-3-27b-it_confident,19.92,Southwestern Ground Beef & Black Bean Bowl,Beef and Black Bean Rice Bowl,0.8667523116380987,0.7142857142857143,0.16666666666666666,0.7692307692307692,0.8333333333333334,0.8333333333333334,4.550067658998646,,0.000115,2.1105527638190953,13.953488372093023,24.904214559386972,15.853658536585375,
fsb_00089,deepinfra/google/gemma-3-27b-it_canonical,8.09,Ground Meat & Bean Bowl,Beef and Black Bean Rice Bowl,0.8353176665451902,1.0,0.16666666666666666,0.8,0.6666666666666666,0.6666666666666667,7.611637347767253,,8.6e-05,4.522613065326634,11.627906976744185,26.436781609195396,43.08943089430895,
fsb_00094,deepinfra/mistralai/Mistral-Small-3.2-24B-Instruct-2506_detailed,3.19,Fugu Sashimi (Pufferfish Sashimi) with various toppings and sides,Beef and Rice Bowl with Ikura,0.7015863517217477,0.2857142857142857,0.42857142857142855,0.2857142857142857,0.2857142857142857,1.0,38.23473823473823,,0.000244,37.808711270767844,81.61764705882352,4.51977401129944,47.867298578199055,
fsb_00094,deepinfra/mistralai/Mistral-Small-3.2-24B-Instruct-2506_step_by_step,3.8,Japanese Beef Hot Pot (Shabu-Shabu),Beef and Rice Bowl with Ikura,0.7547110127626798,0.2222222222222222,0.14285714285714285,0.25,0.2857142857142857,0.7142857142857143,163.08826308826312,,0.000268,153.7045352492142,263.9705882352941,236.15819209039546,108.53080568720377,
fsb_00094,deepinfra/mistralai/Mistral-Small-3.2-24B-Instruct-2506_conservative,3.79,Japanese Beef Hot Pot (Shabu-Shabu),Beef and Rice Bowl with Ikura,0.7547110127626798,0.2,0.14285714285714285,0.23529411764705882,0.2857142857142857,0.5714285714285714,75.46777546777548,,0.000277,75.3480017961383,37.5,75.14124293785312,127.48815165876776,
fsb_00094,deepinfra/mistralai/Mistral-Small-3.2-24B-Instruct-2506_confident,79.28,,,0.0,0.0,0.0,0.0,0.0,0.0,,Unexpected Error: Unterminated string starting at: line 2374 column 7 (char 45180),0.0,,,,,
fsb_00094,deepinfra/mistralai/Mistral-Small-3.2-24B-Instruct-2506_canonical,2.4,Beef Hot Pot,Beef and Rice Bowl with Ikura,0.646612793577644,0.4,0.14285714285714285,0.3333333333333333,0.2857142857142857,0.7142857142857143,27.272727272727277,,0.000214,20.96991468343062,63.23529411764706,58.192090395480236,62.08530805687204,
fsb_00094,deepinfra/meta-llama/Llama-4-Scout-17B-16E-Instruct_detailed,8.69,Wagyu Beef Donburi,Beef and Rice Bowl with Ikura,0.7424935220451913,0.2857142857142857,0.42857142857142855,0.2857142857142857,0.2857142857142857,1.0,161.42506142506147,,0.000319,155.94970812752584,480.8823529411765,63.84180790960453,28.909952606635077,
fsb_00094,deepinfra/meta-llama/Llama-4-Scout-17B-16E-Instruct_step_by_step,8.22,Wagyu Beef Rice Bowl,Beef and Rice Bowl with Ikura,0.8473147767773307,0.5714285714285714,0.42857142857142855,0.5714285714285714,0.5714285714285714,1.0,28.55792855792857,,0.000341,31.34261338123036,15.808823529411766,11.581920903954806,14.69194312796209,
fsb_00094,deepinfra/meta-llama/Llama-4-Scout-17B-16E-Instruct_conservative,7.09,Beef Rice Bowl,Beef and Rice Bowl with Ikura,0.8369957577441409,0.5714285714285714,0.5714285714285714,0.5714285714285714,0.5714285714285714,1.0,17.595917595917605,,0.000333,13.381230354737319,91.1764705882353,15.819209039548026,14.69194312796209,
fsb_00094,deepinfra/meta-llama/Llama-4-Scout-17B-16E-Instruct_confident,5.31,Wagyu Beef Rice Bowl,Beef and Rice Bowl with Ikura,0.8473147767773307,0.5714285714285714,0.42857142857142855,0.5714285714285714,0.5714285714285714,1.0,47.987147987148006,,0.000335,44.81365065110014,186.76470588235296,7.344632768361587,4.265402843601889,
fsb_00094,deepinfra/meta-llama/Llama-4-Scout-17B-16E-Instruct_canonical,4.9,Beef Rice Bowl,Beef and Rice Bowl with Ikura,0.8369957577441409,0.5,0.14285714285714285,0.36363636363636365,0.2857142857142857,0.5714285714285714,18.729918729918737,,0.000282,13.381230354737319,76.47058823529413,27.118644067796616,43.127962085308056,
fsb_00094,deepinfra/google/gemma-3-27b-it_detailed,21.76,Korean Beef Stone Bowl Bibimbap (Estimated),Beef and Rice Bowl with Ikura,0.7418720614318906,0.18181818181818182,0.2857142857142857,0.2222222222222222,0.2857142857142857,0.4285714285714286,55.58495558495559,,0.000155,54.467894027840146,148.52941176470586,20.903954802259882,17.535545023696677,
fsb_00094,deepinfra/google/gemma-3-27b-it_step_by_step,15.26,Korean Beef Bulgogi Donburi,Beef and Rice Bowl with Ikura,0.7394732910735029,0.5,0.14285714285714285,0.5333333333333333,0.5714285714285714,0.8571428571428572,32.092232092232095,,0.000122,29.09744050291873,138.97058823529412,4.8022598870056585,3.31753554502371,
fsb_00094,deepinfra/google/gemma-3-27b-it_conservative,23.9,Korean Beef Bibimbap (Conservative Estimate),Beef and Rice Bowl with Ikura,0.691696736363527,0.23076923076923078,0.2857142857142857,0.3,0.42857142857142855,0.1428571428571429,47.74144774144775,,0.000193,44.58913336326898,143.01470588235293,33.05084745762713,16.113744075829377,
fsb_00094,deepinfra/google/gemma-3-27b-it_confident,19.82,Korean Beef Tartare Bibimbap (Yukhoe Bibimbap),Beef and Rice Bowl with Ikura,0.7019936063756276,0.15384615384615385,0.42857142857142855,0.2,0.2857142857142857,0.1428571428571429,46.21054621054623,,0.000143,42.11944319712619,150.0,5.084745762711877,67.77251184834121,
fsb_00094,deepinfra/google/gemma-3-27b-it_canonical,7.58,Beef and Rice Bowl,Beef and Rice Bowl with Ikura,0.8724926213118039,0.5,0.14285714285714285,0.36363636363636365,0.2857142857142857,0.5714285714285714,17.992817992818,,8.6e-05,15.626403233048949,80.14705882352942,3.9548022598870016,11.374407582938398,
fsb_00095,deepinfra/mistralai/Mistral-Small-3.2-24B-Instruct-2506_detailed,3.93,Asian-Inspired Beef Bowl,Beef and Rice Bowl,0.8605925903514429,0.6666666666666666,0.42857142857142855,0.75,0.8571428571428571,0.7142857142857143,25.493273542600903,,0.000272,25.133976420150056,18.55670103092783,53.308823529411775,0.0,
fsb_00095,deepinfra/mistralai/Mistral-Small-3.2-24B-Instruct-2506_step_by_step,3.6,"Beef Bowl with Rice, Vegetables, and Sauce",Beef and Rice Bowl,0.9346144595915729,0.75,0.5714285714285714,0.7999999999999999,0.8571428571428571,0.8571428571428572,18.9237668161435,,0.000263,18.16720257234727,19.93127147766322,31.250000000000018,13.939393939393943,
fsb_00095,deepinfra/mistralai/Mistral-Small-3.2-24B-Instruct-2506_conservative,3.48,Asian-Inspired Beef Bowl,Beef and Rice Bowl,0.8605925903514429,0.7142857142857143,0.42857142857142855,0.7142857142857143,0.7142857142857143,1.0,15.919282511210767,,0.000244,15.21972132904609,13.402061855670096,32.35294117647059,9.090909090909092,
fsb_00095,deepinfra/mistralai/Mistral-Small-3.2-24B-Instruct-2506_confident,4.34,Asian-Inspired Beef Bowl,Beef and Rice Bowl,0.8605925903514429,0.6666666666666666,0.42857142857142855,0.75,0.8571428571428571,0.7142857142857143,28.116591928251122,,0.000269,27.81350482315113,19.587628865979365,55.14705882352943,5.454545454545446,
fsb_00095,deepinfra/mistralai/Mistral-Small-3.2-24B-Instruct-2506_canonical,2.73,Beef Bowl,Beef and Rice Bowl,0.8935924472435015,0.6,0.2857142857142857,0.5,0.42857142857142855,0.7142857142857143,7.309417040358747,,0.000217,6.913183279742769,13.058419243986243,11.029411764705882,0.0,
fsb_00095,deepinfra/meta-llama/Llama-4-Scout-17B-16E-Instruct_detailed,3.91,Grilled Steak with Brown Rice and Vegetables,Beef and Rice Bowl,0.7432237899802727,0.8333333333333334,0.5714285714285714,0.7692307692307692,0.7142857142857143,0.8571428571428572,8.744394618834084,,0.000321,3.1618435155412676,37.457044673539514,50.735294117647065,15.151515151515152,
fsb_00095,deepinfra/meta-llama/Llama-4-Scout-17B-16E-Instruct_step_by_step,7.15,Grilled Steak with Rice and Vegetables,Beef and Rice Bowl,0.7607384213534387,0.8333333333333334,0.7142857142857143,0.7692307692307692,0.7142857142857143,0.8571428571428572,62.33183856502242,,0.000318,59.69989281886389,130.24054982817867,61.76470588235294,3.0303030303030303,
fsb_00095,deepinfra/meta-llama/Llama-4-Scout-17B-16E-Instruct_conservative,7.07,Grilled Steak and Rice Bowl with Vegetables,Beef and Rice Bowl,0.8562816043287467,0.8333333333333334,0.7142857142857143,0.7692307692307692,0.7142857142857143,0.8571428571428572,87.4439461883408,,0.000317,84.08360128617363,133.67697594501718,124.26470588235294,21.21212121212121,
fsb_00095,deepinfra/meta-llama/Llama-4-Scout-17B-16E-Instruct_confident,6.31,Grilled Steak and Rice Bowl with Vegetables,Beef and Rice Bowl,0.8562816043287467,0.8333333333333334,0.5714285714285714,0.7692307692307692,0.7142857142857143,0.8571428571428572,18.38565022421525,,0.000298,11.46838156484459,85.56701030927834,17.647058823529417,57.57575757575758,
fsb_00095,deepinfra/meta-llama/Llama-4-Scout-17B-16E-Instruct_canonical,6.05,Beef and Rice Bowl,Beef and Rice Bowl,1.000000000000001,0.8,0.42857142857142855,0.6666666666666666,0.5714285714285714,0.7142857142857143,48.654708520179376,,0.000303,44.69453376205788,85.56701030927834,54.41176470588236,63.63636363636363,
fsb_00095,deepinfra/google/gemma-3-27b-it_detailed,17.61,Korean Beef Bulgogi Bowl,Beef and Rice Bowl,0.8064294743884202,0.625,0.2857142857142857,0.6666666666666666,0.7142857142857143,0.8571428571428572,60.94170403587443,,0.000121,58.89603429796356,137.11340206185565,25.36764705882354,31.515151515151512,
fsb_00095,deepinfra/google/gemma-3-27b-it_step_by_step,14.98,Korean Beef Bowl,Beef and Rice Bowl,0.8317384688136783,0.75,0.42857142857142855,0.7999999999999999,0.8571428571428571,0.8571428571428572,54.394618834080724,,0.00012,53.53697749196142,99.31271477663229,46.69117647058824,7.272727272727268,
fsb_00095,deepinfra/google/gemma-3-27b-it_conservative,18.35,Korean Beef Bowl (Conservative Estimate),Beef and Rice Bowl,0.7562521700675096,0.7777777777777778,0.42857142857142855,0.8750000000000001,1.0,0.7142857142857143,51.12107623318386,,0.000128,50.053590568060024,99.31271477663229,43.38235294117647,3.0303030303030303,
fsb_00095,deepinfra/google/gemma-3-27b-it_confident,13.5,Korean Beef Bulgogi Bowl,Beef and Rice Bowl,0.8064294743884202,0.5555555555555556,0.5714285714285714,0.6250000000000001,0.7142857142857143,0.7142857142857143,63.38565022421524,,0.000111,59.431939978563776,147.4226804123711,48.529411764705884,29.090909090909093,
fsb_00095,deepinfra/google/gemma-3-27b-it_canonical,7.96,Beef & Rice Bowl,Beef and Rice Bowl,0.9828819983943503,0.5,0.14285714285714285,0.36363636363636365,0.2857142857142857,0.5714285714285714,44.9103139013453,,8.7e-05,46.034297963558416,71.82130584192439,12.132352941176473,26.060606060606066,
fsb_00104,deepinfra/mistralai/Mistral-Small-3.2-24B-Instruct-2506_detailed,4.96,Calzone,Beef Quesadilla,0.5383757131061524,0.2222222222222222,0.25,0.30769230769230765,0.5,-0.25,510.30662200463814,,0.000245,510.58427653716734,682.4372759856632,393.10344827586215,330.8176100628931,
fsb_00104,deepinfra/mistralai/Mistral-Small-3.2-24B-Instruct-2506_step_by_step,3.22,Calzone,Beef Quesadilla,0.5383757131061524,0.125,0.0,0.16666666666666666,0.25,0.0,122.36536975006447,,0.000248,120.25084123585196,208.24372759856632,66.66666666666669,76.1006289308176,
fsb_00104,deepinfra/mistralai/Mistral-Small-3.2-24B-Instruct-2506_conservative,3.82,Calzone,Beef Quesadilla,0.5383757131061524,0.125,0.0,0.16666666666666666,0.25,0.0,118.24272094820927,,0.000247,115.96818598959928,204.65949820788532,66.66666666666669,69.81132075471697,
fsb_00104,deepinfra/mistralai/Mistral-Small-3.2-24B-Instruct-2506_confident,3.8,Calzone,Beef Quesadilla,0.5383757131061524,0.125,0.0,0.16666666666666666,0.25,0.0,442.1283174439577,,0.000249,433.80238605078006,717.2043010752689,325.2873563218391,258.49056603773585,
fsb_00104,deepinfra/mistralai/Mistral-Small-3.2-24B-Instruct-2506_canonical,2.11,Meat Calzone,Beef Quesadilla,0.6405162264119404,0.5,0.25,0.5,0.5,1.0,93.19762947693897,,0.000197,85.07188742734783,179.5698924731183,164.36781609195407,30.817610062893085,
fsb_00104,deepinfra/meta-llama/Llama-4-Scout-17B-16E-Instruct_detailed,2.69,Meat Calzone,Beef Quesadilla,0.6405162264119404,0.6,0.5,0.6666666666666665,0.75,0.75,36.3050760113373,,0.000305,35.20954420312023,14.69534050179212,111.49425287356323,14.46540880503144,
fsb_00104,deepinfra/meta-llama/Llama-4-Scout-17B-16E-Instruct_step_by_step,2.61,Sausage Roll,Beef Quesadilla,0.5532204371539362,0.0,0.0,0.0,0.0,0.25,8.167997938675606,,0.000229,7.066381156316924,7.526881720430113,13.793103448275856,25.78616352201258,
fsb_00104,deepinfra/meta-llama/Llama-4-Scout-17B-16E-Instruct_conservative,5.67,Turkey and Pepper Calzone,Beef Quesadilla,0.5775979487812293,0.4,0.25,0.4444444444444445,0.5,0.75,50.16748260757539,,0.000301,40.71581523401653,104.30107526881723,147.12643678160921,43.39622641509434,
fsb_00104,deepinfra/meta-llama/Llama-4-Scout-17B-16E-Instruct_confident,5.2,Turkey and Pepper Calzone,Beef Quesadilla,0.5775979487812293,0.4,0.0,0.4444444444444445,0.5,0.75,51.71347590827108,,0.000304,40.71581523401653,118.63799283154124,164.36781609195407,37.106918238993714,
fsb_00104,deepinfra/meta-llama/Llama-4-Scout-17B-16E-Instruct_canonical,3.54,Meat Turnover,Beef Quesadilla,0.5723309149991099,0.5,0.25,0.3333333333333333,0.25,0.5,81.65421283174445,,0.000249,77.42428877332519,172.4014336917563,72.41379310344828,19.49685534591195,
fsb_00104,deepinfra/google/gemma-3-27b-it_detailed,12.16,Beef & Vegetable Turnover (Estimated),Beef Quesadilla,0.5896474460822676,0.2222222222222222,0.5,0.30769230769230765,0.5,-0.25,152.60242205617112,,0.000126,155.735698990517,141.0394265232975,66.0919540229885,203.14465408805034,
fsb_00104,deepinfra/google/gemma-3-27b-it_step_by_step,10.79,Beef Empanada (Partially Eaten),Beef Quesadilla,0.7284582097129839,0.3333333333333333,0.5,0.4,0.5,0.5,109.8685905694409,,0.000102,111.99143468950751,132.97491039426527,64.9425287356322,74.8427672955975,
fsb_00104,deepinfra/google/gemma-3-27b-it_conservative,16.56,Beef & Vegetable Pastry (Estimated),Beef Quesadilla,0.6134301556710067,0.25,0.5,0.3333333333333333,0.5,0.0,113.83664004122653,,0.000127,117.49770572040381,82.79569892473118,40.80459770114943,172.9559748427673,
fsb_00104,deepinfra/google/gemma-3-27b-it_confident,11.42,Beef & Vegetable Empanada (Single Serving),Beef Quesadilla,0.7021922457009855,0.2857142857142857,0.5,0.36363636363636365,0.5,0.25,155.87477454264368,,0.0001,161.5478739675742,158.06451612903228,90.80459770114946,106.60377358490567,
fsb_00104,deepinfra/google/gemma-3-27b-it_canonical,420.01,,,0.0,0.0,0.0,0.0,0.0,0.0,,"Unexpected Error: Expecting ',' delimiter: line 7 column 22 (char 132)",0.0,,,,,
fsb_00114,deepinfra/mistralai/Mistral-Small-3.2-24B-Instruct-2506_detailed,5.31,Vietnamese Pho Soup,Beef Pho,0.799824584424558,0.38461538461538464,0.8333333333333334,0.5263157894736842,0.8333333333333334,-0.16666666666666674,7.3300573300573335,,0.000306,4.2442293373045485,4.821802935010476,48.85496183206107,31.034482758620683,
fsb_00114,deepinfra/mistralai/Mistral-Small-3.2-24B-Instruct-2506_step_by_step,3.43,Vietnamese Pho Soup,Beef Pho,0.799824584424558,0.75,0.6666666666666666,0.8571428571428571,1.0,0.6666666666666667,61.13841113841114,,0.00025,60.58575328865724,84.48637316561843,33.58778625954199,46.55172413793104,
fsb_00114,deepinfra/mistralai/Mistral-Small-3.2-24B-Instruct-2506_conservative,5.27,Vietnamese Pho Soup,Beef Pho,0.799824584424558,0.5,0.6666666666666666,0.625,0.8333333333333334,0.33333333333333337,62.38738738738739,,0.000279,62.07495656490445,77.1488469601677,46.18320610687022,49.13793103448277,
fsb_00114,deepinfra/mistralai/Mistral-Small-3.2-24B-Instruct-2506_confident,3.93,Vietnamese Pho Soup,Beef Pho,0.799824584424558,0.5454545454545454,0.8333333333333334,0.7058823529411764,1.0,0.16666666666666663,59.27518427518429,,0.000291,59.59295110449244,68.76310272536686,46.18320610687022,38.79310344827588,
fsb_00114,deepinfra/mistralai/Mistral-Small-3.2-24B-Instruct-2506_canonical,2.59,Vietnamese Noodle Soup,Beef Pho,0.6673459982884787,1.0,0.6666666666666666,0.9090909090909091,0.8333333333333334,0.8333333333333334,34.97133497133498,,0.000214,31.049888309754287,59.32914046121592,48.85496183206107,39.655172413793096,
fsb_00114,deepinfra/meta-llama/Llama-4-Scout-17B-16E-Instruct_detailed,5.61,Beef Pho,Beef Pho,1.0000000000000007,0.6666666666666666,0.6666666666666666,0.6666666666666666,0.6666666666666666,1.0,20.270270270270277,,0.000304,18.639861007694222,27.0440251572327,22.137404580152676,44.82758620689655,
fsb_00114,deepinfra/meta-llama/Llama-4-Scout-17B-16E-Instruct_step_by_step,10.53,Beef Pho,Beef Pho,1.0000000000000007,0.5555555555555556,0.6666666666666666,0.6666666666666667,0.8333333333333334,0.5,35.64701064701065,,0.00038,33.7800943162075,45.073375262054505,50.38167938931297,28.448275862068957,
fsb_00114,deepinfra/meta-llama/Llama-4-Scout-17B-16E-Instruct_conservative,12.86,Beef Pho,Beef Pho,1.0000000000000007,0.625,0.5,0.7142857142857143,0.8333333333333334,0.6666666666666667,34.807534807534815,,0.000368,32.7872921320427,26.624737945492654,81.29770992366413,33.620689655172406,
fsb_00114,deepinfra/meta-llama/Llama-4-Scout-17B-16E-Instruct_confident,6.4,Beef Pho,Beef Pho,1.0000000000000007,0.625,0.6666666666666666,0.7142857142857143,0.8333333333333334,0.6666666666666667,43.98034398034399,,0.000322,44.20451724993796,40.46121593291404,64.12213740458016,5.172413793103446,
fsb_00114,deepinfra/meta-llama/Llama-4-Scout-17B-16E-Instruct_canonical,6.29,Beef and Rice Noodle Soup,Beef Pho,0.7356331557363159,1.0,0.5,0.8,0.6666666666666666,0.6666666666666667,19.96314496314496,,0.000287,20.575825266815585,7.756813417190782,10.687022900763361,69.82758620689656,
fsb_00114,deepinfra/google/gemma-3-27b-it_detailed,18.16,Pho Bo (Vietnamese Beef Noodle Soup),Beef Pho,0.853613006733168,0.5454545454545454,0.5,0.7058823529411764,1.0,0.16666666666666663,69.41031941031942,,0.000146,67.78356912385209,98.11320754716981,53.435114503816806,43.96551724137931,
fsb_00114,deepinfra/google/gemma-3-27b-it_step_by_step,17.76,Pho Bo (Vietnamese Beef Noodle Soup),Beef Pho,0.853613006733168,0.5,0.8333333333333334,0.625,0.8333333333333334,0.33333333333333337,60.31941031941032,,0.000133,58.35194837428644,94.96855345911949,45.0381679389313,20.689655172413797,
fsb_00114,deepinfra/google/gemma-3-27b-it_conservative,19.54,Beef Pho (Conservative Estimate),Beef Pho,0.8562782352069435,0.45454545454545453,0.6666666666666666,0.5882352941176471,0.8333333333333334,0.16666666666666663,55.036855036855044,,0.000157,52.1469347232564,92.87211740041927,52.67175572519084,5.172413793103446,
fsb_00114,deepinfra/google/gemma-3-27b-it_confident,17.69,Pho Bo (Vietnamese Beef Noodle Soup),Beef Pho,0.853613006733168,0.5454545454545454,0.6666666666666666,0.7058823529411764,1.0,0.16666666666666663,41.646191646191646,,0.000134,40.97791015140234,45.073375262054505,63.358778625954194,1.7241379310344769,
fsb_00114,deepinfra/google/gemma-3-27b-it_canonical,395.61,,,0.0,0.0,0.0,0.0,0.0,0.0,,"Unexpected Error: Expecting ',' delimiter: line 7 column 20 (char 114)",0.0,,,,,
fsb_00142,deepinfra/mistralai/Mistral-Small-3.2-24B-Instruct-2506_detailed,4.52,Spicy Bloody Mary,Bloody Mary,0.8944356454925507,0.7777777777777778,0.6666666666666666,0.7777777777777778,0.7777777777777778,1.0,23.344262295081965,,0.000251,21.819474058280022,42.39130434782609,71.42857142857143,0.0,
fsb_00142,deepinfra/mistralai/Mistral-Small-3.2-24B-Instruct-2506_step_by_step,5.1,Bloody Mary Cocktail with Olives and Lime,Bloody Mary,0.7894417287742599,1.0,0.8888888888888888,1.0,1.0,1.0,57.73770491803282,,0.000268,51.03056147832269,138.0434782608696,100.0,179.16666666666669,
fsb_00142,deepinfra/mistralai/Mistral-Small-3.2-24B-Instruct-2506_conservative,7.16,Spicy Bloody Mary,Bloody Mary,0.8944356454925507,1.0,0.6666666666666666,0.8750000000000001,0.7777777777777778,0.7777777777777778,1.8360655737704994,,0.000221,0.21321961620469893,20.652173913043473,0.0,50.0,
fsb_00142,deepinfra/mistralai/Mistral-Small-3.2-24B-Instruct-2506_confident,5.05,Spicy Bloody Mary,Bloody Mary,0.8944356454925507,0.7777777777777778,0.7777777777777778,0.7777777777777778,0.7777777777777778,1.0,30.754098360655753,,0.000254,27.221037668798875,73.91304347826089,42.85714285714287,100.0,
fsb_00142,deepinfra/mistralai/Mistral-Small-3.2-24B-Instruct-2506_canonical,1.99,Bloody Mary,Bloody Mary,1.0000000000000009,1.0,0.3333333333333333,0.6153846153846153,0.4444444444444444,0.4444444444444444,18.295081967213125,,0.000192,17.270788912579967,30.43478260869566,42.85714285714287,16.666666666666664,
fsb_00142,deepinfra/meta-llama/Llama-4-Scout-17B-16E-Instruct_detailed,8.39,Bloody Mary Cocktail,Bloody Mary,0.898778537456804,0.625,0.4444444444444444,0.5882352941176471,0.5555555555555556,0.8888888888888888,11.442622950819667,,0.000334,10.447761194029843,21.19565217391304,21.428571428571416,41.66666666666667,
fsb_00142,deepinfra/meta-llama/Llama-4-Scout-17B-16E-Instruct_step_by_step,7.4,Bloody Mary,Bloody Mary,1.0000000000000009,0.75,0.1111111111111111,0.46153846153846156,0.3333333333333333,0.4444444444444444,14.950819672131141,,0.000286,12.57995735607675,45.65217391304348,14.285714285714283,58.333333333333336,
fsb_00142,deepinfra/meta-llama/Llama-4-Scout-17B-16E-Instruct_conservative,5.18,Bloody Mary,Bloody Mary,1.0000000000000009,0.6,0.1111111111111111,0.42857142857142855,0.3333333333333333,0.5555555555555556,5.73770491803278,,0.000284,4.761904761904754,18.47826086956521,10.714285714285708,16.666666666666664,
fsb_00142,deepinfra/meta-llama/Llama-4-Scout-17B-16E-Instruct_confident,15.86,Bloody Mary,Bloody Mary,1.0000000000000009,0.75,0.4444444444444444,0.7058823529411765,0.6666666666666666,0.8888888888888888,13.049180327868864,,0.000356,10.874200426439241,23.913043478260864,42.85714285714287,150.0,
fsb_00142,deepinfra/meta-llama/Llama-4-Scout-17B-16E-Instruct_canonical,5.67,Bloody Mary,Bloody Mary,1.0000000000000009,0.75,0.3333333333333333,0.46153846153846156,0.3333333333333333,0.4444444444444444,30.491803278688533,,0.000287,13.717128642501786,258.69565217391306,114.2857142857143,150.0,
fsb_00142,deepinfra/google/gemma-3-27b-it_detailed,11.71,Spicy Grapefruit Cocktail,Bloody Mary,0.5565865886154792,0.375,0.2222222222222222,0.35294117647058826,0.3333333333333333,0.8888888888888888,133.90163934426232,,0.000114,116.06254442075338,432.60869565217394,64.28571428571428,16.666666666666664,
fsb_00142,deepinfra/google/gemma-3-27b-it_step_by_step,6.08,Spicy Grapefruit Cocktail,Bloody Mary,0.5565865886154792,0.5,0.3333333333333333,0.4,0.3333333333333333,0.6666666666666667,107.80327868852461,,9.5e-05,92.6083866382374,340.21739130434787,114.2857142857143,100.0,
fsb_00142,deepinfra/google/gemma-3-27b-it_conservative,26.25,Spicy Virgin Bloody Mary (Conservative Estimate),Bloody Mary,0.7883582490716023,0.8181818181818182,0.5555555555555556,0.9,1.0,0.7777777777777778,73.04918032786888,,0.000168,67.73276474769013,157.60869565217394,64.28571428571428,58.333333333333336,
fsb_00142,deepinfra/google/gemma-3-27b-it_confident,7.79,Spicy Grapefruit Cocktail,Bloody Mary,0.5565865886154792,0.5,0.3333333333333333,0.47058823529411764,0.4444444444444444,0.8888888888888888,99.93442622950822,,0.000112,91.18692253020613,231.5217391304348,114.2857142857143,100.0,
fsb_00142,deepinfra/google/gemma-3-27b-it_canonical,7.89,Beverage,Bloody Mary,0.5317397296209911,1.0,0.1111111111111111,0.6153846153846153,0.4444444444444444,0.4444444444444444,71.27868852459018,,8.4e-05,61.33617626154941,226.08695652173915,28.571428571428566,100.0,
fsb_00159,deepinfra/mistralai/Mistral-Small-3.2-24B-Instruct-2506_detailed,3.31,Breaded Chicken Cutlet with Tater Tots and Ketchup,Breaded Chicken with Tater Tots,0.9114459622624371,1.0,1.0,1.0,1.0,1.0,44.97161394971614,,0.000191,45.70179698882952,23.56979405034324,95.76719576719577,27.6595744680851,
fsb_00159,deepinfra/mistralai/Mistral-Small-3.2-24B-Instruct-2506_step_by_step,2.4,Breaded Chicken Cutlet with Tater Tots and Ketchup,Breaded Chicken with Tater Tots,0.9114459622624371,1.0,1.0,1.0,1.0,1.0,14.639091646390916,,0.000192,14.13307430791646,6.178489702517168,42.85714285714287,17.021276595744677,
fsb_00159,deepinfra/mistralai/Mistral-Small-3.2-24B-Instruct-2506_conservative,2.22,Breaded Chicken Cutlet with Tater Tots and Ketchup,Breaded Chicken with Tater Tots,0.9114459622624371,1.0,1.0,1.0,1.0,1.0,8.191403081914036,,0.00019,5.293831957260809,17.620137299771173,42.85714285714287,14.893617021276597,
fsb_00159,deepinfra/mistralai/Mistral-Small-3.2-24B-Instruct-2506_confident,2.94,Breaded Chicken Cutlet with Tater Tots and Ketchup,Breaded Chicken with Tater Tots,0.9114459622624371,1.0,1.0,1.0,1.0,1.0,18.410381184103812,,0.00019,18.98980087421078,2.9748283752860343,42.85714285714287,17.021276595744677,
fsb_00159,deepinfra/mistralai/Mistral-Small-3.2-24B-Instruct-2506_canonical,4.47,Fish and Tater Tots,Breaded Chicken with Tater Tots,0.8276921813904814,0.6666666666666666,0.6666666666666666,0.6666666666666666,0.6666666666666666,1.0,10.989456609894564,,0.000192,4.419621175327826,49.65675057208238,69.31216931216933,6.382978723404251,
fsb_00159,deepinfra/meta-llama/Llama-4-Scout-17B-16E-Instruct_detailed,4.8,Breaded Chicken Breast with Tater Tots,Breaded Chicken with Tater Tots,0.9653027358275345,1.0,1.0,1.0,1.0,1.0,20.113544201135444,,0.000265,17.7756192326372,10.75514874141877,95.76719576719577,17.021276595744677,
fsb_00159,deepinfra/meta-llama/Llama-4-Scout-17B-16E-Instruct_step_by_step,10.37,Breaded Chicken and Tater Tots,Breaded Chicken with Tater Tots,0.9633475043737241,1.0,1.0,1.0,1.0,1.0,18.734793187347933,,0.000267,17.7756192326372,0.6864988558352337,95.76719576719577,4.255319148936174,
fsb_00159,deepinfra/meta-llama/Llama-4-Scout-17B-16E-Instruct_conservative,11.86,Breaded Chicken Breast with Tater Tots,Breaded Chicken with Tater Tots,0.9653027358275345,1.0,1.0,1.0,1.0,1.0,19.829683698296837,,0.000253,17.7756192326372,10.75514874141877,95.76719576719577,9.574468085106387,
fsb_00159,deepinfra/meta-llama/Llama-4-Scout-17B-16E-Instruct_confident,13.78,Breaded Chicken Breast with Tater Tots,Breaded Chicken with Tater Tots,0.9653027358275345,1.0,1.0,1.0,1.0,1.0,18.734793187347933,,0.000265,17.7756192326372,0.6864988558352337,95.76719576719577,4.255319148936174,
fsb_00159,deepinfra/meta-llama/Llama-4-Scout-17B-16E-Instruct_canonical,9.96,Breaded Chicken and Tater Tots,Breaded Chicken with Tater Tots,0.9633475043737241,1.0,0.6666666666666666,1.0,1.0,1.0,15.652879156528792,,0.000268,10.490529383195724,33.63844393592677,95.76719576719577,6.382978723404251,
fsb_00159,deepinfra/google/gemma-3-27b-it_detailed,10.11,Breaded Fish with Tater Tots and Ketchup,Breaded Chicken with Tater Tots,0.8628764181969478,0.6,0.6666666666666666,0.7499999999999999,1.0,0.33333333333333337,35.44201135442011,,9.5e-05,37.20252549781447,7.551487414187635,21.693121693121704,75.53191489361701,
fsb_00159,deepinfra/google/gemma-3-27b-it_step_by_step,3.98,Fish Sticks with Tater Tots and Ketchup,Breaded Chicken with Tater Tots,0.8005248069329992,0.6666666666666666,1.0,0.6666666666666666,0.6666666666666666,1.0,25.385239253852394,,7.2e-05,25.934919864011658,10.75514874141877,41.7989417989418,30.851063829787233,
fsb_00159,deepinfra/google/gemma-3-27b-it_conservative,10.11,Breaded Fish with Potato Gems & Ketchup,Breaded Chicken with Tater Tots,0.7337355480112787,0.4,0.3333333333333333,0.5,0.6666666666666666,0.33333333333333337,13.240064882400645,,0.000102,12.918892666342883,12.128146453089238,21.693121693121704,14.36170212765957,
fsb_00159,deepinfra/google/gemma-3-27b-it_confident,6.8,Breaded Fish with Tater Tots and Ketchup,Breaded Chicken with Tater Tots,0.8628764181969478,1.0,0.6666666666666666,1.0,1.0,1.0,4.339010543390109,,7e-05,2.86546867411365,10.75514874141877,21.693121693121704,4.255319148936174,
fsb_00159,deepinfra/google/gemma-3-27b-it_canonical,363.37,,,0.0,0.0,0.0,0.0,0.0,0.0,,"Unexpected Error: Expecting ',' delimiter: line 7 column 24 (char 142)",0.0,,,,,
fsb_00163,deepinfra/mistralai/Mistral-Small-3.2-24B-Instruct-2506_detailed,2.91,Fish and Vegetables Meal,Breaded Fish with Vegetables,0.858372034213469,0.6666666666666666,0.4,0.7272727272727272,0.8,0.8,20.144774011299432,,0.000231,16.535767353003603,28.996282527881057,73.09417040358744,22.39583333333333,
fsb_00163,deepinfra/mistralai/Mistral-Small-3.2-24B-Instruct-2506_step_by_step,3.22,Fish Meal with Vegetables and Potatoes,Breaded Fish with Vegetables,0.8709404168186395,0.8,0.4,0.8000000000000002,0.8,1.0,26.00635593220339,,0.000223,22.054765442581186,41.82156133828997,74.43946188340806,22.39583333333333,
fsb_00163,deepinfra/mistralai/Mistral-Small-3.2-24B-Instruct-2506_conservative,0.48,Breaded Chicken with Vegetables and Potatoes,Breaded Fish with Vegetables,0.8607428007325635,0.8333333333333334,0.4,0.9090909090909091,1.0,0.8,22.63418079096045,,0.000229,16.748036510295048,46.84014869888477,70.85201793721974,43.229166666666664,
fsb_00163,deepinfra/mistralai/Mistral-Small-3.2-24B-Instruct-2506_confident,2.47,Breaded Fish with Vegetables and Potatoes,Breaded Fish with Vegetables,0.9714806711864035,0.8,0.6,0.8000000000000002,0.8,1.0,39.98940677966102,,0.000216,34.57864572277647,68.58736059479556,84.75336322869957,40.62499999999999,
fsb_00163,deepinfra/mistralai/Mistral-Small-3.2-24B-Instruct-2506_canonical,2.36,Fish with Vegetables and Potatoes,Breaded Fish with Vegetables,0.9062066599856822,0.8,0.4,0.8000000000000002,0.8,1.0,45.33898305084746,,0.000215,43.32413500318404,46.09665427509294,47.982062780269054,89.58333333333334,
fsb_00163,deepinfra/meta-llama/Llama-4-Scout-17B-16E-Instruct_detailed,5.25,Breaded Chicken Breast with Roasted Vegetables and Peas,Breaded Fish with Vegetables,0.8099386873260106,0.8333333333333334,0.6,0.9090909090909091,1.0,0.8,27.683615819209034,,0.000301,24.177457015495644,33.82899628252789,98.65470852017935,14.062499999999996,
fsb_00163,deepinfra/meta-llama/Llama-4-Scout-17B-16E-Instruct_step_by_step,9.44,Breaded Chicken Cutlet with Roasted Vegetables and Peas,Breaded Fish with Vegetables,0.789978992954629,0.8,0.2,0.8000000000000002,0.8,1.0,25.30014124293785,,0.000304,22.90384207174697,20.81784386617101,97.30941704035874,13.020833333333334,
fsb_00163,deepinfra/meta-llama/Llama-4-Scout-17B-16E-Instruct_conservative,7.51,Breaded Chicken with Vegetables,Breaded Fish with Vegetables,0.8862469964431301,0.8,0.2,0.8000000000000002,0.8,1.0,25.600282485875702,,0.000298,22.90384207174697,20.81784386617101,97.30941704035874,21.874999999999996,
fsb_00163,deepinfra/meta-llama/Llama-4-Scout-17B-16E-Instruct_confident,4.82,Breaded Chicken Breast with Roasted Vegetables,Breaded Fish with Vegetables,0.8241029399928407,0.8,0.2,0.8000000000000002,0.8,1.0,26.18290960451977,,0.000313,22.90384207174697,20.81784386617101,119.73094170403587,13.020833333333334,
fsb_00163,deepinfra/meta-llama/Llama-4-Scout-17B-16E-Instruct_canonical,4.48,Breaded Fish with Vegetables,Breaded Fish with Vegetables,1.000000000000001,1.0,0.2,0.888888888888889,0.8,0.8,10.381355932203395,,0.000281,3.6298025896837234,18.215613382899623,92.82511210762331,58.333333333333336,
fsb_00163,deepinfra/google/gemma-3-27b-it_detailed,15.41,"Breaded Pork Cutlet with Roasted Potatoes, Green Beans, and Peas",Breaded Fish with Vegetables,0.750505140640864,0.4,0.0,0.5333333333333333,0.8,0.0,130.86158192090394,,0.000142,130.09976650392696,124.1635687732342,144.39461883408075,152.60416666666669,
fsb_00163,deepinfra/google/gemma-3-27b-it_step_by_step,8.11,"Breaded Pork Cutlet with Roasted Potatoes, Green Beans, and Peas",Breaded Fish with Vegetables,0.750505140640864,0.6,0.6,0.6,0.6,1.0,38.68290960451977,,9e-05,36.27679898110804,50.557620817843876,92.82511210762331,1.5625000000000038,
fsb_00163,deepinfra/google/gemma-3-27b-it_conservative,10.77,"Breaded Pork Cutlet with Roasted Potatoes, Green Beans, and Peas",Breaded Fish with Vegetables,0.750505140640864,0.6666666666666666,0.0,0.7272727272727272,0.8,0.8,56.21468926553672,,0.0001,54.95648482275525,50.557620817843876,88.34080717488789,65.62500000000001,
fsb_00163,deepinfra/google/gemma-3-27b-it_confident,13.76,"Breaded Pork Cutlet with Roasted Potatoes, Green Beans, and Peas",Breaded Fish with Vegetables,0.750505140640864,0.8,0.0,0.8000000000000002,0.8,1.0,34.72810734463276,,9e-05,32.03141583527913,41.2639405204461,92.82511210762331,15.10416666666666,
fsb_00163,deepinfra/google/gemma-3-27b-it_canonical,6.15,Breaded Cutlet with Vegetables,Breaded Fish with Vegetables,0.8337438972631057,0.75,0.4,0.6666666666666665,0.6,0.8,15.730932203389836,,8.7e-05,9.785608151135644,8.921933085501854,110.762331838565,70.3125,
fsb_00203,deepinfra/mistralai/Mistral-Small-3.2-24B-Instruct-2506_detailed,2.97,Breakfast Plate,Breakfast Platter,0.8996446906681144,0.8,0.6,0.8000000000000002,0.8,1.0,48.085920884729894,,0.000215,47.86585365853658,57.377049180327866,53.75000000000001,25.69832402234638,
fsb_00203,deepinfra/mistralai/Mistral-Small-3.2-24B-Instruct-2506_step_by_step,2.74,Breakfast Plate,Breakfast Platter,0.8996446906681144,0.8,0.6,0.8000000000000002,0.8,1.0,80.43385793279454,,0.000218,82.92682926829266,29.74238875878219,121.24999999999999,110.05586592178773,
fsb_00203,deepinfra/mistralai/Mistral-Small-3.2-24B-Instruct-2506_conservative,2.58,Breakfast Plate,Breakfast Platter,0.8996446906681144,0.8,0.6,0.8000000000000002,0.8,1.0,29.15780518928115,,0.000214,28.81097560975609,29.274004683840747,41.25000000000001,25.69832402234638,
fsb_00203,deepinfra/mistralai/Mistral-Small-3.2-24B-Instruct-2506_confident,2.88,Breakfast Plate,Breakfast Platter,0.8996446906681144,0.8,0.6,0.8000000000000002,0.8,1.0,41.49298170991067,,0.000214,41.006097560975604,52.693208430913344,41.25000000000001,25.69832402234638,
fsb_00203,deepinfra/mistralai/Mistral-Small-3.2-24B-Instruct-2506_canonical,1.97,Breakfast Plate,Breakfast Platter,0.8996446906681144,0.5,0.2,0.4444444444444445,0.4,0.8,8.95363675031901,,0.000204,5.436991869918693,24.59016393442623,41.25000000000001,20.111731843575427,
fsb_00203,deepinfra/meta-llama/Llama-4-Scout-17B-16E-Instruct_detailed,16.61,Breakfast Plate,Breakfast Platter,0.8996446906681144,1.0,1.0,1.0,1.0,1.0,74.01105912377713,,0.000302,72.76422764227641,78.4543325526932,106.25,62.01117318435756,
fsb_00203,deepinfra/meta-llama/Llama-4-Scout-17B-16E-Instruct_step_by_step,17.09,Breakfast Plate,Breakfast Platter,0.8996446906681144,1.0,1.0,1.0,1.0,1.0,56.31646108039132,,0.000305,56.249999999999986,42.85714285714285,106.25,45.251396648044704,
fsb_00203,deepinfra/meta-llama/Llama-4-Scout-17B-16E-Instruct_conservative,7.27,Breakfast Plate,Breakfast Platter,0.8996446906681144,1.0,1.0,1.0,1.0,1.0,42.3904721395151,,0.000284,38.46544715447154,10.585480093676805,214.37499999999997,50.837988826815646,
fsb_00203,deepinfra/meta-llama/Llama-4-Scout-17B-16E-Instruct_confident,4.53,Breakfast Plate,Breakfast Platter,0.8996446906681144,1.0,1.0,1.0,1.0,1.0,64.56826882177796,,0.000306,63.87195121951219,64.1686182669789,103.125,46.36871508379889,
fsb_00203,deepinfra/meta-llama/Llama-4-Scout-17B-16E-Instruct_canonical,5.36,Breakfast Plate,Breakfast Platter,0.8996446906681144,1.0,0.8,0.888888888888889,0.8,0.8,43.55593364525733,,0.000284,43.54674796747967,31.147540983606547,68.75,50.837988826815646,
fsb_00203,deepinfra/google/gemma-3-27b-it_detailed,9.49,Classic American Breakfast,Breakfast Platter,0.7188901634263226,0.4,0.4,0.4000000000000001,0.4,1.0,141.1527009783071,,8.8e-05,142.37804878048777,137.0023419203747,90.625,169.27374301675982,
fsb_00203,deepinfra/google/gemma-3-27b-it_step_by_step,8.05,Breakfast Plate,Breakfast Platter,0.8996446906681144,0.4,0.4,0.4000000000000001,0.4,1.0,91.91833262441514,,8.8e-05,93.08943089430893,59.01639344262295,100.0,137.43016759776538,
fsb_00203,deepinfra/google/gemma-3-27b-it_conservative,6.89,Classic American Breakfast,Breakfast Platter,0.7188901634263226,0.4,0.4,0.4000000000000001,0.4,1.0,104.95533815397704,,9.4e-05,108.33333333333333,37.47072599531616,131.25,168.1564245810056,
fsb_00203,deepinfra/google/gemma-3-27b-it_confident,7.38,Classic American Breakfast,Breakfast Platter,0.7188901634263226,0.4,0.4,0.4000000000000001,0.4,1.0,143.68353891960865,,8.1e-05,144.91869918699186,111.24121779859483,152.5,186.03351955307267,
fsb_00203,deepinfra/google/gemma-3-27b-it_canonical,12.28,Breakfast Plate,Breakfast Platter,0.8996446906681144,0.4,0.2,0.4000000000000001,0.4,1.0,170.41684389621437,,9.8e-05,174.390243902439,53.39578454332552,275.0,268.7150837988827,
fsb_00220,deepinfra/mistralai/Mistral-Small-3.2-24B-Instruct-2506_detailed,2.93,"Breakfast Tray with Coffee, Fruit, and Cake",Breakfast Platter,0.8050383235608116,0.2,0.2,0.20000000000000004,0.2,1.0,19.229908215804787,,0.000221,17.79310344827586,10.658307210031344,48.648648648648646,98.92473118279568,
fsb_00220,deepinfra/mistralai/Mistral-Small-3.2-24B-Instruct-2506_step_by_step,3.2,Afternoon Tea Tray,Breakfast Platter,0.6959233796820015,0.16666666666666666,0.0,0.1818181818181818,0.2,0.8,17.640474591448395,,0.000227,12.827586206896552,25.705329153605017,37.83783783783783,125.8064516129032,
fsb_00220,deepinfra/mistralai/Mistral-Small-3.2-24B-Instruct-2506_conservative,3.0,"Breakfast Tray with Coffee, Fruit, and Cake",Breakfast Platter,0.8050383235608116,0.4,0.4,0.4000000000000001,0.4,1.0,21.383478844862324,,0.000223,23.862068965517242,0.23510971786833637,10.630630630630629,82.68817204301072,
fsb_00220,deepinfra/mistralai/Mistral-Small-3.2-24B-Instruct-2506_confident,0.67,"Breakfast Tray with Coffee, Fruit, and Cake",Breakfast Platter,0.8050383235608116,0.25,0.2,0.22222222222222224,0.2,0.8,20.214909335124243,,0.000204,20.275862068965516,11.285266457680256,41.44144144144144,53.76344086021505,
fsb_00220,deepinfra/mistralai/Mistral-Small-3.2-24B-Instruct-2506_canonical,2.99,Breakfast Tray,Breakfast Platter,0.8488676765981071,0.8,0.4,0.8000000000000002,0.8,1.0,16.297291246921866,,0.000214,17.24137931034483,8.307210031347958,9.909909909909906,41.93548387096772,
fsb_00220,deepinfra/meta-llama/Llama-4-Scout-17B-16E-Instruct_detailed,5.21,Breakfast Tray,Breakfast Platter,0.8488676765981071,0.8,0.6,0.8000000000000002,0.8,1.0,28.520259682113274,,0.000285,19.448275862068964,66.30094043887146,26.12612612612613,125.8064516129032,
fsb_00220,deepinfra/meta-llama/Llama-4-Scout-17B-16E-Instruct_step_by_step,7.57,Breakfast Tray,Breakfast Platter,0.8488676765981071,0.8,0.4,0.8000000000000002,0.8,1.0,26.662189388851576,,0.000305,26.89655172413793,3.448275862068959,49.54954954954957,149.46236559139783,
fsb_00220,deepinfra/meta-llama/Llama-4-Scout-17B-16E-Instruct_conservative,7.59,Simple Breakfast,Breakfast Platter,0.7541481419716666,0.8,0.4,0.8000000000000002,0.8,1.0,16.453995970449963,,0.000302,12.551724137931034,25.391849529780558,18.918918918918916,104.30107526881717,
fsb_00220,deepinfra/meta-llama/Llama-4-Scout-17B-16E-Instruct_confident,4.41,Breakfast Tray,Breakfast Platter,0.8488676765981071,0.8,0.6,0.8000000000000002,0.8,1.0,26.662189388851576,,0.000291,26.89655172413793,9.717868338557988,31.53153153153153,127.95698924731181,
fsb_00220,deepinfra/meta-llama/Llama-4-Scout-17B-16E-Instruct_canonical,6.61,Breakfast Tray,Breakfast Platter,0.8488676765981071,0.6,0.4,0.6,0.6,1.0,17.88672487127826,,0.00031,12.827586206896552,42.006269592476485,17.117117117117118,50.53763440860214,
fsb_00220,deepinfra/google/gemma-3-27b-it_detailed,9.93,Simple Breakfast Tray,Breakfast Platter,0.7973507809254794,0.6,0.2,0.6,0.6,1.0,19.341840161181995,,8.7e-05,10.896551724137932,42.63322884012538,59.45945945945946,140.8602150537634,
fsb_00220,deepinfra/google/gemma-3-27b-it_step_by_step,12.78,Simple Breakfast Tray,Breakfast Platter,0.7973507809254794,0.8,0.2,0.8000000000000002,0.8,1.0,22.25207074098947,,8.8e-05,16.689655172413794,50.470219435736674,23.42342342342342,44.08602150537634,
fsb_00220,deepinfra/google/gemma-3-27b-it_conservative,8.08,"Simple Breakfast with Toast, Egg & Pear",Breakfast Platter,0.7267633327874495,0.8,0.4,0.8000000000000002,0.8,1.0,24.26684575777926,,9.5e-05,19.448275862068964,50.470219435736674,14.414414414414411,44.08602150537634,
fsb_00220,deepinfra/google/gemma-3-27b-it_confident,8.71,Simple Breakfast Tray,Breakfast Platter,0.7973507809254794,0.6,0.4,0.6,0.6,1.0,13.521379001567047,,8.7e-05,10.896551724137932,17.554858934169275,32.43243243243243,65.59139784946235,
fsb_00220,deepinfra/google/gemma-3-27b-it_canonical,8.4,Simple Breakfast,Breakfast Platter,0.7541481419716666,0.5,0.2,0.4444444444444445,0.4,0.8,9.379897022610251,,8.4e-05,3.4482758620689653,32.60188087774294,8.10810810810811,82.79569892473117,
fsb_00223,deepinfra/mistralai/Mistral-Small-3.2-24B-Instruct-2506_detailed,3.11,"Mini Meal Tray with Sandwich, Fruit, and Yogurt",Breakfast Tray,0.7957834936192898,0.0,0.0,0.0,0.0,0.5,5.595353339787022,,0.00023,1.99240986717267,6.9767441860465045,121.95121951219512,4.210526315789478,
fsb_00223,deepinfra/mistralai/Mistral-Small-3.2-24B-Instruct-2506_step_by_step,2.24,Picnic Basket Meal,Breakfast Tray,0.6121006349295601,0.0,0.0,0.0,0.0,1.0,16.20522749273959,,0.000201,11.480075901328266,22.02462380300957,62.60162601626015,121.05263157894737,
fsb_00223,deepinfra/mistralai/Mistral-Small-3.2-24B-Instruct-2506_conservative,0.52,Mini Meal in a Basket,Breakfast Tray,0.6402223737624394,0.16666666666666666,0.0,0.2,0.25,0.5,16.011616650532424,,0.000212,6.736242884250469,39.80848153214774,119.51219512195121,110.5263157894737,
fsb_00223,deepinfra/mistralai/Mistral-Small-3.2-24B-Instruct-2506_confident,2.46,Toy Tea Set Meal,Breakfast Tray,0.6372104294160814,0.0,0.0,0.0,0.0,0.75,53.72700871248791,,0.0002,52.56166982922201,60.328317373461005,59.34959349593496,47.368421052631575,
fsb_00223,deepinfra/mistralai/Mistral-Small-3.2-24B-Instruct-2506_canonical,2.87,Sandwich and Fruit Lunch,Breakfast Tray,0.6429549313856391,0.0,0.0,0.0,0.0,0.75,12.913843175217806,,0.000214,7.9222011385199185,24.760601915184672,111.3821138211382,15.789473684210526,
fsb_00223,deepinfra/meta-llama/Llama-4-Scout-17B-16E-Instruct_detailed,5.95,Breakfast in Bed,Breakfast Tray,0.7096800352526742,0.25,0.25,0.25,0.25,1.0,53.030009680542115,,0.000281,49.003795066413666,65.80027359781121,103.2520325203252,68.42105263157895,
fsb_00223,deepinfra/meta-llama/Llama-4-Scout-17B-16E-Instruct_step_by_step,5.46,Breakfast in Bed,Breakfast Tray,0.7096800352526742,0.5,0.5,0.5,0.5,1.0,32.73959341723137,,0.000283,28.130929791271353,42.54445964432284,113.8211382113821,56.84210526315789,
fsb_00223,deepinfra/meta-llama/Llama-4-Scout-17B-16E-Instruct_conservative,5.64,Breakfast in Bed,Breakfast Tray,0.7096800352526742,0.25,0.25,0.25,0.25,1.0,52.99128751210068,,0.000284,49.003795066413666,65.80027359781121,105.6910569105691,63.1578947368421,
fsb_00223,deepinfra/meta-llama/Llama-4-Scout-17B-16E-Instruct_confident,4.11,Breakfast in Bed,Breakfast Tray,0.7096800352526742,0.3333333333333333,0.25,0.28571428571428575,0.25,0.75,53.959341723136504,,0.000255,49.003795066413666,65.80027359781121,146.34146341463415,63.1578947368421,
fsb_00223,deepinfra/meta-llama/Llama-4-Scout-17B-16E-Instruct_canonical,2.74,Breakfast Tray,Breakfast Tray,1.000000000000001,0.3333333333333333,0.25,0.28571428571428575,0.25,0.75,46.214908034849955,,0.000267,38.33017077798862,65.80027359781121,186.99186991869914,63.1578947368421,
fsb_00223,deepinfra/google/gemma-3-27b-it_detailed,5.6,Salmon with Tomato Soup and Bread,Breakfast Tray,0.5552131405852753,0.0,0.0,0.0,0.0,0.75,19.92255566311714,,6.8e-05,9.155597722960158,57.59233926128591,119.51219512195121,78.94736842105263,
fsb_00223,deepinfra/google/gemma-3-27b-it_step_by_step,7.08,"Breakfast Plate with Toast, Egg, and Orange Juice",Breakfast Tray,0.7818241536693978,0.3333333333333333,0.0,0.28571428571428575,0.25,0.75,37.23136495643757,,7e-05,37.14421252371917,44.459644322845406,2.439024390243908,30.526315789473692,
fsb_00223,deepinfra/google/gemma-3-27b-it_conservative,5.96,Simple Breakfast - Toast with Peach & Tomato Juice,Breakfast Tray,0.706123824434163,0.3333333333333333,0.0,0.28571428571428575,0.25,0.75,54.92739593417232,,7.2e-05,56.119544592030365,46.6484268125855,43.08943089430895,81.05263157894737,
fsb_00223,deepinfra/google/gemma-3-27b-it_confident,8.92,Breakfast Sandwich with Orange Juice,Breakfast Tray,0.682523633631817,0.2,0.0,0.22222222222222224,0.25,0.75,21.47144240077444,,8.4e-05,16.223908918406067,25.30779753761969,126.01626016260161,89.47368421052632,
fsb_00223,deepinfra/google/gemma-3-27b-it_canonical,4.1,Simple Plate Meal,Breakfast Tray,0.6560053393613744,0.0,0.0,0.0,0.0,0.75,21.14230396902227,,7.5e-05,15.322580645161295,31.60054719562243,127.64227642276423,61.05263157894737,
fsb_00225,deepinfra/mistralai/Mistral-Small-3.2-24B-Instruct-2506_detailed,3.73,Breakfast Tray,Bagel With Cream Cheese And Prosciutto,0.5638177661426075,0.25,0.3333333333333333,0.28571428571428575,0.3333333333333333,0.6666666666666667,96.44516728624534,,0.00025,97.29805797917253,69.23076923076923,118.74999999999997,141.66666666666669,
fsb_00225,deepinfra/mistralai/Mistral-Small-3.2-24B-Instruct-2506_step_by_step,3.69,Breakfast Tray,Bagel With Cream Cheese And Prosciutto,0.5638177661426075,0.42857142857142855,0.5,0.4615384615384615,0.5,0.8333333333333334,89.35873605947954,,0.000236,87.4472276949057,135.16483516483518,64.77272727272727,8.333333333333332,
fsb_00225,deepinfra/mistralai/Mistral-Small-3.2-24B-Instruct-2506_conservative,2.74,Breakfast Tray,Bagel With Cream Cheese And Prosciutto,0.5638177661426075,0.5,0.5,0.5,0.5,1.0,61.24535315985129,,0.000224,59.02054601745004,91.20879120879121,64.77272727272727,8.333333333333332,
fsb_00225,deepinfra/mistralai/Mistral-Small-3.2-24B-Instruct-2506_confident,2.87,Breakfast in Bed,Bagel With Cream Cheese And Prosciutto,0.5752248437889336,0.42857142857142855,0.5,0.4615384615384615,0.5,0.8333333333333334,106.66821561338288,,0.000236,108.55614973262031,82.41758241758241,135.79545454545453,100.0,
fsb_00225,deepinfra/mistralai/Mistral-Small-3.2-24B-Instruct-2506_canonical,2.61,Breakfast Tray,Bagel With Cream Cheese And Prosciutto,0.5638177661426075,0.6,0.5,0.5454545454545454,0.5,0.8333333333333334,24.465613382899623,,0.000215,15.958345060512238,95.6043956043956,23.295454545454554,8.333333333333332,
fsb_00225,deepinfra/meta-llama/Llama-4-Scout-17B-16E-Instruct_detailed,8.61,Breakfast in Bed,Bagel With Cream Cheese And Prosciutto,0.5752248437889336,0.0,0.0,0.0,0.0,1.0,9.433085501858733,,0.000296,2.1671826625386963,27.472527472527474,81.8181818181818,50.0,
fsb_00225,deepinfra/meta-llama/Llama-4-Scout-17B-16E-Instruct_step_by_step,4.91,Breakfast in Bed,Bagel With Cream Cheese And Prosciutto,0.5752248437889336,0.3333333333333333,0.16666666666666666,0.3333333333333333,0.3333333333333333,1.0,29.405204460966537,,0.000306,32.564030396847734,0.8351648351648409,10.795454545454536,71.49999999999999,
fsb_00225,deepinfra/meta-llama/Llama-4-Scout-17B-16E-Instruct_conservative,6.34,Breakfast in Bed,Bagel With Cream Cheese And Prosciutto,0.5752248437889336,0.25,0.16666666666666666,0.2,0.16666666666666666,0.6666666666666667,23.280669144981413,,0.000273,10.498170560090067,97.8021978021978,47.72727272727271,83.33333333333334,
fsb_00225,deepinfra/meta-llama/Llama-4-Scout-17B-16E-Instruct_confident,13.0,Breakfast in Bed,Bagel With Cream Cheese And Prosciutto,0.5752248437889336,0.2,0.16666666666666666,0.1818181818181818,0.16666666666666666,0.8333333333333334,18.81970260223048,,0.000301,16.239797354348433,1.9780219780219748,121.59090909090908,8.333333333333332,
fsb_00225,deepinfra/meta-llama/Llama-4-Scout-17B-16E-Instruct_canonical,5.81,Breakfast Tray,Bagel With Cream Cheese And Prosciutto,0.5638177661426075,0.3333333333333333,0.0,0.2222222222222222,0.16666666666666666,0.5,39.54460966542751,,0.000265,31.044188010132284,97.8021978021978,76.13636363636363,16.666666666666664,
fsb_00225,deepinfra/google/gemma-3-27b-it_detailed,10.35,Breakfast Tray,Bagel With Cream Cheese And Prosciutto,0.5638177661426075,0.3333333333333333,0.16666666666666666,0.3333333333333333,0.3333333333333333,1.0,50.58085501858736,,9.4e-05,52.26569096538136,29.890109890109894,36.36363636363635,100.0,
fsb_00225,deepinfra/google/gemma-3-27b-it_step_by_step,14.41,Breakfast Tray,Bagel With Cream Cheese And Prosciutto,0.5638177661426075,0.3333333333333333,0.16666666666666666,0.3333333333333333,0.3333333333333333,1.0,39.33550185873605,,9.9e-05,39.6003377427526,31.648351648351646,26.704545454545446,79.16666666666666,
fsb_00225,deepinfra/google/gemma-3-27b-it_conservative,10.24,Simple Breakfast Tray,Bagel With Cream Cheese And Prosciutto,0.5553901833053072,0.5,0.0,0.5,0.5,1.0,45.46933085501858,,0.000109,44.103574444131716,59.56043956043955,59.09090909090908,12.5,
fsb_00225,deepinfra/google/gemma-3-27b-it_confident,11.83,Breakfast in Bed,Bagel With Cream Cheese And Prosciutto,0.5752248437889336,0.3333333333333333,0.3333333333333333,0.3333333333333333,0.3333333333333333,1.0,34.24721189591077,,8.4e-05,33.408387278356315,5.0549450549450485,121.59090909090908,41.66666666666667,
fsb_00225,deepinfra/google/gemma-3-27b-it_canonical,10.92,Breakfast Tray,Bagel With Cream Cheese And Prosciutto,0.5638177661426075,0.6,0.16666666666666666,0.5454545454545454,0.5,0.8333333333333334,37.19795539033457,,9.9e-05,37.06726709822685,9.230769230769237,98.86363636363635,56.66666666666668,
fsb_00228,deepinfra/mistralai/Mistral-Small-3.2-24B-Instruct-2506_detailed,3.86,Sandwich with Grapes and Beverage,Prosciutto And Egg Sandwich With Grapes,0.8568992314955413,0.7142857142857143,0.3333333333333333,0.7692307692307692,0.8333333333333334,0.8333333333333334,39.597765363128495,,0.000239,38.053581191908144,15.630550621669622,182.08955223880596,40.00000000000001,
fsb_00228,deepinfra/mistralai/Mistral-Small-3.2-24B-Instruct-2506_step_by_step,0.85,Picnic Basket Meal,Prosciutto And Egg Sandwich With Grapes,0.6658200042566897,0.8333333333333334,0.3333333333333333,0.8333333333333334,0.8333333333333334,1.0,73.07262569832402,,0.000227,73.04537998906507,16.51865008880994,322.3880597014925,60.83333333333334,
fsb_00228,deepinfra/mistralai/Mistral-Small-3.2-24B-Instruct-2506_conservative,2.77,Picnic Basket Meal,Prosciutto And Egg Sandwich With Grapes,0.6658200042566897,0.5,0.0,0.5,0.5,1.0,40.938547486033514,,0.000226,45.43466375068343,5.150976909413852,85.07462686567165,22.499999999999996,
fsb_00228,deepinfra/mistralai/Mistral-Small-3.2-24B-Instruct-2506_confident,3.09,Picnic Basket Meal,Prosciutto And Egg Sandwich With Grapes,0.6658200042566897,0.5714285714285714,0.0,0.6153846153846153,0.6666666666666666,0.8333333333333334,72.75977653631286,,0.000238,79.0595954073264,8.525754884547064,173.8805970149254,69.16666666666667,
fsb_00228,deepinfra/mistralai/Mistral-Small-3.2-24B-Instruct-2506_canonical,2.11,Sandwich with Grapes,Prosciutto And Egg Sandwich With Grapes,0.8824290408981212,0.75,0.16666666666666666,0.6,0.5,0.6666666666666667,6.726256983240221,,0.000203,1.1481683980317081,30.728241563055057,49.25373134328358,16.666666666666664,
fsb_00228,deepinfra/meta-llama/Llama-4-Scout-17B-16E-Instruct_detailed,5.44,"Breakfast Plate with Pâté, Egg, and Grapes",Prosciutto And Egg Sandwich With Grapes,0.7828600051940557,0.75,0.3333333333333333,0.6,0.5,0.6666666666666667,8.89385474860335,,0.000275,3.3351558228540155,26.28774422735346,56.71641791044776,43.33333333333333,
fsb_00228,deepinfra/meta-llama/Llama-4-Scout-17B-16E-Instruct_step_by_step,13.98,Breakfast Plate with Grapes and Drink,Prosciutto And Egg Sandwich With Grapes,0.7692608833080874,0.6,0.5,0.5454545454545454,0.5,0.8333333333333334,20.715083798882674,,0.000305,8.802624384909784,61.63410301953819,101.49253731343283,101.66666666666666,
fsb_00228,deepinfra/meta-llama/Llama-4-Scout-17B-16E-Instruct_conservative,11.58,Breakfast Plate,Prosciutto And Egg Sandwich With Grapes,0.6389589451848487,0.6666666666666666,0.16666666666666666,0.4444444444444444,0.3333333333333333,0.5,25.27374301675978,,0.000268,21.26845270639694,54.52930728241563,10.447761194029853,26.66666666666666,
fsb_00228,deepinfra/meta-llama/Llama-4-Scout-17B-16E-Instruct_confident,6.44,Breakfast Tray,Prosciutto And Egg Sandwich With Grapes,0.6102313292766957,0.5,0.3333333333333333,0.4,0.3333333333333333,0.6666666666666667,5.1173184357541865,,0.000286,3.3351558228540155,10.301953818827704,10.447761194029853,29.166666666666668,
fsb_00228,deepinfra/meta-llama/Llama-4-Scout-17B-16E-Instruct_canonical,6.47,Breakfast Plate,Prosciutto And Egg Sandwich With Grapes,0.6389589451848487,0.5,0.0,0.4,0.3333333333333333,0.6666666666666667,34.346368715083806,,0.000289,31.6566429743029,59.14742451154529,34.32835820895522,0.0,
fsb_00228,deepinfra/google/gemma-3-27b-it_detailed,7.56,Open-Faced Smoked Salmon Sandwich with Grapes and Tea,Prosciutto And Egg Sandwich With Grapes,0.7722613353498049,0.6,0.3333333333333333,0.5454545454545454,0.5,0.8333333333333334,33.81005586592178,,9.2e-05,28.758884636413335,37.83303730017762,79.1044776119403,118.33333333333333,
fsb_00228,deepinfra/google/gemma-3-27b-it_step_by_step,11.11,Open-Faced Sandwich with Grapes and Tea,Prosciutto And Egg Sandwich With Grapes,0.7933218731985616,0.5,0.5,0.5,0.5,1.0,19.441340782122904,,0.000103,14.70749043193002,41.385435168738894,67.91044776119402,6.666666666666672,
fsb_00228,deepinfra/google/gemma-3-27b-it_conservative,10.74,Open-Faced Smoked Salmon Sandwich with Grapes and Tea,Prosciutto And Egg Sandwich With Grapes,0.7722613353498049,0.6,0.3333333333333333,0.5454545454545454,0.5,0.8333333333333334,12.000000000000002,,9.9e-05,3.7725533078184834,44.93783303730017,64.17910447761194,50.0,
fsb_00228,deepinfra/google/gemma-3-27b-it_confident,8.19,Open-Faced Smoked Salmon Sandwich with Grapes & Tea,Prosciutto And Egg Sandwich With Grapes,0.7766812809654103,0.6,0.3333333333333333,0.5454545454545454,0.5,0.8333333333333334,9.005586592178767,,8.3e-05,1.4215418261344965,39.60923623445826,49.25373134328358,51.66666666666666,
fsb_00228,deepinfra/google/gemma-3-27b-it_canonical,6.37,Open-Faced Sandwich with Fruit,Prosciutto And Egg Sandwich With Grapes,0.7333379939193272,0.5,0.16666666666666666,0.4,0.3333333333333333,0.6666666666666667,7.999999999999997,,8.6e-05,3.6085292509568037,0.5328596802841868,123.88059701492537,47.5,
fsb_00238,deepinfra/mistralai/Mistral-Small-3.2-24B-Instruct-2506_detailed,2.39,Airline Breakfast Tray,Breakfast Tray,0.8961873639827131,0.5,0.0,0.4,0.3333333333333333,0.6666666666666667,19.399818126705064,,0.000206,21.06240713224368,4.282115869017639,1.3377926421404636,89.25619834710743,
fsb_00238,deepinfra/mistralai/Mistral-Small-3.2-24B-Instruct-2506_step_by_step,2.09,Breakfast Tray,Breakfast Tray,1.000000000000001,0.75,0.0,0.6,0.5,0.6666666666666667,23.59806001818733,,0.000205,22.548291233283802,9.57178841309823,54.84949832775919,85.12396694214875,
fsb_00238,deepinfra/mistralai/Mistral-Small-3.2-24B-Instruct-2506_conservative,1.54,Airline Breakfast Tray,Breakfast Tray,0.8961873639827131,0.6666666666666666,0.0,0.4444444444444444,0.3333333333333333,0.5,47.120339496817216,,0.000182,47.622585438335804,34.50881612090681,55.51839464882943,86.77685950413223,
fsb_00238,deepinfra/mistralai/Mistral-Small-3.2-24B-Instruct-2506_confident,2.08,Breakfast Tray,Breakfast Tray,1.000000000000001,0.75,0.16666666666666666,0.6,0.5,0.6666666666666667,23.02212791755078,,0.000201,18.499257057949485,54.91183879093198,9.69899665551839,47.93388429752066,
fsb_00238,deepinfra/mistralai/Mistral-Small-3.2-24B-Instruct-2506_canonical,2.39,Breakfast Tray,Breakfast Tray,1.000000000000001,0.75,0.16666666666666666,0.6,0.5,0.6666666666666667,13.21612609881782,,0.000204,9.91827637444279,19.64735516372795,41.47157190635451,47.93388429752066,
fsb_00238,deepinfra/meta-llama/Llama-4-Scout-17B-16E-Instruct_detailed,5.27,Breakfast in Bed,Breakfast Tray,0.7096800352526742,0.75,0.16666666666666666,0.6,0.5,0.6666666666666667,9.245225826007877,,0.00027,3.974739970282314,24.559193954659946,31.103678929765877,89.25619834710743,
fsb_00238,deepinfra/meta-llama/Llama-4-Scout-17B-16E-Instruct_step_by_step,4.45,Breakfast in Bed,Breakfast Tray,0.7096800352526742,0.75,0.3333333333333333,0.6,0.5,0.6666666666666667,7.456805092452254,,0.000282,0.2600297176820166,29.722921914357674,47.82608695652174,81.81818181818181,
fsb_00238,deepinfra/meta-llama/Llama-4-Scout-17B-16E-Instruct_conservative,3.55,Breakfast in Bed,Breakfast Tray,0.7096800352526742,0.5,0.16666666666666666,0.4,0.3333333333333333,0.6666666666666667,7.183995150045471,,0.000268,1.2258543833581024,28.46347607052896,28.76254180602006,79.33884297520662,
fsb_00238,deepinfra/meta-llama/Llama-4-Scout-17B-16E-Instruct_confident,4.82,Breakfast in Bed,Breakfast Tray,0.7096800352526742,0.75,0.3333333333333333,0.6,0.5,0.6666666666666667,7.032434070930588,,0.000269,0.6686478454680577,30.982367758186392,27.759197324414707,81.81818181818181,
fsb_00238,deepinfra/meta-llama/Llama-4-Scout-17B-16E-Instruct_canonical,4.95,Breakfast Tray,Breakfast Tray,1.000000000000001,1.0,0.3333333333333333,0.6666666666666666,0.5,0.5,23.31009396786905,,0.000265,23.476968796433876,8.060453400503786,33.11036789297658,91.73553719008264,
fsb_00238,deepinfra/google/gemma-3-27b-it_detailed,7.0,Light Breakfast Tray,Breakfast Tray,0.8923185509973899,0.75,0.16666666666666666,0.6,0.5,0.6666666666666667,19.945438011518636,,8e-05,17.533432392273397,18.387909319899236,48.49498327759197,66.94214876033058,
fsb_00238,deepinfra/google/gemma-3-27b-it_step_by_step,7.12,Light Breakfast,Breakfast Tray,0.6923595314509827,0.75,0.16666666666666666,0.6,0.5,0.6666666666666667,26.85662321915732,,8.2e-05,29.606240713224363,6.801007556675069,8.026755852842806,82.64462809917356,
fsb_00238,deepinfra/google/gemma-3-27b-it_conservative,7.93,Simple Breakfast Tray,Breakfast Tray,0.9363487542489533,0.6,0.16666666666666666,0.5454545454545454,0.5,0.8333333333333334,19.066383752652317,,0.0001,20.876671619613667,0.5037783375314933,6.35451505016722,91.73553719008264,
fsb_00238,deepinfra/google/gemma-3-27b-it_confident,6.38,"Light Breakfast with Yogurt, Pear & Whole Wheat Toast",Breakfast Tray,0.68437126673714,0.5,0.16666666666666666,0.4,0.3333333333333333,0.6666666666666667,40.86086692937253,,8.3e-05,42.60772659732541,34.50881612090681,23.076923076923073,48.760330578512395,
fsb_00238,deepinfra/google/gemma-3-27b-it_canonical,7.2,Breakfast Tray,Breakfast Tray,1.000000000000001,1.0,0.3333333333333333,0.6666666666666666,0.5,0.5,38.54198241891482,,7.7e-05,39.26448736998514,25.692695214105797,48.49498327759197,66.11570247933885,
fsb_00250,deepinfra/mistralai/Mistral-Small-3.2-24B-Instruct-2506_detailed,2.44,Broccoli and Toast Salad with Apples on the Side,Broccoli And Hummus Sandwich With Apple,0.8280253960910748,0.75,0.5,0.75,0.75,1.0,25.34198279509236,,0.000205,28.009575923392603,3.520208604954371,50.21645021645021,6.5306122448979655,
fsb_00250,deepinfra/mistralai/Mistral-Small-3.2-24B-Instruct-2506_step_by_step,1.9,Broccoli and Toast Salad with Apples,Broccoli And Hummus Sandwich With Apple,0.8397850472633965,0.75,0.5,0.75,0.75,1.0,4.5973769567056895,,0.000195,1.06019151846786,19.94784876140808,41.55844155844156,6.122448979591836,
fsb_00250,deepinfra/mistralai/Mistral-Small-3.2-24B-Instruct-2506_conservative,1.67,Broccoli and Toast Salad with Apples on the Side,Broccoli And Hummus Sandwich With Apple,0.8280253960910748,1.0,0.5,0.8571428571428571,0.75,0.75,50.35961077422084,,0.000185,52.29138166894665,19.165580182529336,64.06926406926407,88.9795918367347,
fsb_00250,deepinfra/mistralai/Mistral-Small-3.2-24B-Instruct-2506_confident,2.13,Broccoli and Toast Salad with Apples on the Side,Broccoli And Hummus Sandwich With Apple,0.8280253960910748,0.75,0.5,0.75,0.75,1.0,25.34198279509236,,0.000205,28.009575923392603,3.520208604954371,50.21645021645021,6.5306122448979655,
fsb_00250,deepinfra/mistralai/Mistral-Small-3.2-24B-Instruct-2506_canonical,1.74,Broccoli and Crackers Salad with Apples,Broccoli And Hummus Sandwich With Apple,0.846282741674562,0.6666666666666666,0.5,0.5714285714285715,0.5,0.75,53.645466083768156,,0.000186,54.51436388508891,32.20338983050848,78.35497835497836,76.73469387755102,
fsb_00250,deepinfra/meta-llama/Llama-4-Scout-17B-16E-Instruct_detailed,3.55,Tuna Salad with Broccoli and Croutons,Broccoli And Hummus Sandwich With Apple,0.7211560308129296,0.75,0.5,0.75,0.75,1.0,25.22916372867014,,0.000289,22.195622435020514,13.950456323337681,68.83116883116882,91.83673469387756,
fsb_00250,deepinfra/meta-llama/Llama-4-Scout-17B-16E-Instruct_step_by_step,6.28,Tuna Salad with Broccoli and Croutons,Broccoli And Hummus Sandwich With Apple,0.7211560308129296,0.75,0.5,0.75,0.75,1.0,37.35862360738963,,0.000292,33.31053351573187,40.547588005215125,74.89177489177487,88.61224489795919,
fsb_00250,deepinfra/meta-llama/Llama-4-Scout-17B-16E-Instruct_conservative,5.37,Tuna and Broccoli Salad with Apples,Broccoli And Hummus Sandwich With Apple,0.7950066172106258,0.25,0.25,0.25,0.25,1.0,30.164997884642496,,0.000282,27.32558139534883,26.98826597131682,47.186147186147174,91.83673469387756,
fsb_00250,deepinfra/meta-llama/Llama-4-Scout-17B-16E-Instruct_confident,4.75,Tuna and Broccoli Salad with Croutons and Apples,Broccoli And Hummus Sandwich With Apple,0.7660868420440169,0.75,0.5,0.75,0.75,1.0,29.3893668029897,,0.000274,28.180574555403552,13.950456323337681,47.186147186147174,89.79591836734694,
fsb_00250,deepinfra/meta-llama/Llama-4-Scout-17B-16E-Instruct_canonical,4.17,Tuna and Broccoli Salad with Bread and Apples,Broccoli And Hummus Sandwich With Apple,0.8002628052914054,0.75,0.75,0.75,0.75,1.0,49.62628684247636,,0.000286,46.99042407660738,56.975228161668845,42.85714285714285,95.91836734693877,
fsb_00250,deepinfra/google/gemma-3-27b-it_detailed,8.33,Quinoa & Broccoli Bowl with Toast,Broccoli And Hummus Sandwich With Apple,0.736552074816142,0.5,0.25,0.6,0.75,0.5,22.845860950500636,,0.0001,17.476060191518478,34.028683181225546,100.43290043290041,42.857142857142854,
fsb_00250,deepinfra/google/gemma-3-27b-it_step_by_step,10.23,"Quinoa Salad with Broccoli, Bread & Apple",Broccoli And Hummus Sandwich With Apple,0.8069057530931896,0.6,0.5,0.6666666666666665,0.75,0.75,8.729375264419692,,9.1e-05,4.651162790697683,32.46414602346805,12.121212121212123,28.57142857142857,
fsb_00250,deepinfra/google/gemma-3-27b-it_conservative,10.15,Leftover Chicken & Broccoli Bowl with Toast,Broccoli And Hummus Sandwich With Apple,0.7214740149262635,0.3333333333333333,0.25,0.4,0.5,0.5,14.990833450853202,,0.0001,13.030095759233934,5.606258148631026,84.84848484848484,25.30612244897959,
fsb_00250,deepinfra/google/gemma-3-27b-it_confident,7.75,Broccoli & Quinoa Bowl with Whole Wheat Toast,Broccoli And Hummus Sandwich With Apple,0.7309400200855156,0.2,0.0,0.22222222222222224,0.25,0.75,8.546044281483574,,9.1e-05,4.651162790697683,2.477183833116025,98.70129870129868,35.51020408163265,
fsb_00250,deepinfra/google/gemma-3-27b-it_canonical,7.34,Salad with Bread & Apple,Broccoli And Hummus Sandwich With Apple,0.8169398203653283,0.75,0.75,0.75,0.75,1.0,16.542095614158786,,8.7e-05,12.790697674418597,23.85919165580182,24.242424242424246,75.91836734693878,
fsb_00281,deepinfra/mistralai/Mistral-Small-3.2-24B-Instruct-2506_detailed,2.23,Creamy Tomato Soup with Cheese Toast,Carrot Soup with Cream Cheese Toast,0.8435809391311038,0.75,0.3333333333333333,0.8571428571428571,1.0,0.6666666666666667,9.242424242424246,,0.000191,7.659703300030278,11.627906976744185,21.951219512195134,31.03448275862069,
fsb_00281,deepinfra/mistralai/Mistral-Small-3.2-24B-Instruct-2506_step_by_step,1.96,Creamy Soup with Butter Bread and Butter Portion,Carrot Soup with Cream Cheese Toast,0.759608045217721,0.6666666666666666,0.3333333333333333,0.6666666666666666,0.6666666666666666,1.0,7.5757575757575735,,0.000191,7.478050257341806,4.651162790697675,21.951219512195134,10.344827586206897,
fsb_00281,deepinfra/mistralai/Mistral-Small-3.2-24B-Instruct-2506_conservative,1.7,Creamy Tomato Soup with Butter Bread and Butter,Carrot Soup with Cream Cheese Toast,0.7267999459432345,0.6666666666666666,0.0,0.6666666666666666,0.6666666666666666,1.0,5.707070707070709,,0.000181,4.632152588555861,6.976744186046512,9.75609756097562,24.137931034482758,
fsb_00281,deepinfra/mistralai/Mistral-Small-3.2-24B-Instruct-2506_confident,2.1,Creamy Tomato Soup with Butter and Cheese Toast,Carrot Soup with Cream Cheese Toast,0.8279923555511353,0.75,0.3333333333333333,0.8571428571428571,1.0,0.6666666666666667,28.66161616161616,,0.000192,30.18468059339994,9.30232558139535,9.75609756097562,62.06896551724138,
fsb_00281,deepinfra/mistralai/Mistral-Small-3.2-24B-Instruct-2506_canonical,1.92,Soup and Bread with Spread,Carrot Soup with Cream Cheese Toast,0.7305223647205346,0.6666666666666666,0.3333333333333333,0.6666666666666666,0.6666666666666666,1.0,10.73232323232323,,0.000184,8.991825613079016,18.6046511627907,21.951219512195134,20.689655172413794,
fsb_00281,deepinfra/meta-llama/Llama-4-Scout-17B-16E-Instruct_detailed,10.18,Creamy Butternut Squash Soup with Toasted Bread and Butter,Carrot Soup with Cream Cheese Toast,0.7709798870053439,0.1111111111111111,0.3333333333333333,0.16666666666666666,0.3333333333333333,-1.0,187.44949494949495,,0.000378,196.39721465334546,81.3953488372093,95.12195121951221,350.34482758620686,
fsb_00281,deepinfra/meta-llama/Llama-4-Scout-17B-16E-Instruct_step_by_step,2.0,Butternut Squash Soup with Toasted Bread and Butter,Carrot Soup with Cream Cheese Toast,0.7763150778512669,0.6666666666666666,0.0,0.6666666666666666,0.6666666666666666,1.0,52.62626262626262,,0.000272,51.377535573720856,64.1860465116279,1.219512195121947,75.86206896551724,
fsb_00281,deepinfra/meta-llama/Llama-4-Scout-17B-16E-Instruct_conservative,3.38,Butternut Squash Soup with Toast,Carrot Soup with Cream Cheese Toast,0.8138071020333729,0.6666666666666666,0.0,0.6666666666666666,0.6666666666666666,1.0,48.23232323232323,,0.000254,48.34998486224644,44.18604651162791,82.9268292682927,37.93103448275862,
fsb_00281,deepinfra/meta-llama/Llama-4-Scout-17B-16E-Instruct_confident,10.51,Butternut Squash Soup with Toast,Carrot Soup with Cream Cheese Toast,0.8138071020333729,0.1,0.0,0.15384615384615383,0.3333333333333333,-1.3333333333333335,64.97474747474746,,0.000414,61.97396306388131,72.09302325581395,19.51219512195124,137.93103448275863,
fsb_00281,deepinfra/meta-llama/Llama-4-Scout-17B-16E-Instruct_canonical,4.2,Pumpkin Soup with Bread and Butter,Carrot Soup with Cream Cheese Toast,0.7221967776329972,0.6666666666666666,0.3333333333333333,0.6666666666666666,0.6666666666666666,1.0,53.03030303030303,,0.000267,54.40508628519527,41.86046511627907,9.75609756097562,79.3103448275862,
fsb_00281,deepinfra/google/gemma-3-27b-it_detailed,14.59,Butternut Squash Soup with Whole Wheat Toast & Cream Cheese,Carrot Soup with Cream Cheese Toast,0.8518035109738603,0.2222222222222222,0.3333333333333333,0.3333333333333333,0.6666666666666666,-1.0,90.55555555555554,,0.000129,93.1577353920678,45.348837209302324,85.3658536585366,168.2758620689655,
fsb_00281,deepinfra/google/gemma-3-27b-it_step_by_step,6.9,Butternut Squash Soup with Toasted Whole Wheat Bread & Cream Cheese,Carrot Soup with Cream Cheese Toast,0.8253697911000136,1.0,0.3333333333333333,1.0,1.0,1.0,12.121212121212118,,7e-05,12.019376324553432,9.30232558139535,34.14634146341465,10.344827586206897,
fsb_00281,deepinfra/google/gemma-3-27b-it_conservative,8.08,Butternut Squash Soup with Whole Wheat Toast & Cream Cheese,Carrot Soup with Cream Cheese Toast,0.8518035109738603,1.0,0.0,1.0,1.0,1.0,9.343434343434339,,7.7e-05,8.991825613079016,9.30232558139535,34.14634146341465,3.4482758620689653,
fsb_00281,deepinfra/google/gemma-3-27b-it_confident,6.57,Butternut Squash Soup with Whole Wheat Toast & Cream Cheese,Carrot Soup with Cream Cheese Toast,0.8518035109738603,1.0,0.3333333333333333,1.0,1.0,1.0,18.939393939393938,,7e-05,18.074477747502264,18.6046511627907,58.536585365853675,17.24137931034483,
fsb_00281,deepinfra/google/gemma-3-27b-it_canonical,4.32,Soup and Toast,Carrot Soup with Cream Cheese Toast,0.8078656809248743,0.6666666666666666,0.3333333333333333,0.6666666666666666,0.6666666666666666,1.0,11.36363636363636,,7.4e-05,12.019376324553432,9.30232558139535,9.75609756097562,3.4482758620689653,
fsb_00284,deepinfra/mistralai/Mistral-Small-3.2-24B-Instruct-2506_detailed,1.99,Banana and Cereal Bowl,Cereal with Banana and Milk,0.86597490838667,0.6666666666666666,0.6666666666666666,0.6666666666666666,0.6666666666666666,1.0,16.65187814256137,,0.000183,16.107629929966823,21.34831460674157,13.793103448275856,0.0,
fsb_00284,deepinfra/mistralai/Mistral-Small-3.2-24B-Instruct-2506_step_by_step,2.11,Banana and Cereal Bowl,Cereal with Banana and Milk,0.86597490838667,1.0,1.0,1.0,1.0,1.0,29.547471162378,,0.000187,34.16881680796166,0.7490636704119823,29.885057471264385,89.36170212765957,
fsb_00284,deepinfra/mistralai/Mistral-Small-3.2-24B-Instruct-2506_conservative,1.67,Banana and Cereal Bowl,Cereal with Banana and Milk,0.86597490838667,1.0,0.6666666666666666,1.0,1.0,1.0,9.435078379177755,,0.000183,8.735716918540357,12.359550561797755,16.0919540229885,4.255319148936174,
fsb_00284,deepinfra/mistralai/Mistral-Small-3.2-24B-Instruct-2506_confident,2.38,Banana and Cereal Bowl,Cereal with Banana and Milk,0.86597490838667,1.0,0.6666666666666666,1.0,1.0,1.0,37.00088731144632,,0.000184,38.22336896424622,23.59550561797753,29.885057471264385,131.91489361702128,
fsb_00284,deepinfra/mistralai/Mistral-Small-3.2-24B-Instruct-2506_canonical,1.8,Banana and Cereal Bowl,Cereal with Banana and Milk,0.86597490838667,1.0,1.0,1.0,1.0,1.0,11.091393078970716,,0.000183,6.8927386656837415,30.711610486891384,19.540229885057464,14.893617021276597,
fsb_00284,deepinfra/meta-llama/Llama-4-Scout-17B-16E-Instruct_detailed,5.51,Cocoa Crunch with Banana,Cereal with Banana and Milk,0.7730759339862747,1.0,0.6666666666666666,1.0,1.0,1.0,14.108251996450752,,0.000266,6.8927386656837415,38.57677902621723,54.02298850574713,78.72340425531915,
fsb_00284,deepinfra/meta-llama/Llama-4-Scout-17B-16E-Instruct_step_by_step,3.84,Banana Chocolate Crunch,Cereal with Banana and Milk,0.7471598686511944,1.0,0.3333333333333333,0.8,0.6666666666666666,0.6666666666666667,5.826678497485948,,0.000252,1.3638039071138919,14.23220973782772,65.51724137931035,57.446808510638306,
fsb_00284,deepinfra/meta-llama/Llama-4-Scout-17B-16E-Instruct_conservative,4.1,Cocoa Crunch with Banana,Cereal with Banana and Milk,0.7730759339862747,1.0,0.6666666666666666,1.0,1.0,1.0,14.522330671398997,,0.000264,15.223000368595654,10.112359550561795,8.045977011494246,36.17021276595745,
fsb_00284,deepinfra/meta-llama/Llama-4-Scout-17B-16E-Instruct_confident,3.41,Banana Chocolate Crunch Cereal,Cereal with Banana and Milk,0.8290774481735883,1.0,0.6666666666666666,1.0,1.0,1.0,36.76427092576161,,0.000258,36.3803907113896,46.06741573033708,3.4482758620689737,14.893617021276597,
fsb_00284,deepinfra/meta-llama/Llama-4-Scout-17B-16E-Instruct_canonical,3.29,Cereal with Banana,Cereal with Banana and Milk,0.9567294914217757,1.0,0.6666666666666666,0.8,0.6666666666666666,0.6666666666666667,8.961845607808346,,0.000254,6.008109104312573,14.23220973782772,42.5287356321839,57.446808510638306,
fsb_00284,deepinfra/google/gemma-3-27b-it_detailed,4.31,Banana & Cereal with Milk,Cereal with Banana and Milk,0.9838718949906764,0.6666666666666666,0.3333333333333333,0.6666666666666666,0.6666666666666666,1.0,3.5788228334812153,,6.7e-05,3.5753778105418315,1.1235955056179803,19.540229885057464,2.1276595744680775,
fsb_00284,deepinfra/google/gemma-3-27b-it_step_by_step,6.22,Breakfast Cereal with Banana and Milk,Cereal with Banana and Milk,0.9766868038202277,0.6666666666666666,0.3333333333333333,0.6666666666666666,0.6666666666666666,1.0,1.656314699792965,,6.9e-05,0.8477699963140477,1.1235955056179803,3.4482758620689737,51.06382978723405,
fsb_00284,deepinfra/google/gemma-3-27b-it_conservative,8.32,Simple Breakfast Bowl,Cereal with Banana and Milk,0.6743758223215892,1.0,0.6666666666666666,1.0,1.0,1.0,4.11120970127181,,7.7e-05,2.838186509399185,6.741573033707867,8.045977011494246,40.425531914893625,
fsb_00284,deepinfra/google/gemma-3-27b-it_confident,7.98,Banana & Cereal Breakfast Bowl,Cereal with Banana and Milk,0.8402240311013889,0.6666666666666666,0.3333333333333333,0.6666666666666666,0.6666666666666666,1.0,5.7379473528541824,,6.8e-05,3.9439734611131545,8.61423220973783,26.436781609195414,38.297872340425535,
fsb_00284,deepinfra/google/gemma-3-27b-it_canonical,5.95,Cereal with Banana and Milk,Cereal with Banana and Milk,1.0000000000000009,1.0,1.0,1.0,1.0,1.0,3.90417036379769,,7.6e-05,2.1009952082565384,6.741573033707867,14.942528735632173,55.319148936170215,
fsb_00344,deepinfra/mistralai/Mistral-Small-3.2-24B-Instruct-2506_detailed,3.35,Chicken and Mushroom Stir-Fry with Brown Rice,Chicken and Rice,0.8338514778808703,0.2857142857142857,0.3333333333333333,0.4,0.6666666666666666,-0.33333333333333326,17.732207478890228,,0.000242,15.390980554406287,38.44580777096114,24.02597402597403,13.372093023255808,
fsb_00344,deepinfra/mistralai/Mistral-Small-3.2-24B-Instruct-2506_step_by_step,2.71,Chicken and Vegetable Stir-Fry with Brown Rice,Chicken and Rice,0.8565623680230771,0.2,0.3333333333333333,0.25,0.3333333333333333,0.33333333333333337,8.702395312769253,,0.000221,5.875051717004546,30.470347648261757,18.506493506493506,8.720930232558139,
fsb_00344,deepinfra/mistralai/Mistral-Small-3.2-24B-Instruct-2506_conservative,2.57,Chicken and Vegetable Stir Fry with Brown Rice,Chicken and Rice,0.8520334168693904,0.2,0.3333333333333333,0.25,0.3333333333333333,0.33333333333333337,26.951576770635878,,0.000218,26.148117501034335,36.60531697341513,15.259740259740257,43.02325581395348,
fsb_00344,deepinfra/mistralai/Mistral-Small-3.2-24B-Instruct-2506_confident,3.84,Chicken and Vegetable Stir-Fry with Brown Rice,Chicken and Rice,0.8565623680230771,0.2857142857142857,0.3333333333333333,0.4,0.6666666666666666,-0.33333333333333326,28.57142857142857,,0.000243,28.009929664873805,34.56032719836401,16.55844155844155,48.837209302325576,
fsb_00344,deepinfra/mistralai/Mistral-Small-3.2-24B-Instruct-2506_canonical,1.9,Chicken and Rice,Chicken and Rice,1.0000000000000013,0.6666666666666666,0.3333333333333333,0.6666666666666666,0.6666666666666666,1.0,28.692055833189734,,0.000193,28.630533719486962,22.29038854805726,12.66233766233767,77.32558139534883,
fsb_00344,deepinfra/meta-llama/Llama-4-Scout-17B-16E-Instruct_detailed,6.42,Chicken and Rice Bowl with Pickles,Chicken and Rice,0.8147467947614054,0.5,0.0,0.5714285714285715,0.6666666666666666,0.6666666666666667,117.80113734275378,,0.000271,107.28175424079438,239.4683026584867,117.53246753246754,68.02325581395348,
fsb_00344,deepinfra/meta-llama/Llama-4-Scout-17B-16E-Instruct_step_by_step,5.44,Chicken and Rice Bowl with Pickles,Chicken and Rice,0.8147467947614054,0.5,0.0,0.5714285714285715,0.6666666666666666,0.6666666666666667,190.4359813889368,,0.000285,174.10012412081093,460.32719836400815,85.06493506493507,70.93023255813954,
fsb_00344,deepinfra/meta-llama/Llama-4-Scout-17B-16E-Instruct_conservative,5.99,Chicken and Rice Bowl with Pickles,Chicken and Rice,0.8147467947614054,0.5,0.0,0.5714285714285715,0.6666666666666666,0.6666666666666667,27.795967602963984,,0.000289,29.871741828713276,3.8854805725971344,4.545454545454552,79.06976744186046,
fsb_00344,deepinfra/meta-llama/Llama-4-Scout-17B-16E-Instruct_confident,11.08,Chicken Teriyaki with Rice,Chicken and Rice,0.8588094948908275,0.6666666666666666,0.0,0.6666666666666666,0.6666666666666666,1.0,114.26848181974844,,0.000264,103.76499793131984,231.2883435582822,117.53246753246754,70.93023255813954,
fsb_00344,deepinfra/meta-llama/Llama-4-Scout-17B-16E-Instruct_canonical,4.04,Chicken and Rice,Chicken and Rice,1.0000000000000013,0.6666666666666666,0.3333333333333333,0.6666666666666666,0.6666666666666666,1.0,25.96932621058073,,0.000266,27.596193628465038,3.8854805725971344,3.896103896103894,82.55813953488372,
fsb_00344,deepinfra/google/gemma-3-27b-it_detailed,14.76,Chicken Adobo with Brown Rice,Chicken and Rice,0.816814435901209,0.25,0.0,0.36363636363636365,0.6666666666666666,-0.6666666666666667,29.84663105290368,,0.000116,32.188663632602406,0.2044989775051154,20.129870129870127,65.69767441860466,
fsb_00344,deepinfra/google/gemma-3-27b-it_step_by_step,14.74,Chicken and Mushroom Rice Bowl,Chicken and Rice,0.8305678491807359,0.2,0.0,0.25,0.3333333333333333,0.33333333333333337,16.577632259176287,,9.1e-05,14.977244517997512,6.952965235173822,24.999999999999996,73.83720930232558,
fsb_00344,deepinfra/google/gemma-3-27b-it_conservative,14.27,Chicken & Mushroom Rice Bowl,Chicken and Rice,0.8139684370579763,0.0,0.0,0.0,0.0,-0.33333333333333326,4.859555402378084,,0.000124,4.468349193214734,8.384458077709613,4.870129870129858,5.813953488372093,
fsb_00344,deepinfra/google/gemma-3-27b-it_confident,10.94,Chicken and Mushroom Rice Bowl,Chicken and Rice,0.8305678491807359,0.2,0.0,0.25,0.3333333333333333,0.33333333333333337,14.837153196622433,,8.9e-05,12.494828299544885,12.474437627811865,22.07792207792208,74.4186046511628,
fsb_00344,deepinfra/google/gemma-3-27b-it_canonical,425.74,,,0.0,0.0,0.0,0.0,0.0,0.0,,"Unexpected Error: Expecting ',' delimiter: line 7 column 16 (char 105)",0.0,,,,,
fsb_00348,deepinfra/mistralai/Mistral-Small-3.2-24B-Instruct-2506_detailed,4.21,Asian-Inspired Meal Prep,Chicken and Shrimp with Vegetables and Fried Rice,0.7184678337746464,0.3333333333333333,0.4,0.42857142857142855,0.6,0.19999999999999996,7.291060694202059,,0.000268,3.279832519190515,30.388692579505296,18.7192118226601,43.19526627218935,
fsb_00348,deepinfra/mistralai/Mistral-Small-3.2-24B-Instruct-2506_step_by_step,1.55,Asian-Inspired Meal Prep,Chicken and Shrimp with Vegetables and Fried Rice,0.7184678337746464,0.375,0.4,0.4615384615384615,0.6,0.4,12.255187124297066,,0.000257,9.048615957199344,19.434628975265007,17.487684729064043,69.23076923076923,
fsb_00348,deepinfra/mistralai/Mistral-Small-3.2-24B-Instruct-2506_conservative,5.66,Asian-Inspired Meal Prep,Chicken and Shrimp with Vegetables and Fried Rice,0.7184678337746464,0.3333333333333333,0.2,0.42857142857142855,0.6,0.19999999999999996,15.35776614310645,,0.000269,12.537799488253077,23.321554770318013,17.487684729064043,68.63905325443787,
fsb_00348,deepinfra/mistralai/Mistral-Small-3.2-24B-Instruct-2506_confident,4.4,Asian-Inspired Meal Prep,Chicken and Shrimp with Vegetables and Fried Rice,0.7184678337746464,0.3333333333333333,0.2,0.42857142857142855,0.6,0.19999999999999996,7.1165406243940215,,0.000268,4.163759013724117,16.96113074204947,16.50246305418718,43.19526627218935,
fsb_00348,deepinfra/mistralai/Mistral-Small-3.2-24B-Instruct-2506_canonical,3.32,Asian-Inspired Meal,Chicken and Shrimp with Vegetables and Fried Rice,0.7589132160382247,0.42857142857142855,0.4,0.5,0.6,0.6,11.692844677137863,,0.000246,7.420330309374268,32.86219081272085,16.7487684729064,72.7810650887574,
fsb_00348,deepinfra/meta-llama/Llama-4-Scout-17B-16E-Instruct_detailed,9.48,"Chinese-Style Chicken, Shrimp, and Vegetable with Rice",Chicken and Shrimp with Vegetables and Fried Rice,0.8828633249799193,0.25,0.4,0.3076923076923077,0.4,0.4,40.4304828388598,,0.000334,32.58897418004188,124.84098939929326,55.788177339901466,61.65680473372781,
fsb_00348,deepinfra/meta-llama/Llama-4-Scout-17B-16E-Instruct_step_by_step,5.55,"Chinese-Style Chicken, Shrimp, and Vegetable with Rice",Chicken and Shrimp with Vegetables and Fried Rice,0.8828633249799193,0.5,0.2,0.4444444444444445,0.4,0.8,18.634865231723875,,0.000292,12.816934170737387,41.34275618374558,47.78325123152709,58.57988165680473,
fsb_00348,deepinfra/meta-llama/Llama-4-Scout-17B-16E-Instruct_conservative,7.06,"Chinese-Style Chicken, Shrimp, and Vegetable with Rice",Chicken and Shrimp with Vegetables and Fried Rice,0.8828633249799193,0.2857142857142857,0.2,0.3333333333333333,0.4,0.6,14.388210199728519,,0.000364,13.235636194463824,3.886925795053008,13.300492610837434,63.905325443786985,
fsb_00348,deepinfra/meta-llama/Llama-4-Scout-17B-16E-Instruct_confident,7.7,"Chinese-Style Chicken, Shrimp, and Vegetable with Rice",Chicken and Shrimp with Vegetables and Fried Rice,0.8828633249799193,0.5,0.2,0.4444444444444445,0.4,0.8,12.817529571456276,,0.000297,7.00162828564783,27.208480565371023,45.32019704433497,58.57988165680473,
fsb_00348,deepinfra/meta-llama/Llama-4-Scout-17B-16E-Instruct_canonical,5.12,chinese food,Chicken and Shrimp with Vegetables and Fried Rice,0.7015930234666937,0.75,0.4,0.6666666666666665,0.6,0.8,23.172387046732588,,0.000283,23.703186787625025,1.0600706713780943,13.300492610837434,70.41420118343194,
fsb_00348,deepinfra/google/gemma-3-27b-it_detailed,10.8,Hibachi Combo,Chicken and Shrimp with Vegetables and Fried Rice,0.6441789178513193,0.8333333333333334,0.0,0.9090909090909091,1.0,0.8,47.411285631180924,,0.000101,44.68481042102815,102.1201413427562,51.47783251231527,15.384615384615374,
fsb_00348,deepinfra/google/gemma-3-27b-it_step_by_step,10.06,Hibachi Combo,Chicken and Shrimp with Vegetables and Fried Rice,0.6441789178513193,1.0,0.2,1.0,1.0,1.0,48.86561954624782,,9e-05,44.68481042102815,126.85512367491168,50.2463054187192,21.301775147928982,
fsb_00348,deepinfra/google/gemma-3-27b-it_conservative,13.01,Hibachi Combo (Conservative Estimate),Chicken and Shrimp with Vegetables and Fried Rice,0.6255062747276474,0.6666666666666666,0.0,0.7272727272727272,0.8,0.8,50.455691293387616,,0.000101,46.08048383344965,120.8480565371025,62.561576354679794,14.792899408284024,
fsb_00348,deepinfra/google/gemma-3-27b-it_confident,6.09,Hibachi Combo,Chicken and Shrimp with Vegetables and Fried Rice,0.6441789178513193,1.0,0.2,1.0,1.0,1.0,59.23986814039169,,7.6e-05,58.17632007443593,133.21554770318022,42.857142857142854,1.7751479289940661,
fsb_00348,deepinfra/google/gemma-3-27b-it_canonical,8.76,Japanese Bento Box,Chicken and Shrimp with Vegetables and Fried Rice,0.538884810785309,0.6,0.4,0.6,0.6,1.0,12.933876284661627,,9.7e-05,5.83856710862992,76.67844522968198,20.68965517241379,68.0473372781065,
fsb_00389,deepinfra/mistralai/Mistral-Small-3.2-24B-Instruct-2506_detailed,4.74,Chicken Pot Pie with Water and Diet Soda,Chicken Pot Pie,0.8440238391865584,0.4444444444444444,0.5,0.5333333333333333,0.6666666666666666,0.5,136.67796610169492,,0.000268,142.13075060532688,89.23512747875355,150.82872928176795,101.72413793103449,
fsb_00389,deepinfra/mistralai/Mistral-Small-3.2-24B-Instruct-2506_step_by_step,2.16,Chicken Pot Pie with Water and Diet Soda,Chicken Pot Pie,0.8440238391865584,0.0,0.0,0.0,0.0,0.5,30.440677966101692,,0.000189,31.826741996233526,27.478753541076493,0.5524861878453117,37.93103448275863,
fsb_00389,deepinfra/mistralai/Mistral-Small-3.2-24B-Instruct-2506_conservative,3.96,Chicken Pot Pie with Water and Diet Soda,Chicken Pot Pie,0.8440238391865584,0.5,0.6666666666666666,0.5714285714285715,0.6666666666666666,0.6666666666666667,31.638418079096052,,0.000236,29.67446865751951,2.8328611898017,112.70718232044197,47.701149425287355,
fsb_00389,deepinfra/mistralai/Mistral-Small-3.2-24B-Instruct-2506_confident,3.27,Chicken Pot Pie with Water and Diet Soda,Chicken Pot Pie,0.8440238391865584,0.5,0.5,0.5714285714285715,0.6666666666666666,0.6666666666666667,123.43502824858759,,0.000238,125.98870056497175,105.66572237960341,149.72375690607734,77.58620689655173,
fsb_00389,deepinfra/mistralai/Mistral-Small-3.2-24B-Instruct-2506_canonical,2.29,Chicken Pot Pie,Chicken Pot Pie,1.000000000000001,0.75,0.5,0.6,0.5,0.6666666666666667,46.91525423728814,,0.000206,46.085552865213884,47.87535410764875,104.97237569060773,2.298850574712656,
fsb_00389,deepinfra/meta-llama/Llama-4-Scout-17B-16E-Instruct_detailed,5.73,Chicken Pot Pie,Chicken Pot Pie,1.000000000000001,0.8333333333333334,0.5,0.8333333333333334,0.8333333333333334,1.0,63.9322033898305,,0.00032,59.26822706483724,109.06515580736544,115.46961325966849,18.390804597701145,
fsb_00389,deepinfra/meta-llama/Llama-4-Scout-17B-16E-Instruct_step_by_step,8.51,Chicken Pot Pie,Chicken Pot Pie,1.000000000000001,0.7142857142857143,0.6666666666666666,0.7692307692307692,0.8333333333333334,0.8333333333333334,38.71186440677966,,0.000333,34.51708366962605,55.807365439093495,104.41988950276242,25.28735632183907,
fsb_00389,deepinfra/meta-llama/Llama-4-Scout-17B-16E-Instruct_conservative,9.27,Chicken Pot Pie,Chicken Pot Pie,1.000000000000001,0.8333333333333334,0.5,0.8333333333333334,0.8333333333333334,1.0,54.93785310734464,,0.000322,52.811407048695195,69.40509915014165,116.02209944751381,7.471264367816076,
fsb_00389,deepinfra/meta-llama/Llama-4-Scout-17B-16E-Instruct_confident,9.44,Chicken Pot Pie,Chicken Pot Pie,1.000000000000001,0.8333333333333334,0.5,0.8333333333333334,0.8333333333333334,1.0,67.45762711864408,,0.000314,62.227602905569015,126.06232294617566,119.33701657458565,6.321839080459759,
fsb_00389,deepinfra/meta-llama/Llama-4-Scout-17B-16E-Instruct_canonical,3.8,Chicken Pot Pie,Chicken Pot Pie,1.000000000000001,1.0,0.6666666666666666,0.8,0.6666666666666666,0.6666666666666667,23.118644067796613,,0.000283,18.644067796610173,38.8101983002833,82.32044198895026,25.28735632183907,
fsb_00389,deepinfra/google/gemma-3-27b-it_detailed,20.99,Chicken and Potato Hash with Gravy,Chicken Pot Pie,0.6880406310356373,0.5555555555555556,0.3333333333333333,0.6666666666666667,0.8333333333333334,0.5,77.37853107344634,,0.000129,76.75544794188862,72.23796033994336,158.0110497237569,17.24137931034483,
fsb_00389,deepinfra/google/gemma-3-27b-it_step_by_step,16.56,Chicken and Potato Hash with Biscuit and Diet Soda,Chicken Pot Pie,0.6456808115188492,0.5555555555555556,0.0,0.6666666666666667,0.8333333333333334,0.5,43.07344632768363,,0.000142,38.01452784503632,47.308781869688396,150.82872928176795,30.459770114942526,
fsb_00389,deepinfra/google/gemma-3-27b-it_conservative,13.99,Chicken and Vegetable Stir-Fry with Rice and a Diet Soda,Chicken Pot Pie,0.6319845007470175,0.3333333333333333,0.0,0.3333333333333333,0.3333333333333333,1.0,46.824858757062145,,0.00011,39.89776701641109,50.14164305949009,185.6353591160221,43.67816091954022,
fsb_00389,deepinfra/google/gemma-3-27b-it_confident,17.8,Chicken and Potato Hash with a Side of Toast & Zero-Calorie Beverage,Chicken Pot Pie,0.5814049730714351,0.4444444444444444,0.5,0.5333333333333333,0.6666666666666666,0.5,73.80790960451978,,0.000141,65.45601291364004,136.54390934844193,148.06629834254142,47.701149425287355,
fsb_00389,deepinfra/google/gemma-3-27b-it_canonical,8.87,Chicken & Potato Hash with Biscuit,Chicken Pot Pie,0.6784062144880778,0.75,0.5,0.6,0.5,0.6666666666666667,18.84745762711865,,8.7e-05,11.918213613128872,35.9773371104816,139.22651933701653,6.896551724137928,
fsb_00429,deepinfra/mistralai/Mistral-Small-3.2-24B-Instruct-2506_detailed,4.2,Chicken Stir Fry with Cauliflower Rice and Steamed Broccoli,Chicken Stir-Fry with Cottage Cheese and Broccoli,0.9007654999920898,0.4444444444444444,0.4,0.5714285714285714,0.8,0.19999999999999996,30.99389712292937,,0.000266,28.510200582890445,86.95652173913044,38.424437299035375,41.98717948717948,
fsb_00429,deepinfra/mistralai/Mistral-Small-3.2-24B-Instruct-2506_step_by_step,3.08,Chicken Stir Fry with Cauliflower Rice and Broccoli,Chicken Stir-Fry with Cottage Cheese and Broccoli,0.9119997523715602,0.5,0.2,0.5454545454545454,0.6,0.8,50.929962220284786,,0.000232,51.31150351448653,32.17391304347825,41.4790996784566,69.55128205128204,
fsb_00429,deepinfra/mistralai/Mistral-Small-3.2-24B-Instruct-2506_conservative,4.41,Chicken Stir Fry with Cauliflower Rice and Broccoli,Chicken Stir-Fry with Cottage Cheese and Broccoli,0.9119997523715602,0.6,0.2,0.6,0.6,1.0,60.52746294681778,,0.000218,62.11212069261101,0.0,43.971061093247584,86.21794871794872,
fsb_00429,deepinfra/mistralai/Mistral-Small-3.2-24B-Instruct-2506_confident,2.51,Chicken Stir Fry with Cauliflower Rice and Broccoli,Chicken Stir-Fry with Cottage Cheese and Broccoli,0.9119997523715602,0.6,0.2,0.6,0.6,1.0,52.13600697471664,,0.000216,49.597119835419164,152.17391304347828,40.83601286173634,85.25641025641026,
fsb_00429,deepinfra/mistralai/Mistral-Small-3.2-24B-Instruct-2506_canonical,2.88,Chicken with Vegetables and Mashed Potatoes,Chicken Stir-Fry with Cottage Cheese and Broccoli,0.7614835862584088,0.6,0.6,0.6,0.6,1.0,47.32635861668118,,0.00022,42.56814675124293,221.73913043478262,40.19292604501607,86.21794871794872,
fsb_00429,deepinfra/meta-llama/Llama-4-Scout-17B-16E-Instruct_detailed,4.62,"Chicken, Broccoli, and Cottage Cheese",Chicken Stir-Fry with Cottage Cheese and Broccoli,0.8777256827977832,0.75,0.2,0.6666666666666665,0.6,0.8,54.954954954954935,,0.000283,54.56883250471455,82.6086956521739,35.69131832797428,90.38461538461539,
fsb_00429,deepinfra/meta-llama/Llama-4-Scout-17B-16E-Instruct_step_by_step,11.35,"Chicken, Broccoli, and Cottage Cheese",Chicken Stir-Fry with Cottage Cheese and Broccoli,0.8777256827977832,1.0,0.2,0.7499999999999999,0.6,0.6,50.886370241208944,,0.00026,52.16869535402022,0.8695652173913012,29.903536977491964,87.17948717948718,
fsb_00429,deepinfra/meta-llama/Llama-4-Scout-17B-16E-Instruct_conservative,4.37,"Chicken, Broccoli, and Cottage Cheese",Chicken Stir-Fry with Cottage Cheese and Broccoli,0.8777256827977832,1.0,0.4,0.7499999999999999,0.6,0.6,36.66085440278988,,0.000268,37.4249957140408,13.043478260869565,9.324758842443725,85.57692307692307,
fsb_00429,deepinfra/meta-llama/Llama-4-Scout-17B-16E-Instruct_confident,6.94,Chicken and Vegetable Medley with Cottage Cheese and Broccoli,Chicken Stir-Fry with Cottage Cheese and Broccoli,0.8897000431045483,1.0,0.6,0.888888888888889,0.8,0.8,24.048241790177265,,0.000297,20.966912394993994,100.0,11.575562700964634,78.52564102564102,
fsb_00429,deepinfra/meta-llama/Llama-4-Scout-17B-16E-Instruct_canonical,-0.41,"Chicken, Broccoli, and Cottage Cheese",Chicken Stir-Fry with Cottage Cheese and Broccoli,0.8777256827977832,1.0,0.6,0.7499999999999999,0.6,0.6,31.56059285091542,,0.000268,31.424652837304983,13.043478260869565,6.752411575562705,90.38461538461539,
fsb_00429,deepinfra/google/gemma-3-27b-it_detailed,15.15,Pork with Green Beans and Broccoli with Cottage Cheese,Chicken Stir-Fry with Cottage Cheese and Broccoli,0.8210459147920317,0.3333333333333333,0.6,0.42857142857142855,0.6,0.19999999999999996,17.61115954664341,,0.000124,15.995199725698605,91.30434782608695,9.967845659163991,35.8974358974359,
fsb_00429,deepinfra/google/gemma-3-27b-it_step_by_step,5.96,Chicken and Vegetable Meal,Chicken Stir-Fry with Cottage Cheese and Broccoli,0.7830611625451278,0.3333333333333333,0.0,0.25,0.2,0.6,16.36152281313571,,7e-05,4.851705811760665,430.4347826086956,32.47588424437299,46.79487179487179,
fsb_00429,deepinfra/google/gemma-3-27b-it_conservative,17.43,Pork with Green Beans & Broccoli with Cottage Cheese,Chicken Stir-Fry with Cottage Cheese and Broccoli,0.8258005472179472,0.375,0.6,0.4615384615384615,0.6,0.4,22.871258355129314,,0.000129,22.166980970341157,100.0,2.733118971061098,47.756410256410255,
fsb_00429,deepinfra/google/gemma-3-27b-it_confident,10.96,"Pork with Green Beans, Broccoli, and Cottage Cheese",Chicken Stir-Fry with Cottage Cheese and Broccoli,0.8018897322065023,0.5,0.6,0.5454545454545454,0.6,0.8,31.99651264167392,,9.5e-05,31.424652837304983,56.52173913043478,22.829581993569136,51.92307692307693,
fsb_00429,deepinfra/google/gemma-3-27b-it_canonical,8.35,Protein & Vegetable Plate,Chicken Stir-Fry with Cottage Cheese and Broccoli,0.6300892434867018,1.0,0.8,0.888888888888889,0.8,0.8,38.75326939843068,,8.8e-05,39.31081776101491,56.52173913043478,13.50482315112541,72.11538461538461,
fsb_00432,deepinfra/mistralai/Mistral-Small-3.2-24B-Instruct-2506_detailed,4.51,Chicken and Vegetable Stir-Fry,Chicken Stir-Fry with Vegetables,0.9513689922313561,0.5555555555555556,0.8,0.7142857142857143,1.0,0.19999999999999996,60.693848354792564,,0.000267,58.22784810126582,96.80851063829786,107.89473684210526,14.788732394366209,
fsb_00432,deepinfra/mistralai/Mistral-Small-3.2-24B-Instruct-2506_step_by_step,2.08,Chicken and Vegetable Stir Fry,Chicken Stir-Fry with Vegetables,0.9345750375661601,0.7142857142857143,0.8,0.8333333333333333,1.0,0.6,37.33905579399141,,0.000247,32.48945147679325,51.06382978723403,104.21052631578947,19.71830985915492,
fsb_00432,deepinfra/mistralai/Mistral-Small-3.2-24B-Instruct-2506_conservative,4.23,Chicken and Vegetable Stir Fry,Chicken Stir-Fry with Vegetables,0.9345750375661601,0.625,0.8,0.7692307692307693,1.0,0.4,48.712446351931334,,0.000258,44.72573839662447,73.40425531914893,108.42105263157895,19.01408450704225,
fsb_00432,deepinfra/mistralai/Mistral-Small-3.2-24B-Instruct-2506_confident,3.51,Chicken and Vegetable Stir-Fry,Chicken Stir-Fry with Vegetables,0.9513689922313561,0.7142857142857143,0.8,0.8333333333333333,1.0,0.6,85.83690987124464,,0.00024,83.12236286919831,128.72340425531914,136.8421052631579,34.50704225352114,
fsb_00432,deepinfra/mistralai/Mistral-Small-3.2-24B-Instruct-2506_canonical,3.21,Chicken and Vegetable Stir-Fry,Chicken Stir-Fry with Vegetables,0.9513689922313561,0.8,0.8,0.8000000000000002,0.8,1.0,30.829756795422043,,0.000221,21.09704641350211,80.85106382978722,114.2105263157895,48.59154929577464,
fsb_00432,deepinfra/meta-llama/Llama-4-Scout-17B-16E-Instruct_detailed,5.39,Chicken and Vegetable Stir-Fry,Chicken Stir-Fry with Vegetables,0.9513689922313561,1.0,0.6,0.888888888888889,0.8,0.8,52.539341917024316,,0.000287,43.459915611814345,134.04255319148933,124.21052631578948,54.22535211267605,
fsb_00432,deepinfra/meta-llama/Llama-4-Scout-17B-16E-Instruct_step_by_step,4.55,Chicken and Vegetable Stir-Fry,Chicken Stir-Fry with Vegetables,0.9513689922313561,1.0,0.4,0.888888888888889,0.8,0.8,31.08011444921317,,0.000275,20.253164556962027,134.04255319148933,97.89473684210527,54.22535211267605,
fsb_00432,deepinfra/meta-llama/Llama-4-Scout-17B-16E-Instruct_conservative,6.89,Chicken and Vegetable Stir-Fry,Chicken Stir-Fry with Vegetables,0.9513689922313561,1.0,0.4,0.888888888888889,0.8,0.8,51.07296137339057,,0.000289,42.19409282700422,124.46808510638299,122.10526315789477,55.633802816901415,
fsb_00432,deepinfra/meta-llama/Llama-4-Scout-17B-16E-Instruct_confident,5.46,Chicken and Vegetable Stir-Fry,Chicken Stir-Fry with Vegetables,0.9513689922313561,1.0,0.6,0.888888888888889,0.8,0.8,52.64663805436338,,0.000279,43.459915611814345,134.04255319148933,124.21052631578948,56.33802816901407,
fsb_00432,deepinfra/meta-llama/Llama-4-Scout-17B-16E-Instruct_canonical,4.22,Chicken and Vegetable Stir-Fry,Chicken Stir-Fry with Vegetables,0.9513689922313561,0.75,0.6,0.6666666666666665,0.6,0.8,25.321888412017167,,0.00027,11.814345991561181,123.40425531914893,105.26315789473684,78.87323943661971,
fsb_00432,deepinfra/google/gemma-3-27b-it_detailed,16.11,Chicken and Vegetable Stir-Fry,Chicken Stir-Fry with Vegetables,0.9513689922313561,0.4,0.0,0.5333333333333333,0.8,0.0,88.30472103004293,,0.00014,82.15189873417721,191.48936170212764,178.42105263157896,2.112676056338021,
fsb_00432,deepinfra/google/gemma-3-27b-it_step_by_step,10.93,Chicken and Vegetable Stir-Fry,Chicken Stir-Fry with Vegetables,0.9513689922313561,0.5714285714285714,0.0,0.6666666666666666,0.8,0.6,74.2489270386266,,0.00011,68.77637130801688,176.59574468085106,145.26315789473685,2.8169014084506943,
fsb_00432,deepinfra/google/gemma-3-27b-it_conservative,15.13,Chicken & Vegetable Stir-Fry,Chicken Stir-Fry with Vegetables,0.9362111402792739,0.5,0.0,0.6153846153846154,0.8,0.4,74.964234620887,,0.000132,70.042194092827,126.59574468085107,163.1578947368421,4.929577464788728,
fsb_00432,deepinfra/google/gemma-3-27b-it_confident,11.24,Chicken and Vegetable Stir-Fry with Edamame,Chicken Stir-Fry with Vegetables,0.8910291933491115,0.4444444444444444,0.4,0.5714285714285714,0.8,0.19999999999999996,89.34191702432047,,0.000128,83.12236286919831,170.21276595744678,178.42105263157896,20.422535211267622,
fsb_00432,deepinfra/google/gemma-3-27b-it_canonical,7.58,Chicken & Vegetable Stir-fry,Chicken Stir-Fry with Vegetables,0.9362111402792739,1.0,0.8,0.888888888888889,0.8,0.8,39.30615164520744,,9e-05,31.265822784810137,86.17021276595744,118.94736842105264,35.91549295774647,
fsb_00459,deepinfra/mistralai/Mistral-Small-3.2-24B-Instruct-2506_detailed,4.79,"Chicken with Cheese Sauce, Steamed Vegetables, and Coleslaw",Chicken Vegetable Salad,0.7383459901486504,0.125,0.5,0.16666666666666666,0.25,0.0,209.9273607748184,,0.000258,235.20599250936328,80.26905829596413,19.17808219178082,884.7826086956521,
fsb_00459,deepinfra/mistralai/Mistral-Small-3.2-24B-Instruct-2506_step_by_step,3.96,"Chicken with Cheese Sauce, Steamed Vegetables, Coleslaw, and Water",Chicken Vegetable Salad,0.7332121991585566,0.14285714285714285,0.5,0.18181818181818182,0.25,0.25,148.36561743341403,,0.000249,162.17228464419475,50.672645739910315,15.890410958904102,871.7391304347827,
fsb_00459,deepinfra/mistralai/Mistral-Small-3.2-24B-Instruct-2506_conservative,3.43,"Chicken with Cheese Sauce, Vegetables, and Coleslaw",Chicken Vegetable Salad,0.756804920726948,0.16666666666666666,0.25,0.2,0.25,0.5,102.14891041162227,,0.000233,112.73408239700376,6.27802690582959,8.21917808219178,697.8260869565219,
fsb_00459,deepinfra/mistralai/Mistral-Small-3.2-24B-Instruct-2506_confident,3.73,"Chicken with Cheese Sauce, Steamed Vegetables, and Coleslaw",Chicken Vegetable Salad,0.7383459901486504,0.16666666666666666,0.25,0.2,0.25,0.5,159.44309927360777,,0.000233,178.65168539325842,16.143497757847523,19.999999999999993,845.6521739130435,
fsb_00459,deepinfra/mistralai/Mistral-Small-3.2-24B-Instruct-2506_canonical,2.35,"Chicken, Vegetables, and Coleslaw",Chicken Vegetable Salad,0.7485565828094017,0.25,0.0,0.25,0.25,1.0,10.956416464891038,,0.000204,6.367041198501873,32.73542600896861,23.28767123287671,73.91304347826089,
fsb_00459,deepinfra/meta-llama/Llama-4-Scout-17B-16E-Instruct_detailed,4.95,Grilled Chicken with Mixed Vegetables and Coleslaw,Chicken Vegetable Salad,0.7548015306920987,0.16666666666666666,0.5,0.2,0.25,0.5,40.43583535108959,,0.000301,42.32209737827715,56.95067264573991,3.0136986301369904,147.82608695652178,
fsb_00459,deepinfra/meta-llama/Llama-4-Scout-17B-16E-Instruct_step_by_step,5.46,"Chicken, Vegetable Medley, and Coleslaw",Chicken Vegetable Salad,0.7530746444328742,0.2,0.25,0.22222222222222224,0.25,0.75,50.060532687651325,,0.000292,53.558052434456926,43.946188340807176,4.10958904109589,241.30434782608697,
fsb_00459,deepinfra/meta-llama/Llama-4-Scout-17B-16E-Instruct_conservative,7.64,"Chicken, Vegetable Medley, and Coleslaw",Chicken Vegetable Salad,0.7530746444328742,0.3333333333333333,0.0,0.4,0.5,0.5,53.05690072639224,,0.000329,52.80898876404494,80.26905829596413,21.369863013698623,186.95652173913044,
fsb_00459,deepinfra/meta-llama/Llama-4-Scout-17B-16E-Instruct_confident,8.37,Grilled Chicken with Mixed Vegetables and Coleslaw,Chicken Vegetable Salad,0.7548015306920987,0.16666666666666666,0.5,0.2,0.25,0.5,31.174334140435832,,0.000333,33.33333333333333,13.452914798206278,5.2054794520547905,197.82608695652175,
fsb_00459,deepinfra/meta-llama/Llama-4-Scout-17B-16E-Instruct_canonical,6.39,"Chicken, Vegetables, and Coleslaw",Chicken Vegetable Salad,0.7485565828094017,0.2,0.0,0.22222222222222224,0.25,0.75,47.39709443099273,,0.0003,49.812734082397,70.40358744394618,6.8493150684931505,117.3913043478261,
fsb_00459,deepinfra/google/gemma-3-27b-it_detailed,11.31,Baked Chicken with Roasted Vegetables and Coleslaw,Chicken Vegetable Salad,0.7356549073050938,0.2222222222222222,0.25,0.30769230769230765,0.5,-0.25,175.36319612590796,,0.00013,194.75655430711612,82.51121076233184,36.164383561643845,604.3478260869565,
fsb_00459,deepinfra/google/gemma-3-27b-it_step_by_step,8.72,Baked Chicken with Roasted Vegetables and Coleslaw,Chicken Vegetable Salad,0.7356549073050938,0.16666666666666666,0.25,0.2,0.25,0.5,92.49394673123487,,0.000101,97.00374531835206,146.63677130044843,7.12328767123288,245.6521739130435,
fsb_00459,deepinfra/google/gemma-3-27b-it_conservative,9.85,Baked Chicken & Veggie Plate with Side Salad,Chicken Vegetable Salad,0.8248276576662452,0.5,0.25,0.6,0.75,0.5,95.39951573849878,,9.8e-05,100.374531835206,106.27802690582959,6.027397260273981,463.0434782608695,
fsb_00459,deepinfra/google/gemma-3-27b-it_confident,7.09,Baked Chicken with Roasted Vegetables and Coleslaw,Chicken Vegetable Salad,0.7356549073050938,0.16666666666666666,0.25,0.2,0.25,0.5,81.50726392251816,,8.3e-05,87.26591760299625,34.529147982062774,10.95890410958904,534.7826086956522,
fsb_00459,deepinfra/google/gemma-3-27b-it_canonical,11.28,Chicken & Vegetable Plate,Chicken Vegetable Salad,0.7490771239442081,0.2,0.0,0.22222222222222224,0.25,0.75,40.40556900726392,,9.8e-05,44.19475655430712,3.139013452914795,15.616438356164391,197.82608695652175,
fsb_00517,deepinfra/mistralai/Mistral-Small-3.2-24B-Instruct-2506_detailed,3.65,Coconut Cake,Cornbread,0.5432464671867859,0.625,0.16666666666666666,0.7142857142857143,0.8333333333333334,0.6666666666666667,298.17530140110784,,0.000181,300.5218525766471,290.05736137667304,158.4269662921348,346.54088050314465,
fsb_00517,deepinfra/mistralai/Mistral-Small-3.2-24B-Instruct-2506_step_by_step,3.24,Coconut Cake,Cornbread,0.5432464671867859,0.625,0.3333333333333333,0.7142857142857143,0.8333333333333334,0.6666666666666667,294.482458998588,,0.000182,298.69536855838226,274.76099426386236,152.80898876404493,337.1069182389937,
fsb_00517,deepinfra/mistralai/Mistral-Small-3.2-24B-Instruct-2506_conservative,3.17,Coconut Cake,Cornbread,0.5432464671867859,0.625,0.3333333333333333,0.7142857142857143,0.8333333333333334,0.6666666666666667,295.3513630932986,,0.00018,298.69536855838226,282.40917782026764,152.80898876404493,337.1069182389937,
fsb_00517,deepinfra/mistralai/Mistral-Small-3.2-24B-Instruct-2506_confident,2.93,Coconut Cake,Cornbread,0.5432464671867859,0.625,0.3333333333333333,0.7142857142857143,0.8333333333333334,0.6666666666666667,304.9093081351146,,0.00018,309.26288323548596,292.92543021032503,152.80898876404493,324.52830188679246,
fsb_00517,deepinfra/mistralai/Mistral-Small-3.2-24B-Instruct-2506_canonical,0.1,Coconut Cake,Cornbread,0.5432464671867859,0.75,0.5,0.6,0.5,0.6666666666666667,271.1306614532421,,0.000134,273.7769080234834,283.3652007648184,1.1235955056179736,318.23899371069183,
fsb_00517,deepinfra/meta-llama/Llama-4-Scout-17B-16E-Instruct_detailed,10.7,Coconut Macaroons,Cornbread,0.5104577604653802,0.3333333333333333,0.16666666666666666,0.3333333333333333,0.3333333333333333,1.0,64.4020853698273,,0.000241,65.42726679712982,57.69598470363289,43.82022471910113,73.27044025157234,
fsb_00517,deepinfra/meta-llama/Llama-4-Scout-17B-16E-Instruct_step_by_step,4.4,Coconut Macaroons,Cornbread,0.5104577604653802,0.0,0.0,0.0,0.0,0.16666666666666663,84.5769523188878,,0.000149,84.34442270058709,88.52772466539197,88.76404494382022,74.8427672955975,
fsb_00517,deepinfra/meta-llama/Llama-4-Scout-17B-16E-Instruct_conservative,14.19,Coconut Macaroons,Cornbread,0.5104577604653802,0.5,0.16666666666666666,0.4,0.3333333333333333,0.6666666666666667,42.01694362984686,,0.00021,38.030006523157205,72.99235181644359,74.15730337078651,18.238993710691826,
fsb_00517,deepinfra/meta-llama/Llama-4-Scout-17B-16E-Instruct_confident,5.47,Coconut Macaroon,Cornbread,0.516750467408728,0.5,0.16666666666666666,0.4,0.3333333333333333,0.6666666666666667,28.923645052677315,,0.000206,27.85388127853881,36.32887189292543,34.26966292134832,27.358490566037734,
fsb_00517,deepinfra/meta-llama/Llama-4-Scout-17B-16E-Instruct_canonical,3.23,Coconut Macaroon,Cornbread,0.516750467408728,0.0,0.0,0.0,0.0,0.33333333333333337,50.99380905832519,,0.000167,47.162426614481404,85.65965583173995,76.96629213483146,14.779874213836475,
fsb_00517,deepinfra/google/gemma-3-27b-it_detailed,15.12,Lemon Poppy Seed Muffin (Estimated),Cornbread,0.5694412302583158,0.45454545454545453,0.0,0.5882352941176471,0.8333333333333334,0.16666666666666663,16.389703486477682,,0.000145,17.15590345727332,7.074569789674958,11.797752808988772,31.132075471698116,
fsb_00517,deepinfra/google/gemma-3-27b-it_step_by_step,13.71,Lemon Poppy Seed Muffin,Cornbread,0.5843551646225598,0.5,0.6666666666666666,0.625,0.8333333333333334,0.33333333333333337,42.99446073639623,,0.000137,43.90084801043705,46.41491395793499,23.595505617977533,20.75471698113208,
fsb_00517,deepinfra/google/gemma-3-27b-it_conservative,15.85,Lemon Poppy Seed Muffin (Estimated),Cornbread,0.5694412302583158,0.5,0.0,0.625,0.8333333333333334,0.33333333333333337,25.54578038449006,,0.000134,24.853228962818,32.02676864244742,35.3932584269663,15.408805031446548,
fsb_00517,deepinfra/google/gemma-3-27b-it_confident,11.41,Lemon Poppy Seed Muffin,Cornbread,0.5843551646225598,0.5,0.5,0.625,0.8333333333333334,0.33333333333333337,12.04518301292495,,0.000132,12.459230267449446,4.493307839388148,18.539325842696634,23.27044025157233,
fsb_00517,deepinfra/google/gemma-3-27b-it_canonical,383.22,,,0.0,0.0,0.0,0.0,0.0,0.0,,"Unexpected Error: Expecting ',' delimiter: line 7 column 24 (char 126)",0.0,,,,,
fsb_00558,deepinfra/mistralai/Mistral-Small-3.2-24B-Instruct-2506_detailed,2.21,BLT Sandwich,Deli Sandwich,0.7191613355309839,0.8,0.8,0.8000000000000002,0.8,1.0,17.277082367485715,,0.000201,12.18245874281477,30.962343096234306,47.89081885856079,60.913705583756354,
fsb_00558,deepinfra/mistralai/Mistral-Small-3.2-24B-Instruct-2506_step_by_step,2.66,BLT Sandwich,Deli Sandwich,0.7191613355309839,0.8,0.8,0.8000000000000002,0.8,1.0,17.81795703909752,,0.000215,12.924160949378836,28.870292887029287,47.89081885856079,63.451776649746215,
fsb_00558,deepinfra/mistralai/Mistral-Small-3.2-24B-Instruct-2506_conservative,2.16,"Bacon, Lettuce, and Tomato Sandwich (BLT)",Deli Sandwich,0.6781045620056334,0.75,0.4,0.6666666666666665,0.6,0.8,62.28249111420183,,0.000196,61.80233636195067,62.97071129707113,73.32506203473945,51.16751269035533,
fsb_00558,deepinfra/mistralai/Mistral-Small-3.2-24B-Instruct-2506_confident,2.34,BLT Sandwich,Deli Sandwich,0.7191613355309839,0.8,0.8,0.8000000000000002,0.8,1.0,17.83341060114357,,0.000213,13.109586501019852,23.640167364016733,51.61290322580645,63.959390862944154,
fsb_00558,deepinfra/mistralai/Mistral-Small-3.2-24B-Instruct-2506_canonical,-0.05,Bacon and Lettuce Sandwich,Deli Sandwich,0.7135104423590813,0.6666666666666666,0.4,0.5,0.4,0.6,43.47859681656622,,0.000193,41.77637678472093,36.19246861924686,69.60297766749379,54.314720812182735,
fsb_00558,deepinfra/meta-llama/Llama-4-Scout-17B-16E-Instruct_detailed,11.99,Italian Sub Sandwich,Deli Sandwich,0.7367676114714721,0.5,0.6,0.6153846153846154,0.8,0.4,34.8477824138464,,0.000346,33.87724828481366,28.870292887029287,14.143920595533507,118.27411167512692,
fsb_00558,deepinfra/meta-llama/Llama-4-Scout-17B-16E-Instruct_step_by_step,8.12,Italian Sub Sandwich,Deli Sandwich,0.7367676114714721,0.42857142857142855,0.4,0.5,0.6,0.6,15.005408746716112,,0.000335,14.704246245132572,26.778242677824267,0.7444168734491244,23.857868020304565,
fsb_00558,deepinfra/meta-llama/Llama-4-Scout-17B-16E-Instruct_conservative,11.03,Italian Sub,Deli Sandwich,0.5452146341896531,0.42857142857142855,0.6,0.5,0.6,0.6,192.22685829083608,,0.000331,181.84683849434455,418.8284518828452,78.66004962779158,158.88324873096445,
fsb_00558,deepinfra/meta-llama/Llama-4-Scout-17B-16E-Instruct_confident,7.63,Italian Sub Sandwich,Deli Sandwich,0.7367676114714721,0.3333333333333333,0.4,0.3636363636363636,0.4,0.8,192.22685829083608,,0.000318,191.4889671796774,416.73640167364016,19.10669975186105,21.827411167512693,
fsb_00558,deepinfra/meta-llama/Llama-4-Scout-17B-16E-Instruct_canonical,9.25,Sub sandwich,Deli Sandwich,0.778264817776619,0.75,0.6,0.6666666666666665,0.6,0.8,10.029361767887506,,0.000285,5.692564435379204,23.430962343096244,35.48387096774193,44.16243654822335,
fsb_00558,deepinfra/google/gemma-3-27b-it_detailed,23.11,Italian Sub Sandwich,Deli Sandwich,0.7367676114714721,0.4,0.8,0.5333333333333333,0.8,0.0,57.780868490187,,0.000143,60.02225106619693,31.799163179916324,42.679900744416884,90.35532994923858,
fsb_00558,deepinfra/google/gemma-3-27b-it_step_by_step,15.27,Italian Sub Sandwich,Deli Sandwich,0.7367676114714721,0.375,0.6,0.4615384615384615,0.6,0.4,62.41693710400249,,0.00012,64.47246430558133,38.075313807531394,59.05707196029777,72.08121827411166,
fsb_00558,deepinfra/google/gemma-3-27b-it_conservative,19.07,Italian Sub Sandwich,Deli Sandwich,0.7367676114714721,0.4444444444444444,0.8,0.5714285714285714,0.8,0.19999999999999996,46.68521094112194,,0.000147,48.52586686445394,8.786610878661094,39.70223325062035,102.53807106598984,
fsb_00558,deepinfra/google/gemma-3-27b-it_confident,15.97,Italian Sub Sandwich,Deli Sandwich,0.7367676114714721,0.375,0.6,0.4615384615384615,0.6,0.4,33.3796940194715,,0.000122,31.83756721676248,24.058577405857744,33.25062034739455,98.47715736040611,
fsb_00558,deepinfra/google/gemma-3-27b-it_canonical,8.95,Sandwich,Deli Sandwich,0.7952023562483249,0.75,0.6,0.6666666666666665,0.6,0.8,19.116056250965844,,8.6e-05,19.339885036157973,8.786610878661094,13.151364764267983,50.25380710659898,
fsb_00574,deepinfra/mistralai/Mistral-Small-3.2-24B-Instruct-2506_detailed,2.46,Cheese Quesadilla,Egg and Cheese Flatbread,0.6652515769048621,0.5,0.5,0.5,0.5,1.0,50.01682935038707,,0.000201,50.24975024975025,25.33936651583711,23.076923076923077,121.27659574468086,
fsb_00574,deepinfra/mistralai/Mistral-Small-3.2-24B-Instruct-2506_step_by_step,3.47,Cheese Quesadilla,Egg and Cheese Flatbread,0.6652515769048621,0.6666666666666666,0.5,0.5714285714285715,0.5,0.75,38.26825984516998,,0.000195,36.663336663336665,31.176470588235293,15.730769230769232,110.72340425531917,
fsb_00574,deepinfra/mistralai/Mistral-Small-3.2-24B-Instruct-2506_conservative,1.92,Cheese Quesadilla,Egg and Cheese Flatbread,0.6652515769048621,0.6666666666666666,0.5,0.5714285714285715,0.5,0.75,25.614271289128236,,0.000189,19.88011988011988,57.01357466063348,19.230769230769234,95.74468085106383,
fsb_00574,deepinfra/mistralai/Mistral-Small-3.2-24B-Instruct-2506_confident,2.46,Cheese Quesadilla,Egg and Cheese Flatbread,0.6652515769048621,0.5,0.5,0.5,0.5,1.0,26.79232581622349,,0.000201,21.878121878121878,54.75113122171946,11.538461538461538,95.74468085106383,
fsb_00574,deepinfra/mistralai/Mistral-Small-3.2-24B-Instruct-2506_canonical,1.89,Egg Wrap,Egg and Cheese Flatbread,0.662726168907096,0.6666666666666666,0.25,0.5714285714285715,0.5,0.75,16.374957926624035,,0.000192,16.083916083916083,28.959276018099555,11.538461538461538,4.25531914893617,
fsb_00574,deepinfra/meta-llama/Llama-4-Scout-17B-16E-Instruct_detailed,5.44,Cheesy Quesadilla,Egg and Cheese Flatbread,0.5603824502528854,0.3333333333333333,0.25,0.28571428571428575,0.25,0.75,32.17771794008751,,0.000268,31.06893106893107,61.53846153846154,23.076923076923077,10.638297872340425,
fsb_00574,deepinfra/meta-llama/Llama-4-Scout-17B-16E-Instruct_step_by_step,4.48,Cheesy Quesadilla,Egg and Cheese Flatbread,0.5603824502528854,0.3333333333333333,0.0,0.28571428571428575,0.25,0.75,2.5580612588354095,,0.000267,1.898101898101898,9.502262443438921,0.0,6.382978723404255,
fsb_00574,deepinfra/meta-llama/Llama-4-Scout-17B-16E-Instruct_conservative,11.38,Cheesy Quesadilla,Egg and Cheese Flatbread,0.5603824502528854,0.3333333333333333,0.0,0.28571428571428575,0.25,0.75,22.080107707842473,,0.000265,21.078921078921077,38.91402714932127,23.076923076923077,10.638297872340425,
fsb_00574,deepinfra/meta-llama/Llama-4-Scout-17B-16E-Instruct_confident,7.36,Cheesy Quesadilla,Egg and Cheese Flatbread,0.5603824502528854,0.3333333333333333,0.25,0.28571428571428575,0.25,0.75,31.841130932346008,,0.000275,31.06893106893107,61.53846153846154,15.384615384615385,10.638297872340425,
fsb_00574,deepinfra/meta-llama/Llama-4-Scout-17B-16E-Instruct_canonical,6.13,Cheese Quesadilla,Egg and Cheese Flatbread,0.6652515769048621,0.6666666666666666,0.25,0.5714285714285715,0.5,0.75,21.575227196230223,,0.000274,21.078921078921077,36.651583710407245,15.384615384615385,10.638297872340425,
fsb_00574,deepinfra/google/gemma-3-27b-it_detailed,9.39,Paratha with Egg,Egg and Cheese Flatbread,0.7085786050567321,0.3333333333333333,0.25,0.4,0.5,0.5,7.034668461797374,,0.000101,6.093906093906094,4.072398190045242,30.76923076923077,6.382978723404255,
fsb_00574,deepinfra/google/gemma-3-27b-it_step_by_step,9.23,Breakfast Quesadilla,Egg and Cheese Flatbread,0.6318581518416841,0.75,0.5,0.75,0.75,1.0,13.24469875462807,,8.6e-05,11.08891108891109,38.91402714932127,11.538461538461538,12.76595744680851,
fsb_00574,deepinfra/google/gemma-3-27b-it_conservative,13.42,Simple Egg & Flatbread Breakfast,Egg and Cheese Flatbread,0.8465926034849756,0.6,0.25,0.6666666666666665,0.75,0.75,32.37125546953887,,9.8e-05,32.06793206793207,40.610859728506796,38.46153846153847,16.59574468085106,
fsb_00574,deepinfra/google/gemma-3-27b-it_confident,7.71,Egg and Cheese Quesadilla,Egg and Cheese Flatbread,0.7679030349300711,0.75,0.5,0.75,0.75,1.0,13.24469875462807,,8.3e-05,11.08891108891109,38.91402714932127,11.538461538461538,12.76595744680851,
fsb_00574,deepinfra/google/gemma-3-27b-it_canonical,5.98,Egg and Flatbread,Egg and Cheese Flatbread,0.9384815842966119,1.0,0.5,0.6666666666666666,0.5,0.5,19.320094244362167,,6.4e-05,18.081918081918083,15.384615384615378,23.076923076923077,48.93617021276596,
fsb_00603,deepinfra/mistralai/Mistral-Small-3.2-24B-Instruct-2506_detailed,2.04,Pasta with Tomato Sauce and Parmesan Cheese,Fettuccine with Tomato Cream Sauce,0.806744889203977,0.75,0.6,0.6666666666666665,0.6,0.8,35.01348024850545,,0.000194,33.232794077323824,35.62386980108499,3.0927835051546464,73.46938775510205,
fsb_00603,deepinfra/mistralai/Mistral-Small-3.2-24B-Instruct-2506_step_by_step,2.0,Pasta with Tomato Sauce and Parmesan Cheese,Fettuccine with Tomato Cream Sauce,0.806744889203977,0.6666666666666666,0.4,0.5,0.4,0.6,32.96213808463252,,0.000195,27.47463668768851,66.00361663652802,19.587628865979386,82.6530612244898,
fsb_00603,deepinfra/mistralai/Mistral-Small-3.2-24B-Instruct-2506_conservative,1.74,Chicken Fettuccine Alfredo,Fettuccine with Tomato Cream Sauce,0.784736787542248,0.75,0.4,0.6666666666666665,0.6,0.8,19.083343101629357,,0.000193,14.751850836303815,24.773960216998198,147.42268041237114,26.3265306122449,
fsb_00603,deepinfra/mistralai/Mistral-Small-3.2-24B-Instruct-2506_confident,2.22,Pasta with Tomato Sauce and Parmesan,Fettuccine with Tomato Cream Sauce,0.8052276626117572,0.75,0.6,0.6666666666666665,0.6,0.8,21.251904817723595,,0.000204,14.724431039210305,66.72694394213383,28.865979381443307,64.08163265306122,
fsb_00603,deepinfra/mistralai/Mistral-Small-3.2-24B-Instruct-2506_canonical,1.82,Pasta with Tomato Sauce and Cheese,Fettuccine with Tomato Cream Sauce,0.8235153332758953,0.6666666666666666,0.2,0.5,0.4,0.6,39.52643300902591,,0.000194,37.20866465588155,43.7613019891501,3.0927835051546464,83.6734693877551,
fsb_00603,deepinfra/meta-llama/Llama-4-Scout-17B-16E-Instruct_detailed,8.62,Creamy Tomato Fettuccine with Chicken and Parmesan,Fettuccine with Tomato Cream Sauce,0.8786248091716586,0.6666666666666666,0.8,0.7272727272727272,0.8,0.8,140.9565115461259,,0.000329,130.18919659994518,350.0542495479204,304.74226804123714,0.40816326530612823,
fsb_00603,deepinfra/meta-llama/Llama-4-Scout-17B-16E-Instruct_step_by_step,6.36,Creamy Tomato Fettuccine with Chicken and Cheese,Fettuccine with Tomato Cream Sauce,0.8766484502606214,0.75,0.6,0.6666666666666665,0.6,0.8,27.054272652678467,,0.000293,20.345489443378117,26.03978300180833,155.67010309278353,77.14285714285714,
fsb_00603,deepinfra/meta-llama/Llama-4-Scout-17B-16E-Instruct_conservative,6.59,Creamy Tomato Fettuccine with Chicken,Fettuccine with Tomato Cream Sauce,0.8796775974854609,0.5,0.4,0.4444444444444445,0.4,0.8,30.910795920759575,,0.000286,27.337537702221,15.732368896925866,111.34020618556704,69.38775510204081,
fsb_00603,deepinfra/meta-llama/Llama-4-Scout-17B-16E-Instruct_confident,2.95,Creamy Tomato Fettuccine with Chicken and Parmesan,Fettuccine with Tomato Cream Sauce,0.8786248091716586,0.75,0.6,0.6666666666666665,0.6,0.8,27.816199742116986,,0.000279,22.950370167260758,26.03978300180833,119.5876288659794,65.91836734693877,
fsb_00603,deepinfra/meta-llama/Llama-4-Scout-17B-16E-Instruct_canonical,25.58,Pasta with Chicken and Cheese,Fettuccine with Tomato Cream Sauce,0.7335680437876946,0.25,0.0,0.22222222222222224,0.2,0.8,26.33923338412847,,0.000299,20.482588428845624,19.3490054249548,152.5773195876289,71.42857142857143,
fsb_00603,deepinfra/google/gemma-3-27b-it_detailed,12.93,Creamy Tomato Pasta with Chicken & Parmesan,Fettuccine with Tomato Cream Sauce,0.7782488435096739,0.5555555555555556,0.4,0.7142857142857143,1.0,0.19999999999999996,15.613644355878565,,0.000132,13.655058952563753,0.7233273056057969,150.00000000000003,8.367346938775514,
fsb_00603,deepinfra/google/gemma-3-27b-it_step_by_step,8.0,Pasta with Tomato Cream Sauce and Cheese,Fettuccine with Tomato Cream Sauce,0.9034007036278207,0.75,0.6,0.6666666666666665,0.6,0.8,17.840815848083462,,8e-05,13.353441184535232,13.924050632911397,111.34020618556704,52.04081632653062,
fsb_00603,deepinfra/google/gemma-3-27b-it_conservative,16.75,Creamy Tomato & Chicken Pasta,Fettuccine with Tomato Cream Sauce,0.7720478125975403,0.625,0.2,0.7692307692307693,1.0,0.4,86.74481303481421,,0.000135,86.31752125034275,89.33092224231466,234.02061855670104,31.877551020408173,
fsb_00603,deepinfra/google/gemma-3-27b-it_confident,14.89,Creamy Tomato & Chicken Pasta,Fettuccine with Tomato Cream Sauce,0.7720478125975403,0.625,0.8,0.7692307692307693,1.0,0.4,15.668737545422582,,0.00012,12.969564025226216,2.893309222423149,162.37113402061857,12.183673469387752,
fsb_00603,deepinfra/google/gemma-3-27b-it_canonical,8.63,Pasta with Chicken & Cheese,Fettuccine with Tomato Cream Sauce,0.7311245991852168,0.5,0.0,0.4444444444444445,0.4,0.8,25.342867190247336,,8.7e-05,21.030984370715654,5.967450271247735,147.42268041237114,63.06122448979592,
fsb_00604,deepinfra/mistralai/Mistral-Small-3.2-24B-Instruct-2506_detailed,3.08,Grilled Chicken Wrap with Tomato and Onion Salad,Tomato And Fennel Salad,0.8149543876119445,0.14285714285714285,0.3333333333333333,0.2,0.3333333333333333,-0.33333333333333326,169.38559322033896,,0.000242,159.25925925925927,197.45762711864404,1444.0000000000002,19.200000000000003,
fsb_00604,deepinfra/mistralai/Mistral-Small-3.2-24B-Instruct-2506_step_by_step,0.75,Mediterranean Wrap with Tomato and Cucumber Salad,Tomato And Fennel Salad,0.8111347798953854,0.16666666666666666,0.3333333333333333,0.2222222222222222,0.3333333333333333,0.0,105.50847457627117,,0.00023,101.85185185185186,188.13559322033896,340.0,28.000000000000004,
fsb_00604,deepinfra/mistralai/Mistral-Small-3.2-24B-Instruct-2506_conservative,2.5,Grilled Chicken Wrap with Vegetables,Tomato And Fennel Salad,0.6815782943959993,0.16666666666666666,0.3333333333333333,0.2222222222222222,0.3333333333333333,0.0,194.20021186440675,,0.000226,182.0987654320988,272.8813559322034,1562.0,3.200000000000003,
fsb_00604,deepinfra/mistralai/Mistral-Small-3.2-24B-Instruct-2506_confident,2.61,Grilled Chicken Wrap with Tomato and Onion Salad,Tomato And Fennel Salad,0.8149543876119445,0.2,0.3333333333333333,0.25,0.3333333333333333,0.33333333333333337,146.08050847457628,,0.000214,132.71604938271605,188.13559322033896,1440.0,20.799999999999997,
fsb_00604,deepinfra/mistralai/Mistral-Small-3.2-24B-Instruct-2506_canonical,2.25,Chicken Wrap with Tomato and Onion,Tomato And Fennel Salad,0.7254268063858471,0.25,0.3333333333333333,0.28571428571428575,0.3333333333333333,0.6666666666666667,102.38347457627117,,0.000208,84.5679012345679,135.59322033898303,1308.0000000000002,60.8,
fsb_00604,deepinfra/meta-llama/Llama-4-Scout-17B-16E-Instruct_detailed,21.9,Grilled Fish with Tomato and Mushroom Salad,Tomato And Fennel Salad,0.7978753025174276,0.3333333333333333,0.0,0.4444444444444444,0.6666666666666666,0.0,116.63135593220339,,0.000319,109.87654320987654,23.728813559322038,1380.0,39.19999999999999,
fsb_00604,deepinfra/meta-llama/Llama-4-Scout-17B-16E-Instruct_step_by_step,3.76,Fish and Vegetable Bowl,Tomato And Fennel Salad,0.6551964017298626,0.3333333333333333,0.0,0.3333333333333333,0.3333333333333333,1.0,54.97881355932203,,0.000256,35.80246913580247,23.728813559322038,1380.0,68.0,
fsb_00604,deepinfra/meta-llama/Llama-4-Scout-17B-16E-Instruct_conservative,12.23,Grilled Fish with Tomato and Mushroom,Tomato And Fennel Salad,0.7348853144262689,0.3333333333333333,0.3333333333333333,0.3333333333333333,0.3333333333333333,1.0,54.44915254237288,,0.000265,32.71604938271605,57.6271186440678,1380.0,68.0,
fsb_00604,deepinfra/meta-llama/Llama-4-Scout-17B-16E-Instruct_confident,7.9,Grilled Fish with Tomato and Mushroom,Tomato And Fennel Salad,0.7348853144262689,0.3333333333333333,0.3333333333333333,0.3333333333333333,0.3333333333333333,1.0,54.97881355932203,,0.000267,32.71604938271605,57.6271186440678,1380.0,76.0,
fsb_00604,deepinfra/meta-llama/Llama-4-Scout-17B-16E-Instruct_canonical,5.15,Fish and Vegetable Bowl,Tomato And Fennel Salad,0.6551964017298626,0.3333333333333333,0.3333333333333333,0.3333333333333333,0.3333333333333333,1.0,54.97881355932203,,0.000268,32.71604938271605,57.6271186440678,1380.0,76.0,
fsb_00604,deepinfra/google/gemma-3-27b-it_detailed,15.14,Shakshuka,Tomato And Fennel Salad,0.44341174098856806,0.0,0.0,0.0,0.0,-1.0,180.19067796610167,,0.000142,177.1604938271605,127.96610169491522,816.0,141.6,
fsb_00604,deepinfra/google/gemma-3-27b-it_step_by_step,13.23,Shakshuka with Tomatoes and Feta,Tomato And Fennel Salad,0.6710397460722137,0.0,0.0,0.0,0.0,0.0,179.44915254237287,,0.000107,177.1604938271605,100.16949152542371,811.5999999999999,157.51999999999998,
fsb_00604,deepinfra/google/gemma-3-27b-it_conservative,6.89,Simple Tomato & Egg Bowl,Tomato And Fennel Salad,0.6828911614020858,0.2,0.3333333333333333,0.25,0.3333333333333333,0.33333333333333337,61.4936440677966,,8.6e-05,57.407407407407405,35.59322033898306,500.0,51.19999999999999,
fsb_00604,deepinfra/google/gemma-3-27b-it_confident,12.82,Mediterranean-Inspired Egg & Tomato Bowl,Tomato And Fennel Salad,0.6716733944046246,0.16666666666666666,0.3333333333333333,0.2222222222222222,0.3333333333333333,0.0,166.6313559322034,,9.7e-05,166.0493827160494,81.3559322033898,720.0,144.0,
fsb_00604,deepinfra/google/gemma-3-27b-it_canonical,10.29,Egg & Tomato Bowl,Tomato And Fennel Salad,0.7039033254995595,0.25,0.3333333333333333,0.28571428571428575,0.3333333333333333,0.6666666666666667,178.448093220339,,9.2e-05,171.60493827160494,218.81355932203385,954.4000000000001,73.84,
fsb_00616,deepinfra/mistralai/Mistral-Small-3.2-24B-Instruct-2506_detailed,2.1,Chicken Sandwich with Coleslaw,Fried Chicken Sandwich with Coleslaw,0.961181571140579,1.0,0.6,0.888888888888889,0.8,0.8,7.887502643264957,,0.000201,6.704814031595967,9.890109890109887,25.659472422062358,10.087719298245617,
fsb_00616,deepinfra/mistralai/Mistral-Small-3.2-24B-Instruct-2506_step_by_step,1.81,Chicken Sandwich with Coleslaw,Fried Chicken Sandwich with Coleslaw,0.961181571140579,0.6666666666666666,0.4,0.5,0.4,0.6,30.524423768238524,,0.000191,32.20549819629307,1.0989010989011014,1.6786570743405342,62.5,
fsb_00616,deepinfra/mistralai/Mistral-Small-3.2-24B-Instruct-2506_conservative,0.52,Chicken Sandwich with Coleslaw,Fried Chicken Sandwich with Coleslaw,0.961181571140579,0.8,0.6,0.8000000000000002,0.8,1.0,25.428208923662503,,0.000213,26.607787038188828,4.395604395604393,1.6786570743405342,51.53508771929825,
fsb_00616,deepinfra/mistralai/Mistral-Small-3.2-24B-Instruct-2506_confident,2.51,Chicken Sandwich with Coleslaw,Fried Chicken Sandwich with Coleslaw,0.961181571140579,0.8,0.6,0.8000000000000002,0.8,1.0,20.247409600338337,,0.000214,20.88568229879338,6.2271062271062245,1.6786570743405342,42.76315789473684,
fsb_00616,deepinfra/mistralai/Mistral-Small-3.2-24B-Instruct-2506_canonical,1.75,Chicken Sandwich with Coleslaw,Fried Chicken Sandwich with Coleslaw,0.961181571140579,0.6666666666666666,0.2,0.5,0.4,0.6,29.371960245294986,,0.000192,29.717626570468962,15.750915750915754,18.46522781774581,49.56140350877193,
fsb_00616,deepinfra/meta-llama/Llama-4-Scout-17B-16E-Instruct_detailed,5.48,Fried Chicken Sandwich with Coleslaw,Fried Chicken Sandwich with Coleslaw,1.000000000000001,1.0,0.6,0.7499999999999999,0.6,0.6,25.142736307887496,,0.000265,25.363851225276772,26.73992673992674,13.669064748201446,29.824561403508774,
fsb_00616,deepinfra/meta-llama/Llama-4-Scout-17B-16E-Instruct_step_by_step,13.18,Fried Chicken Sandwich with Coleslaw,Fried Chicken Sandwich with Coleslaw,1.000000000000001,1.0,0.6,0.7499999999999999,0.6,0.6,28.631846056248676,,0.000267,29.095658664012937,26.73992673992674,20.86330935251799,29.824561403508774,
fsb_00616,deepinfra/meta-llama/Llama-4-Scout-17B-16E-Instruct_conservative,5.31,Fried Chicken Sandwich with Coleslaw,Fried Chicken Sandwich with Coleslaw,1.000000000000001,1.0,0.6,0.7499999999999999,0.6,0.6,48.50919856206386,,0.000255,50.24256748351785,26.73992673992674,20.86330935251799,69.2982456140351,
fsb_00616,deepinfra/meta-llama/Llama-4-Scout-17B-16E-Instruct_confident,14.1,Fried Chicken Sandwich with Coleslaw,Fried Chicken Sandwich with Coleslaw,1.000000000000001,1.0,0.6,0.7499999999999999,0.6,0.6,25.671389300063435,,0.000264,25.363851225276772,26.73992673992674,18.46522781774581,36.40350877192983,
fsb_00616,deepinfra/meta-llama/Llama-4-Scout-17B-16E-Instruct_canonical,10.92,Chicken Sandwich,Fried Chicken Sandwich with Coleslaw,0.8264825134171494,0.6666666666666666,0.2,0.5,0.4,0.6,28.737576654683867,,0.000272,27.85172285110088,41.391941391941394,20.86330935251799,36.40350877192983,
fsb_00616,deepinfra/google/gemma-3-27b-it_detailed,11.2,Spicy Fried Chicken Sandwich with Coleslaw,Fried Chicken Sandwich with Coleslaw,0.9588884246123672,0.5,0.2,0.5454545454545454,0.6,0.8,20.32142101924297,,0.0001,20.661773852469217,37.36263736263736,3.11750599520383,9.649122807017541,
fsb_00616,deepinfra/google/gemma-3-27b-it_step_by_step,11.34,Spicy Chicken Sandwich with Coleslaw,Fried Chicken Sandwich with Coleslaw,0.9259329565044416,1.0,0.4,1.0,1.0,1.0,5.582575597377879,,8.9e-05,6.08284612513994,1.0989010989011014,4.0767386091127165,3.5087719298245648,
fsb_00616,deepinfra/google/gemma-3-27b-it_conservative,9.97,Spicy Chicken Sandwich with Coleslaw,Fried Chicken Sandwich with Coleslaw,0.9259329565044416,0.75,0.2,0.6666666666666665,0.6,0.8,13.30090928314654,,8.6e-05,14.16842890906829,4.7619047619047645,16.067146282973628,5.701754385964915,
fsb_00616,deepinfra/google/gemma-3-27b-it_confident,6.9,Spicy Fried Chicken Sandwich with Coleslaw,Fried Chicken Sandwich with Coleslaw,0.9588884246123672,0.6,0.2,0.6,0.6,1.0,8.056671600761259,,8.3e-05,7.948749844508021,9.890109890109887,0.7194244604316478,14.473684210526319,
fsb_00616,deepinfra/google/gemma-3-27b-it_canonical,8.86,Chicken Sandwich,Fried Chicken Sandwich with Coleslaw,0.8264825134171494,0.6666666666666666,0.2,0.5,0.4,0.6,46.500317191795304,,7.5e-05,46.51076004478169,46.88644688644688,16.067146282973628,73.68421052631578,
fsb_00654,deepinfra/mistralai/Mistral-Small-3.2-24B-Instruct-2506_detailed,3.11,Blueberry Cheesecake in a Red Bowl,Fruit Yogurt Parfait,0.5470615875211338,0.125,0.3333333333333333,0.18181818181818182,0.3333333333333333,-0.6666666666666667,1456.831228473019,,0.000233,1543.8953488372094,928.1690140845071,440.5405405405405,14650.0,
fsb_00654,deepinfra/mistralai/Mistral-Small-3.2-24B-Instruct-2506_step_by_step,1.91,Mixed Fruit and Yogurt Parfait,Fruit Yogurt Parfait,0.9422160806160532,0.5,0.6666666666666666,0.5714285714285715,0.6666666666666666,0.6666666666666667,193.34098737083812,,0.000194,200.8720930232558,153.5211267605634,213.51351351351352,125.0,
fsb_00654,deepinfra/mistralai/Mistral-Small-3.2-24B-Instruct-2506_conservative,2.23,Blueberry and Goji Berry Parfait,Fruit Yogurt Parfait,0.7779278326173433,0.4,0.6666666666666666,0.5,0.6666666666666666,0.33333333333333337,358.55338691159585,,0.000202,372.3837209302326,294.3661971830986,291.8918918918919,875.0,
fsb_00654,deepinfra/mistralai/Mistral-Small-3.2-24B-Instruct-2506_confident,2.04,Blueberry and Honey Semifreddo,Fruit Yogurt Parfait,0.6225405800476754,0.25,0.3333333333333333,0.28571428571428575,0.3333333333333333,0.6666666666666667,1393.6509758897816,,0.000204,1536.6279069767443,501.90140845070425,89.18918918918918,20524.999999999996,
fsb_00654,deepinfra/mistralai/Mistral-Small-3.2-24B-Instruct-2506_canonical,1.95,Blueberry Cheesecake,Fruit Yogurt Parfait,0.5651323943941342,0.25,0.3333333333333333,0.28571428571428575,0.3333333333333333,0.6666666666666667,1460.275545350172,,0.000195,1540.9883720930234,1061.9718309859156,251.35135135135135,12900.0,
fsb_00654,deepinfra/meta-llama/Llama-4-Scout-17B-16E-Instruct_detailed,5.13,Yogurt Parfait with Granola and Blueberries,Fruit Yogurt Parfait,0.8655244734434675,0.6666666666666666,0.3333333333333333,0.6666666666666666,0.6666666666666666,1.0,298.3926521239954,,0.000266,306.9767441860465,230.98591549295776,386.4864864864865,400.0,
fsb_00654,deepinfra/meta-llama/Llama-4-Scout-17B-16E-Instruct_step_by_step,4.02,Yogurt with Granola and Blueberries,Fruit Yogurt Parfait,0.7510286909014444,0.6666666666666666,0.3333333333333333,0.6666666666666666,0.6666666666666666,1.0,206.5442020665901,,0.000267,219.7674418604651,125.35211267605635,251.35135135135135,400.0,
fsb_00654,deepinfra/meta-llama/Llama-4-Scout-17B-16E-Instruct_conservative,6.56,Yogurt with Oranges and Blueberries,Fruit Yogurt Parfait,0.785178130752232,1.0,0.6666666666666666,1.0,1.0,1.0,270.4936854190585,,0.00028,285.1744186046512,246.47887323943664,110.81081081081079,74.99999999999997,
fsb_00654,deepinfra/meta-llama/Llama-4-Scout-17B-16E-Instruct_confident,4.48,Yogurt Parfait with Granola and Blueberries,Fruit Yogurt Parfait,0.8655244734434675,0.6666666666666666,0.3333333333333333,0.6666666666666666,0.6666666666666666,1.0,298.3926521239954,,0.000266,306.9767441860465,230.98591549295776,386.4864864864865,400.0,
fsb_00654,deepinfra/meta-llama/Llama-4-Scout-17B-16E-Instruct_canonical,5.28,Yogurt with Oranges and Blueberries,Fruit Yogurt Parfait,0.785178130752232,1.0,0.3333333333333333,1.0,1.0,1.0,245.35017221584386,,0.000268,248.8372093023256,202.8169014084507,359.4594594594595,100.0,
fsb_00654,deepinfra/google/gemma-3-27b-it_detailed,10.37,Fruit & Yogurt Dessert,Fruit Yogurt Parfait,0.7963311441035386,0.4,0.3333333333333333,0.5,0.6666666666666666,0.33333333333333337,292.30769230769226,,9.1e-05,306.9767441860465,160.56338028169014,272.97297297297297,2625.0,
fsb_00654,deepinfra/google/gemma-3-27b-it_step_by_step,11.94,Fruit and Yogurt Dessert,Fruit Yogurt Parfait,0.7878492235088441,0.4,0.3333333333333333,0.5,0.6666666666666666,0.33333333333333337,182.43398392652125,,9.3e-05,183.43023255813955,160.56338028169014,213.51351351351352,500.0,
fsb_00654,deepinfra/google/gemma-3-27b-it_conservative,14.15,Fruit & Yogurt Dessert,Fruit Yogurt Parfait,0.7963311441035386,0.2,0.3333333333333333,0.25,0.3333333333333333,0.33333333333333337,264.5235361653272,,9.9e-05,292.4418604651163,76.05633802816902,143.24324324324323,3275.0,
fsb_00654,deepinfra/google/gemma-3-27b-it_confident,8.02,Fruit & Yogurt Parfait,Fruit Yogurt Parfait,0.9766169929394106,0.6,0.3333333333333333,0.7499999999999999,1.0,0.33333333333333337,306.3145809414466,,8.9e-05,321.51162790697674,174.64788732394368,286.4864864864865,2549.9999999999995,
fsb_00654,deepinfra/google/gemma-3-27b-it_canonical,9.45,Fruit & Yogurt Bowl,Fruit Yogurt Parfait,0.7474470442811576,0.6666666666666666,0.3333333333333333,0.6666666666666666,0.6666666666666666,1.0,153.04247990815153,,7.6e-05,154.36046511627907,97.18309859154931,278.3783783783784,750.0,
fsb_00665,deepinfra/mistralai/Mistral-Small-3.2-24B-Instruct-2506_detailed,2.14,Mixed Fruit Bowl,Fruit Salad,0.7388592500669963,1.0,1.0,1.0,1.0,1.0,290.1390644753476,,0.000192,290.6752411575563,286.07594936708864,342.85714285714295,275.0,
fsb_00665,deepinfra/mistralai/Mistral-Small-3.2-24B-Instruct-2506_step_by_step,2.56,Fruit Salad,Fruit Salad,1.0000000000000004,0.75,1.0,0.8571428571428571,1.0,0.6666666666666667,315.6763590391909,,0.000207,314.7909967845659,317.72151898734177,400.0,225.0,
fsb_00665,deepinfra/mistralai/Mistral-Small-3.2-24B-Instruct-2506_conservative,2.79,Mixed Fruit Bowl,Fruit Salad,0.7388592500669963,0.75,1.0,0.8571428571428571,1.0,0.6666666666666667,266.7509481668773,,0.000207,266.5594855305466,270.253164556962,242.8571428571429,199.99999999999997,
fsb_00665,deepinfra/mistralai/Mistral-Small-3.2-24B-Instruct-2506_confident,3.08,Mixed Fruit Bowl,Fruit Salad,0.7388592500669963,0.75,1.0,0.8571428571428571,1.0,0.6666666666666667,300.88495575221236,,0.000204,300.3215434083601,298.73417721518985,428.57142857142856,249.99999999999994,
fsb_00665,deepinfra/mistralai/Mistral-Small-3.2-24B-Instruct-2506_canonical,2.51,Mixed Fruit Bowl,Fruit Salad,0.7388592500669963,0.75,1.0,0.8571428571428571,1.0,0.6666666666666667,459.29203539823004,,0.000204,459.4855305466238,456.9620253164557,528.5714285714287,400.0,
fsb_00665,deepinfra/meta-llama/Llama-4-Scout-17B-16E-Instruct_detailed,14.7,Fruit Salad,Fruit Salad,1.0000000000000004,1.0,1.0,1.0,1.0,1.0,106.19469026548671,,0.000269,105.7877813504823,104.43037974683543,142.85714285714286,175.0,
fsb_00665,deepinfra/meta-llama/Llama-4-Scout-17B-16E-Instruct_step_by_step,7.3,Fruit Salad,Fruit Salad,1.0000000000000004,1.0,1.0,1.0,1.0,1.0,106.82680151706698,,0.000271,105.7877813504823,105.69620253164555,157.14285714285717,225.0,
fsb_00665,deepinfra/meta-llama/Llama-4-Scout-17B-16E-Instruct_conservative,4.35,Fruit Salad,Fruit Salad,1.0000000000000004,1.0,1.0,1.0,1.0,1.0,268.26801517067,,0.000251,269.7749196141479,260.7594936708861,228.57142857142856,400.0,
fsb_00665,deepinfra/meta-llama/Llama-4-Scout-17B-16E-Instruct_confident,5.6,Fruit Salad,Fruit Salad,1.0000000000000004,1.0,1.0,1.0,1.0,1.0,88.49557522123894,,0.000269,88.10289389067523,83.54430379746834,157.14285714285717,225.0,
fsb_00665,deepinfra/meta-llama/Llama-4-Scout-17B-16E-Instruct_canonical,3.87,Fruit Salad,Fruit Salad,1.0000000000000004,1.0,1.0,1.0,1.0,1.0,244.24778761061944,,0.000269,245.65916398713824,235.44303797468356,228.57142857142856,400.0,
fsb_00665,deepinfra/google/gemma-3-27b-it_detailed,7.43,Mixed Berry & Apple Fruit Salad,Fruit Salad,0.8737687013556337,0.75,0.6666666666666666,0.8571428571428571,1.0,0.6666666666666667,115.67635903919088,,7.8e-05,115.43408360128618,115.18987341772151,171.42857142857144,74.99999999999997,
fsb_00665,deepinfra/google/gemma-3-27b-it_step_by_step,10.5,Fruit Salad,Fruit Salad,1.0000000000000004,0.6,0.6666666666666666,0.7499999999999999,1.0,0.33333333333333337,185.4614412136536,,9.1e-05,196.62379421221863,132.91139240506325,342.85714285714295,249.99999999999994,
fsb_00665,deepinfra/google/gemma-3-27b-it_conservative,9.27,Simple Fruit Salad,Fruit Salad,0.9302173296728226,0.75,0.6666666666666666,0.8571428571428571,1.0,0.6666666666666667,118.20480404551199,,8.4e-05,121.86495176848872,102.53164556962024,142.85714285714286,125.0,
fsb_00665,deepinfra/google/gemma-3-27b-it_confident,9.26,Berry & Apple Medley,Fruit Salad,0.6921645317137538,0.75,0.6666666666666666,0.8571428571428571,1.0,0.6666666666666667,115.67635903919088,,7.7e-05,115.43408360128618,115.18987341772151,171.42857142857144,74.99999999999997,
fsb_00665,deepinfra/google/gemma-3-27b-it_canonical,9.48,Fruit Bowl,Fruit Salad,0.7650327626854247,0.75,1.0,0.8571428571428571,1.0,0.6666666666666667,135.52465233881162,,8.6e-05,136.33440514469453,127.84810126582278,214.28571428571433,175.0,
fsb_00692,deepinfra/mistralai/Mistral-Small-3.2-24B-Instruct-2506_detailed,3.73,Green Curry with Chicken and Vegetables,Green Curry Spaghetti,0.8203915729460709,0.3333333333333333,0.3333333333333333,0.4,0.5,0.5,63.34978506607227,,0.000246,65.86492207042524,14.035087719298245,43.712574850299404,183.33333333333331,
fsb_00692,deepinfra/mistralai/Mistral-Small-3.2-24B-Instruct-2506_step_by_step,3.74,Green Curry with Chicken and Vegetables,Green Curry Spaghetti,0.8203915729460709,0.4444444444444444,0.5,0.5333333333333333,0.6666666666666666,0.5,49.14822480496735,,0.00025,50.47142582258994,7.894736842105263,35.92814371257485,166.1111111111111,
fsb_00692,deepinfra/mistralai/Mistral-Small-3.2-24B-Instruct-2506_conservative,3.76,Chicken and Vegetable Pasta in Green Curry Sauce,Green Curry Spaghetti,0.8550719318390498,0.4444444444444444,0.3333333333333333,0.5333333333333333,0.6666666666666666,0.5,50.54927559305843,,0.000262,53.550125072156995,35.08771929824561,43.712574850299404,25.555555555555564,
fsb_00692,deepinfra/mistralai/Mistral-Small-3.2-24B-Instruct-2506_confident,1.47,Green Curry with Chicken and Vegetables,Green Curry Spaghetti,0.8203915729460709,0.4444444444444444,0.5,0.5333333333333333,0.6666666666666666,0.5,104.26683649100461,,0.000244,105.69559361169905,87.71929824561403,70.65868263473054,177.77777777777777,
fsb_00692,deepinfra/mistralai/Mistral-Small-3.2-24B-Instruct-2506_canonical,2.87,Green Curry with Noodles,Green Curry Spaghetti,0.8988243533169157,0.6,0.3333333333333333,0.5454545454545454,0.5,0.8333333333333334,49.75322400891577,,0.000216,49.89416971329612,52.63157894736842,37.724550898203596,58.8888888888889,
fsb_00692,deepinfra/meta-llama/Llama-4-Scout-17B-16E-Instruct_detailed,38.32,Thai Green Curry Noodle Soup,Green Curry Spaghetti,0.7995954794793139,0.4,0.16666666666666666,0.5,0.6666666666666666,0.33333333333333337,35.806400254736495,,0.000393,36.2324417933423,22.807017543859647,13.772455089820365,105.55555555555556,
fsb_00692,deepinfra/meta-llama/Llama-4-Scout-17B-16E-Instruct_step_by_step,21.22,Thai Green Curry Noodle Soup,Green Curry Spaghetti,0.7995954794793139,0.5555555555555556,0.3333333333333333,0.6666666666666667,0.8333333333333334,0.5,22.162076102531437,,0.000384,16.60573407735231,20.52631578947369,111.67664670658684,21.666666666666668,
fsb_00692,deepinfra/meta-llama/Llama-4-Scout-17B-16E-Instruct_conservative,14.24,Thai Green Curry Noodle Soup,Green Curry Spaghetti,0.7995954794793139,0.5714285714285714,0.3333333333333333,0.6153846153846153,0.6666666666666666,0.8333333333333334,9.441171787931864,,0.000334,8.985953434673858,7.017543859649122,19.760479041916174,11.11111111111111,
fsb_00692,deepinfra/meta-llama/Llama-4-Scout-17B-16E-Instruct_confident,16.92,Thai Green Curry Noodle Dish,Green Curry Spaghetti,0.8410485301011374,0.5555555555555556,0.5,0.6666666666666667,0.8333333333333334,0.5,116.65339914026427,,0.000382,105.50317490860111,201.05263157894737,207.18562874251495,3.333333333333341,
fsb_00692,deepinfra/meta-llama/Llama-4-Scout-17B-16E-Instruct_canonical,10.88,Thai Green Curry Noodle Dish,Green Curry Spaghetti,0.8410485301011374,0.4,0.16666666666666666,0.3636363636363636,0.3333333333333333,0.8333333333333334,6.814201560261113,,0.000303,2.828554935539743,32.45614035087719,7.784431137724555,38.88888888888889,
fsb_00692,deepinfra/google/gemma-3-27b-it_detailed,18.38,Green Curry Noodles with Chicken,Green Curry Spaghetti,0.8624591072762201,0.3333333333333333,0.3333333333333333,0.4444444444444444,0.6666666666666666,0.0,64.33688903040915,,0.000155,61.0544544929767,86.8421052631579,46.10778443113772,121.66666666666666,
fsb_00692,deepinfra/google/gemma-3-27b-it_step_by_step,12.79,Green Curry Noodles with Chicken,Green Curry Spaghetti,0.8624591072762201,0.5,0.0,0.5714285714285715,0.6666666666666666,0.6666666666666667,46.40980735551663,,0.00012,43.15951510486818,71.57894736842105,69.46107784431139,17.77777777777777,
fsb_00692,deepinfra/google/gemma-3-27b-it_conservative,20.33,Green Curry Noodles with Chicken,Green Curry Spaghetti,0.8624591072762201,0.4,0.3333333333333333,0.5,0.6666666666666666,0.33333333333333337,67.3778060818341,,0.000152,67.21185299211082,79.82456140350878,48.50299401197606,67.77777777777777,
fsb_00692,deepinfra/google/gemma-3-27b-it_confident,11.58,Thai Green Curry Noodles with Chicken,Green Curry Spaghetti,0.8348992335597925,0.4444444444444444,0.16666666666666666,0.5333333333333333,0.6666666666666666,0.5,16.939977710555635,,0.000128,14.489128343274956,22.456140350877188,45.508982035928156,17.222222222222232,
fsb_00692,deepinfra/google/gemma-3-27b-it_canonical,7.95,Green Curry with Noodles,Green Curry Spaghetti,0.8988243533169157,0.5,0.16666666666666666,0.4,0.3333333333333333,0.6666666666666667,12.975640821525241,,8.6e-05,10.140465653261504,8.771929824561402,37.724550898203596,62.22222222222222,
fsb_00714,deepinfra/mistralai/Mistral-Small-3.2-24B-Instruct-2506_detailed,3.15,Chicken Caesar Salad,Grilled Chicken Salad with Dressing,0.8257501292286489,0.6666666666666666,0.6,0.7272727272727272,0.8,0.8,13.477865372953302,,0.000229,7.991360691144704,88.42975206611573,39.96815286624203,29.896907216494828,
fsb_00714,deepinfra/mistralai/Mistral-Small-3.2-24B-Instruct-2506_step_by_step,2.44,Chicken Caesar Salad,Grilled Chicken Salad with Dressing,0.8257501292286489,0.8,0.6,0.8000000000000002,0.8,1.0,21.6949666464524,,0.000219,20.62634989200864,5.785123966942144,41.71974522292993,5.498281786941585,
fsb_00714,deepinfra/mistralai/Mistral-Small-3.2-24B-Instruct-2506_conservative,2.92,Grilled Chicken Salad with Ranch Dressing,Grilled Chicken Salad with Dressing,0.9529391551225677,0.16666666666666666,0.2,0.1818181818181818,0.2,0.8,33.05033353547605,,0.000225,32.145428365730744,25.6198347107438,46.17834394904459,25.085910652920962,
fsb_00714,deepinfra/mistralai/Mistral-Small-3.2-24B-Instruct-2506_confident,3.22,Grilled Chicken Salad with Ranch Dressing,Grilled Chicken Salad with Dressing,0.9529391551225677,0.16666666666666666,0.2,0.1818181818181818,0.2,0.8,43.450576106731354,,0.000228,42.76457883369331,51.2396694214876,46.97452229299363,45.70446735395189,
fsb_00714,deepinfra/mistralai/Mistral-Small-3.2-24B-Instruct-2506_canonical,2.58,Chicken Salad,Grilled Chicken Salad with Dressing,0.905303857286798,1.0,0.4,0.888888888888889,0.8,0.8,11.491813220133414,,0.000205,6.587473002159832,77.68595041322315,45.859872611464965,3.4364261168384878,
fsb_00714,deepinfra/meta-llama/Llama-4-Scout-17B-16E-Instruct_detailed,7.36,Grilled Chicken Caesar Salad,Grilled Chicken Salad with Dressing,0.8868606245597387,1.0,0.6,0.888888888888889,0.8,0.8,42.510612492419654,,0.000282,43.30453563714903,15.702479338842979,37.89808917197452,48.45360824742268,
fsb_00714,deepinfra/meta-llama/Llama-4-Scout-17B-16E-Instruct_step_by_step,5.94,Grilled Chicken Caesar Salad,Grilled Chicken Salad with Dressing,0.8868606245597387,0.75,0.4,0.6666666666666665,0.6,0.8,41.024863553668894,,0.000283,41.504679625629954,9.090909090909088,39.49044585987261,48.45360824742268,
fsb_00714,deepinfra/meta-llama/Llama-4-Scout-17B-16E-Instruct_conservative,4.9,Chicken Caesar Salad,Grilled Chicken Salad with Dressing,0.8257501292286489,0.75,0.4,0.6666666666666665,0.6,0.8,55.541237113402076,,0.000283,56.62347012239021,15.289256198347104,55.4140127388535,51.890034364261176,
fsb_00714,deepinfra/meta-llama/Llama-4-Scout-17B-16E-Instruct_confident,7.4,Grilled Chicken Caesar Salad,Grilled Chicken Salad with Dressing,0.8868606245597387,0.75,0.4,0.6666666666666665,0.6,0.8,29.7680412371134,,0.000284,27.825773938084957,15.289256198347104,39.49044585987261,51.890034364261176,
fsb_00714,deepinfra/meta-llama/Llama-4-Scout-17B-16E-Instruct_canonical,3.64,Chicken Salad,Grilled Chicken Salad with Dressing,0.905303857286798,1.0,0.2,0.7499999999999999,0.6,0.6,49.81807155852033,,0.000265,49.96400287976962,17.355371900826444,55.4140127388535,48.45360824742268,
fsb_00714,deepinfra/google/gemma-3-27b-it_detailed,8.99,Chicken Shawarma Salad Bowl,Grilled Chicken Salad with Dressing,0.7728253073858915,0.4,0.0,0.4000000000000001,0.4,1.0,26.39478471801091,,9e-05,23.29013678905687,214.04958677685948,24.84076433121018,10.996563573883146,
fsb_00714,deepinfra/google/gemma-3-27b-it_step_by_step,9.93,Chicken Shawarma Salad Bowl,Grilled Chicken Salad with Dressing,0.7728253073858915,0.4,0.2,0.4000000000000001,0.4,1.0,20.315342631898115,,8.8e-05,16.63066954643628,164.46280991735534,29.936305732484076,9.96563573883161,
fsb_00714,deepinfra/google/gemma-3-27b-it_conservative,10.87,Chicken Shawarma Salad with White Sauce,Grilled Chicken Salad with Dressing,0.8166616892212487,0.4,0.0,0.4000000000000001,0.4,1.0,11.810187992722865,,9.8e-05,3.7077033837293056,238.84297520661156,42.35668789808916,6.18556701030928,
fsb_00714,deepinfra/google/gemma-3-27b-it_confident,6.37,Chicken Shawarma Salad Bowl,Grilled Chicken Salad with Dressing,0.7728253073858915,0.4,0.2,0.4000000000000001,0.4,1.0,20.02728926622195,,8.6e-05,14.29085673146148,238.84297520661156,24.84076433121018,28.178694158075583,
fsb_00714,deepinfra/google/gemma-3-27b-it_canonical,8.74,Chicken Salad Bowl,Grilled Chicken Salad with Dressing,0.8176603885873663,0.75,0.4,0.6666666666666665,0.6,0.8,19.921164342025474,,8.5e-05,17.3866090712743,81.81818181818183,18.789808917197448,45.017182130584196,
fsb_00718,deepinfra/mistralai/Mistral-Small-3.2-24B-Instruct-2506_detailed,3.73,Grilled Chicken Salad,Grilled Chicken Salad,1.0000000000000009,0.7777777777777778,0.625,0.823529411764706,0.875,0.875,15.17528413638547,,0.000267,13.783215446377369,3.468208092485537,37.011884550084886,1.1811023622047274,
fsb_00718,deepinfra/mistralai/Mistral-Small-3.2-24B-Instruct-2506_step_by_step,3.68,Grilled Chicken Salad,Grilled Chicken Salad,1.0000000000000009,0.7777777777777778,0.5,0.823529411764706,0.875,0.875,8.932287497999045,,0.000271,6.136493978206848,12.716763005780344,35.31409168081493,2.755905511811035,
fsb_00718,deepinfra/mistralai/Mistral-Small-3.2-24B-Instruct-2506_conservative,2.93,Grilled Chicken Salad,Grilled Chicken Salad,1.0000000000000009,0.7777777777777778,0.625,0.823529411764706,0.875,0.875,21.306226988954705,,0.000245,19.709424584209522,9.82658959537573,37.011884550084886,25.590551181102363,
fsb_00718,deepinfra/mistralai/Mistral-Small-3.2-24B-Instruct-2506_confident,3.32,Grilled Chicken Salad with Mixed Greens,Grilled Chicken Salad,0.9370881259783957,0.7777777777777778,0.5,0.823529411764706,0.875,0.875,17.14422923003042,,0.00025,15.69489581342,24.27745664739884,33.44651952461799,4.3307086614173285,
fsb_00718,deepinfra/mistralai/Mistral-Small-3.2-24B-Instruct-2506_canonical,2.41,Grilled Chicken Salad,Grilled Chicken Salad,1.0000000000000009,0.8,0.375,0.6153846153846154,0.5,0.625,59.03633744197215,,0.000218,59.854712292104765,62.42774566473989,44.821731748726656,72.83464566929135,
fsb_00718,deepinfra/meta-llama/Llama-4-Scout-17B-16E-Instruct_detailed,7.14,Grilled Chicken Salad,Grilled Chicken Salad,1.0000000000000009,0.8571428571428571,0.625,0.7999999999999999,0.75,0.875,34.75268128701778,,0.000337,31.753010896578093,67.6300578034682,50.76400679117148,37.00787401574803,
fsb_00718,deepinfra/meta-llama/Llama-4-Scout-17B-16E-Instruct_step_by_step,7.04,Grilled Chicken Salad,Grilled Chicken Salad,1.0000000000000009,1.0,0.625,0.8571428571428571,0.75,0.75,26.236593564911164,,0.00032,24.870961575224626,19.075144508670526,49.06621392190152,6.2992125984252025,
fsb_00718,deepinfra/meta-llama/Llama-4-Scout-17B-16E-Instruct_conservative,12.99,Grilled Chicken Salad,Grilled Chicken Salad,1.0000000000000009,1.0,0.5,0.7692307692307693,0.625,0.625,57.899791900112064,,0.0003,59.28120818199197,19.075144508670526,49.06621392190152,76.37795275590551,
fsb_00718,deepinfra/meta-llama/Llama-4-Scout-17B-16E-Instruct_confident,6.28,Grilled Chicken Salad,Grilled Chicken Salad,1.0000000000000009,1.0,0.75,0.9333333333333333,0.875,0.875,31.551144549383714,,0.000313,30.606002676352517,44.508670520231206,32.088285229202036,40.94488188976378,
fsb_00718,deepinfra/meta-llama/Llama-4-Scout-17B-16E-Instruct_canonical,4.47,Grilled Chicken Salad,Grilled Chicken Salad,1.0000000000000009,0.75,0.25,0.5,0.375,0.5,59.340483432047385,,0.000294,59.854712292104765,47.97687861271677,45.67062818336163,88.18897637795276,
fsb_00718,deepinfra/google/gemma-3-27b-it_detailed,19.22,Grilled Chicken Salad with Mediterranean Influence,Grilled Chicken Salad,0.9017590881415183,0.6363636363636364,0.625,0.7368421052631579,0.875,0.625,10.633904274051552,,0.000151,7.436436627795839,36.1271676300578,25.449915110356542,24.763779527559056,
fsb_00718,deepinfra/google/gemma-3-27b-it_step_by_step,10.71,Grilled Chicken Salad,Grilled Chicken Salad,1.0000000000000009,0.875,0.75,0.875,0.875,1.0,35.969265247318724,,0.000118,35.38520359395909,45.08670520231214,42.444821731748725,26.771653543307078,
fsb_00718,deepinfra/google/gemma-3-27b-it_conservative,21.0,Grilled Chicken Salad with Simple Vinaigrette,Grilled Chicken Salad,0.9219918217653474,0.6,0.5,0.6666666666666665,0.75,0.75,38.16231791259806,,0.00016,38.06155610781878,42.77456647398844,43.4634974533107,24.8031496062992,
fsb_00718,deepinfra/google/gemma-3-27b-it_confident,13.44,Grilled Chicken Salad with Mediterranean Flair,Grilled Chicken Salad,0.9224044215362595,0.8,0.625,0.888888888888889,1.0,0.75,7.027373139106769,,0.000129,1.7013955266679366,23.699421965317903,35.14431239388794,40.157480314960644,
fsb_00718,deepinfra/google/gemma-3-27b-it_canonical,11.41,Chicken & Salad,Grilled Chicken Salad,0.8544756239902335,0.8,0.375,0.6153846153846154,0.5,0.625,57.37153833840245,,9.7e-05,58.1341999617664,42.19653179190752,43.63327674023768,83.85826771653542,
fsb_00733,deepinfra/mistralai/Mistral-Small-3.2-24B-Instruct-2506_detailed,3.55,Grilled Chicken with Rice and Vegetables,Grilled Chicken with Rice and Kimchi,0.9066142975101442,0.125,0.0,0.18181818181818182,0.3333333333333333,-0.6666666666666667,137.8702570379437,,0.000253,141.04521432765708,225.49019607843138,17.647058823529417,134.86842105263162,
fsb_00733,deepinfra/mistralai/Mistral-Small-3.2-24B-Instruct-2506_step_by_step,1.88,Grilled Chicken with Rice and Vegetables,Grilled Chicken with Rice and Kimchi,0.9066142975101442,0.3333333333333333,0.3333333333333333,0.3333333333333333,0.3333333333333333,1.0,60.48959608323133,,0.000193,60.01174398120962,131.37254901960785,17.647058823529417,28.947368421052648,
fsb_00733,deepinfra/mistralai/Mistral-Small-3.2-24B-Instruct-2506_conservative,2.11,Grilled Chicken with Rice and Vegetables,Grilled Chicken with Rice and Kimchi,0.9066142975101442,0.3333333333333333,0.3333333333333333,0.3333333333333333,0.3333333333333333,1.0,18.71236230110159,,0.000194,17.146212566059887,56.86274509803921,6.9852941176470535,10.789473684210519,
fsb_00733,deepinfra/mistralai/Mistral-Small-3.2-24B-Instruct-2506_confident,2.02,Grilled Chicken with Rice and Vegetables,Grilled Chicken with Rice and Kimchi,0.9066142975101442,0.3333333333333333,0.3333333333333333,0.3333333333333333,0.3333333333333333,1.0,57.552019583843325,,0.000191,57.07574867880211,123.52941176470588,17.647058823529417,28.947368421052648,
fsb_00733,deepinfra/mistralai/Mistral-Small-3.2-24B-Instruct-2506_canonical,1.99,Chicken Thigh with Rice and Vegetables,Grilled Chicken with Rice and Kimchi,0.8105651550607442,0.6666666666666666,0.3333333333333333,0.6666666666666666,0.6666666666666666,1.0,29.32680538555691,,0.000193,26.247798003523187,100.0,8.088235294117645,17.76315789473684,
fsb_00733,deepinfra/meta-llama/Llama-4-Scout-17B-16E-Instruct_detailed,3.22,Grilled Chicken with Kimchi and Brown Rice,Grilled Chicken with Rice and Kimchi,0.9836498823315465,1.0,1.0,1.0,1.0,1.0,35.716034271725825,,0.000256,33.881385789782726,96.07843137254902,21.323529411764707,1.315789473684206,
fsb_00733,deepinfra/meta-llama/Llama-4-Scout-17B-16E-Instruct_step_by_step,4.86,Grilled Chicken with Kimchi and Brown Rice,Grilled Chicken with Rice and Kimchi,0.9836498823315465,1.0,1.0,1.0,1.0,1.0,4.381884944920435,,0.000265,2.7598355842630586,21.568627450980394,10.294117647058826,1.315789473684206,
fsb_00733,deepinfra/meta-llama/Llama-4-Scout-17B-16E-Instruct_conservative,4.38,Grilled Chicken with Kimchi and Brown Rice,Grilled Chicken with Rice and Kimchi,0.9836498823315465,1.0,1.0,1.0,1.0,1.0,22.301101591187276,,0.000265,20.728126834997067,17.647058823529413,21.323529411764707,67.10526315789474,
fsb_00733,deepinfra/meta-llama/Llama-4-Scout-17B-16E-Instruct_confident,6.25,Grilled Chicken with Kimchi and Brown Rice,Grilled Chicken with Rice and Kimchi,0.9836498823315465,1.0,1.0,1.0,1.0,1.0,4.381884944920435,,0.000256,2.7598355842630586,21.568627450980394,10.294117647058826,1.315789473684206,
fsb_00733,deepinfra/meta-llama/Llama-4-Scout-17B-16E-Instruct_canonical,6.95,"Chicken, Rice, and Kimchi",Grilled Chicken with Rice and Kimchi,0.8948229274489041,0.6666666666666666,0.3333333333333333,0.6666666666666666,0.6666666666666666,1.0,6.585067319461439,,0.000267,2.7598355842630586,5.88235294117647,39.70588235294118,34.210526315789465,
fsb_00733,deepinfra/google/gemma-3-27b-it_detailed,22.48,Korean-Inspired Chicken and Kimchi with Brown Rice,Grilled Chicken with Rice and Kimchi,0.8633191858139899,0.6,0.0,0.7499999999999999,1.0,0.33333333333333337,93.4638922888617,,9.6e-05,97.00528479154433,100.0,13.970588235294121,145.39473684210526,
fsb_00733,deepinfra/google/gemma-3-27b-it_step_by_step,7.82,Korean-Inspired Chicken and Rice with Kimchi,Grilled Chicken with Rice and Kimchi,0.8768645598736502,1.0,0.6666666666666666,1.0,1.0,1.0,64.01468788249693,,7.2e-05,66.17733411626541,92.15686274509804,13.970588235294121,57.89473684210527,
fsb_00733,deepinfra/google/gemma-3-27b-it_conservative,8.3,Roasted Chicken with Kimchi and Brown Rice,Grilled Chicken with Rice and Kimchi,0.9194793938018415,0.75,0.3333333333333333,0.8571428571428571,1.0,0.6666666666666667,90.28151774785802,,9e-05,92.60129183793305,92.15686274509804,32.35294117647059,138.8157894736842,
fsb_00733,deepinfra/google/gemma-3-27b-it_confident,10.11,Korean-Inspired Chicken and Rice with Kimchi,Grilled Chicken with Rice and Kimchi,0.8768645598736502,0.75,0.0,0.8571428571428571,1.0,0.6666666666666667,89.10648714810281,,8.3e-05,92.60129183793305,92.15686274509804,13.970588235294121,140.13157894736844,
fsb_00733,deepinfra/google/gemma-3-27b-it_canonical,8.89,Chicken and Rice with Kimchi,Grilled Chicken with Rice and Kimchi,0.9305915523251472,0.6666666666666666,0.3333333333333333,0.6666666666666666,0.6666666666666666,1.0,52.65605875152999,,7.7e-05,53.84615384615383,56.86274509803921,27.205882352941185,64.47368421052633,
fsb_00754,deepinfra/mistralai/Mistral-Small-3.2-24B-Instruct-2506_detailed,3.07,Grilled Chicken with Mixed Greens Salad,Grilled Pork Chops with Caesar Salad,0.7986838972115793,0.3333333333333333,0.4,0.3636363636363636,0.4,0.8,27.889569359385636,,0.00023,23.678838738943067,231.32530120481925,62.69368295589989,11.517367458866552,
fsb_00754,deepinfra/mistralai/Mistral-Small-3.2-24B-Instruct-2506_step_by_step,2.88,Grilled Chicken with Mixed Greens Salad,Grilled Pork Chops with Caesar Salad,0.7986838972115793,0.3333333333333333,0.4,0.3636363636363636,0.4,0.8,44.60970156508215,,0.000231,42.05035155364028,171.08433734939757,64.83909415971395,35.64899451553931,
fsb_00754,deepinfra/mistralai/Mistral-Small-3.2-24B-Instruct-2506_conservative,2.48,Grilled Chicken with Mixed Greens Salad,Grilled Pork Chops with Caesar Salad,0.7986838972115793,0.4,0.4,0.4000000000000001,0.4,1.0,47.1371634101293,,0.000217,44.65865275572692,159.03614457831324,63.52800953516091,44.972577696526514,
fsb_00754,deepinfra/mistralai/Mistral-Small-3.2-24B-Instruct-2506_confident,0.26,Grilled Chicken with Mixed Greens Salad,Grilled Pork Chops with Caesar Salad,0.7986838972115793,0.4,0.4,0.4000000000000001,0.4,1.0,37.221736171867406,,0.000204,35.13268314810614,110.84337349397589,56.37663885578069,30.347349177330894,
fsb_00754,deepinfra/mistralai/Mistral-Small-3.2-24B-Instruct-2506_canonical,2.31,Grilled Chicken with Salad,Grilled Pork Chops with Caesar Salad,0.8103718721598565,0.2,0.0,0.20000000000000004,0.2,1.0,64.45027704870225,,0.000218,62.9167611703334,153.01204819277106,59.7139451728248,82.99817184643511,
fsb_00754,deepinfra/meta-llama/Llama-4-Scout-17B-16E-Instruct_detailed,6.16,Grilled Pork Chops with Caesar Salad,Grilled Pork Chops with Caesar Salad,1.0000000000000004,1.0,0.8,0.888888888888889,0.8,0.8,83.33819383688153,,0.000284,83.7151281469721,261.4457831325301,47.79499404052442,104.75319926873856,
fsb_00754,deepinfra/meta-llama/Llama-4-Scout-17B-16E-Instruct_step_by_step,10.12,BBQ Pork Chops with Caesar Salad,Grilled Pork Chops with Caesar Salad,0.9604172934788034,1.0,0.8,0.888888888888889,0.8,0.8,58.84125595411687,,0.000287,59.900204127920176,237.34939759036143,19.189511323003565,75.50274223034734,
fsb_00754,deepinfra/meta-llama/Llama-4-Scout-17B-16E-Instruct_conservative,6.57,Pork Chops with Caesar Salad,Grilled Pork Chops with Caesar Salad,0.9581483288404347,1.0,0.8,0.888888888888889,0.8,0.8,33.78049965976476,,0.000285,28.55522794284418,454.2168674698795,35.63766388557808,51.37111517367459,
fsb_00754,deepinfra/meta-llama/Llama-4-Scout-17B-16E-Instruct_confident,4.64,Grilled Pork Chops with Caesar Salad,Grilled Pork Chops with Caesar Salad,1.0000000000000004,1.0,0.8,0.888888888888889,0.8,0.8,95.82385535141442,,0.000293,96.98344295758676,87.8313253012048,57.03218116805721,137.84277879341863,
fsb_00754,deepinfra/meta-llama/Llama-4-Scout-17B-16E-Instruct_canonical,4.4,Pork Chops with Caesar Salad,Grilled Pork Chops with Caesar Salad,0.9581483288404347,1.0,0.4,0.7499999999999999,0.6,0.6,62.51579663653156,,0.000268,62.576547970061235,44.578313253012034,55.899880810488675,74.40585009140767,
fsb_00754,deepinfra/google/gemma-3-27b-it_detailed,12.85,Grilled Pork Chops with Caesar Salad,Grilled Pork Chops with Caesar Salad,1.0000000000000004,0.8333333333333334,0.6,0.9090909090909091,1.0,0.8,25.673179741421215,,0.000103,23.11181673848945,92.77108433734938,60.66746126340882,3.1078610603290726,
fsb_00754,deepinfra/google/gemma-3-27b-it_step_by_step,11.12,Grilled Pork Chops with Caesar Salad,Grilled Pork Chops with Caesar Salad,1.0000000000000004,1.0,0.8,1.0,1.0,1.0,24.50665888986099,,8.7e-05,21.750963937400766,128.9156626506024,58.283671036948746,1.2797074954296213,
fsb_00754,deepinfra/google/gemma-3-27b-it_conservative,13.46,Grilled Pork Chops with Simple Side Salad,Grilled Pork Chops with Caesar Salad,0.8812912998842899,0.42857142857142855,0.2,0.5,0.6,0.6,44.891610770875864,,0.000127,43.07099115445679,89.15662650602407,58.87961859356376,46.06946983546618,
fsb_00754,deepinfra/google/gemma-3-27b-it_confident,10.88,Grilled Pork Chops with Simple Side Salad,Grilled Pork Chops with Caesar Salad,0.8812912998842899,0.5714285714285714,0.6,0.6666666666666666,0.8,0.6,40.594925634295706,,9.8e-05,38.53481515082785,104.81927710843372,64.00476758045292,28.15356489945156,
fsb_00754,deepinfra/google/gemma-3-27b-it_canonical,6.64,Pork & Salad,Grilled Pork Chops with Caesar Salad,0.8323995596643344,1.0,0.2,0.7499999999999999,0.6,0.6,54.836201030426764,,7.6e-05,53.7310047629848,92.77108433734938,61.859356376638864,56.12431444241317,
fsb_00758,deepinfra/mistralai/Mistral-Small-3.2-24B-Instruct-2506_detailed,2.68,Grilled Fish with Vegetables and Avocado Salsa,Grilled Salmon with Avocado Salad and Grilled Vegetables,0.8985483374104818,0.6,0.8571428571428571,0.7058823529411764,0.8571428571428571,0.5714285714285714,6.891211769260552,,0.000276,3.31782014712506,94.44444444444444,9.195402298850574,21.77589852008456,
fsb_00758,deepinfra/mistralai/Mistral-Small-3.2-24B-Instruct-2506_step_by_step,2.13,Grilled Fish with Vegetables and Avocado Salsa,Grilled Salmon with Avocado Salad and Grilled Vegetables,0.8985483374104818,0.5,0.14285714285714285,0.36363636363636365,0.2857142857142857,0.5714285714285714,13.279132791327916,,0.000207,11.12445578741931,61.111111111111114,17.24137931034483,21.77589852008456,
fsb_00758,deepinfra/mistralai/Mistral-Small-3.2-24B-Instruct-2506_conservative,3.05,Grilled Fish with Vegetables and Avocado Salsa,Grilled Salmon with Avocado Salad and Grilled Vegetables,0.8985483374104818,0.75,0.8571428571428571,0.7999999999999999,0.8571428571428571,0.8571428571428572,39.0889146986708,,0.000234,39.79882900465396,27.77777777777778,3.4482758620689653,66.17336152219873,
fsb_00758,deepinfra/mistralai/Mistral-Small-3.2-24B-Instruct-2506_confident,3.69,Grilled Fish with Vegetables and Avocado Salsa,Grilled Salmon with Avocado Salad and Grilled Vegetables,0.8985483374104818,0.6666666666666666,0.8571428571428571,0.75,0.8571428571428571,0.7142857142857143,18.19589624467674,,0.00027,16.228794475304014,78.33333333333334,4.36781609195402,35.72938689217759,
fsb_00758,deepinfra/mistralai/Mistral-Small-3.2-24B-Instruct-2506_canonical,2.43,Grilled Fish with Vegetables and Avocado Salad,Grilled Salmon with Avocado Salad and Grilled Vegetables,0.9354554833389581,1.0,0.5714285714285714,0.8333333333333333,0.7142857142857143,0.7142857142857143,48.251387275777525,,0.000217,49.10674072962018,0.0,26.436781609195403,74.63002114164905,
fsb_00758,deepinfra/meta-llama/Llama-4-Scout-17B-16E-Instruct_detailed,14.97,Grilled Salmon with Avocado Salsa and Vegetables,Grilled Salmon with Avocado Salad and Grilled Vegetables,0.9650646644239819,0.75,0.7142857142857143,0.7999999999999999,0.8571428571428571,0.8571428571428572,12.866176280810423,,0.000351,5.2394535355051755,227.77777777777777,1.1494252873563218,49.26004228329809,
fsb_00758,deepinfra/meta-llama/Llama-4-Scout-17B-16E-Instruct_step_by_step,6.29,Grilled Salmon with Avocado Salsa and Roasted Vegetables,Grilled Salmon with Avocado Salad and Grilled Vegetables,0.9558322429861675,0.8,0.42857142857142855,0.6666666666666666,0.5714285714285714,0.7142857142857143,7.730029681249197,,0.000304,2.2669268878546798,133.33333333333331,8.045977011494253,36.57505285412262,
fsb_00758,deepinfra/meta-llama/Llama-4-Scout-17B-16E-Instruct_conservative,11.33,Grilled Salmon with Avocado Salsa and Vegetables,Grilled Salmon with Avocado Salad and Grilled Vegetables,0.9650646644239819,0.75,0.7142857142857143,0.7999999999999999,0.8571428571428571,0.8571428571428572,10.027100271002707,,0.000326,2.987539408497219,222.22222222222223,1.1494252873563218,36.57505285412262,
fsb_00758,deepinfra/meta-llama/Llama-4-Scout-17B-16E-Instruct_confident,11.44,Grilled Salmon with Avocado Salsa and Roasted Vegetables,Grilled Salmon with Avocado Salad and Grilled Vegetables,0.9558322429861675,0.75,0.7142857142857143,0.7999999999999999,0.8571428571428571,0.8571428571428572,14.053426248548204,,0.00035,5.269479057198622,277.77777777777777,1.1494252873563218,49.26004228329809,
fsb_00758,deepinfra/meta-llama/Llama-4-Scout-17B-16E-Instruct_canonical,4.35,Grilled Salmon with Vegetables and Salsa,Grilled Salmon with Avocado Salad and Grilled Vegetables,0.9096046398129067,1.0,0.7142857142857143,0.8333333333333333,0.7142857142857143,0.7142857142857143,30.700735578784368,,0.000301,29.89040684581895,88.88888888888889,3.4482758620689653,45.03171247357294,
fsb_00758,deepinfra/google/gemma-3-27b-it_detailed,18.5,Grilled Salmon with Avocado-Tomato Salsa & Grilled Vegetables,Grilled Salmon with Avocado Salad and Grilled Vegetables,0.9543061639409375,0.6363636363636364,0.8571428571428571,0.7777777777777778,1.0,0.4285714285714286,2.3099754807071906,,0.000139,0.16514036931392023,44.44444444444444,19.54022988505747,0.6342494714587678,
fsb_00758,deepinfra/google/gemma-3-27b-it_step_by_step,10.01,Grilled Salmon with Avocado Salsa and Grilled Vegetables,Grilled Salmon with Avocado Salad and Grilled Vegetables,0.9679671770740097,1.0,0.2857142857142857,0.7272727272727273,0.5714285714285714,0.5714285714285714,22.299651567944252,,8e-05,23.434919681729472,5.555555555555555,2.2988505747126435,31.078224101479908,
fsb_00758,deepinfra/google/gemma-3-27b-it_conservative,18.59,Grilled Salmon with Roasted Vegetables & Avocado Salsa,Grilled Salmon with Avocado Salad and Grilled Vegetables,0.9521547484712879,0.875,0.14285714285714285,0.9333333333333333,1.0,0.8571428571428572,22.170602658407542,,0.000121,22.233898813991896,19.444444444444446,22.528735632183903,21.987315010570825,
fsb_00758,deepinfra/google/gemma-3-27b-it_confident,17.95,Grilled Salmon with Avocado-Tomato Salsa & Grilled Vegetables,Grilled Salmon with Avocado Salad and Grilled Vegetables,0.9543061639409375,0.7777777777777778,0.7142857142857143,0.8750000000000001,1.0,0.7142857142857143,12.066073041682802,,0.000125,10.974328178952113,40.0,19.77011494252874,9.725158562367852,
fsb_00758,deepinfra/google/gemma-3-27b-it_canonical,10.62,Salmon with Vegetables & Salsa,Grilled Salmon with Avocado Salad and Grilled Vegetables,0.8612176229937589,1.0,0.5714285714285714,0.7272727272727273,0.5714285714285714,0.5714285714285714,41.10207768744355,,8.9e-05,42.350998348596306,16.11111111111111,24.597701149425294,48.2029598308668,
fsb_00759,deepinfra/mistralai/Mistral-Small-3.2-24B-Instruct-2506_detailed,3.84,Grilled Salmon with Green Beans and Roasted Potatoes,Salmon With Roasted Potatoes And Green Beans,0.9421372557396807,0.5,0.5,0.6666666666666666,1.0,0.0,27.832226788913474,,0.000248,25.82993952856966,45.89665653495441,27.667269439421332,48.41269841269841,
fsb_00759,deepinfra/mistralai/Mistral-Small-3.2-24B-Instruct-2506_step_by_step,2.84,Grilled Salmon with Green Beans and Roasted Potatoes,Salmon With Roasted Potatoes And Green Beans,0.9421372557396807,1.0,0.5,1.0,1.0,1.0,28.359152703129936,,0.000203,26.94063926940639,33.738601823708215,27.667269439421332,48.41269841269841,
fsb_00759,deepinfra/mistralai/Mistral-Small-3.2-24B-Instruct-2506_conservative,2.16,Grilled Salmon with Green Beans and Roasted Potatoes,Salmon With Roasted Potatoes And Green Beans,0.9421372557396807,1.0,0.5,1.0,1.0,1.0,41.216145010011594,,0.000202,41.749969147229415,6.3829787234042605,29.475587703435803,68.25396825396825,
fsb_00759,deepinfra/mistralai/Mistral-Small-3.2-24B-Instruct-2506_confident,2.17,Grilled Salmon with Green Beans and Roasted Potatoes,Salmon With Roasted Potatoes And Green Beans,0.9421372557396807,1.0,0.5,1.0,1.0,1.0,28.359152703129936,,0.000201,26.94063926940639,33.738601823708215,27.667269439421332,48.41269841269841,
fsb_00759,deepinfra/mistralai/Mistral-Small-3.2-24B-Instruct-2506_canonical,1.83,Salmon with Green Beans and Potatoes,Salmon With Roasted Potatoes And Green Beans,0.9757867398037254,1.0,0.5,0.8571428571428571,0.75,0.75,45.85309305511645,,0.000193,46.68641243983709,6.3829787234042605,29.475587703435803,76.19047619047619,
fsb_00759,deepinfra/meta-llama/Llama-4-Scout-17B-16E-Instruct_detailed,5.27,Grilled Salmon with Roasted Potatoes and Green Beans,Salmon With Roasted Potatoes And Green Beans,0.9438502284265337,1.0,0.75,1.0,1.0,1.0,9.115818315944777,,0.000289,4.973466617302228,24.620060790273563,35.62386980108499,36.507936507936506,
fsb_00759,deepinfra/meta-llama/Llama-4-Scout-17B-16E-Instruct_step_by_step,4.15,Grilled Salmon with Roasted Potatoes and Green Beans,Salmon With Roasted Potatoes And Green Beans,0.9438502284265337,0.6666666666666666,0.5,0.5714285714285715,0.5,0.75,36.62135103804405,,0.000271,35.20918178452425,9.422492401215809,33.81555153707053,80.15873015873017,
fsb_00759,deepinfra/meta-llama/Llama-4-Scout-17B-16E-Instruct_conservative,5.65,Baked Salmon with Green Beans and Potatoes,Salmon With Roasted Potatoes And Green Beans,0.9465411100400801,0.6666666666666666,0.25,0.5714285714285715,0.5,0.75,35.67288439245442,,0.000271,35.20918178452425,6.3829787234042605,33.81555153707053,64.28571428571428,
fsb_00759,deepinfra/meta-llama/Llama-4-Scout-17B-16E-Instruct_confident,2.99,Grilled Salmon with Roasted Potatoes and Green Beans,Salmon With Roasted Potatoes And Green Beans,0.9438502284265337,1.0,0.5,0.8571428571428571,0.75,0.75,34.47149330804089,,0.000269,35.20918178452425,6.3829787234042605,2.3508137432188017,76.19047619047619,
fsb_00759,deepinfra/meta-llama/Llama-4-Scout-17B-16E-Instruct_canonical,3.75,Salmon with Green Beans and Potatoes,Salmon With Roasted Potatoes And Green Beans,0.9757867398037254,1.0,0.5,0.8571428571428571,0.75,0.75,37.04289176941722,,0.000273,35.82623719610021,6.3829787234042605,33.81555153707053,80.15873015873017,
fsb_00759,deepinfra/google/gemma-3-27b-it_detailed,21.95,Grilled Salmon with Roasted Potatoes and Steamed Green Beans,Salmon With Roasted Potatoes And Green Beans,0.9329527917490896,0.4444444444444444,0.5,0.6153846153846153,1.0,-0.25,17.270523764358728,,0.000131,15.833641861039116,41.33738601823709,18.083182640144667,23.769841269841262,
fsb_00759,deepinfra/google/gemma-3-27b-it_step_by_step,5.67,Grilled Salmon with Roasted Potatoes and Green Beans,Salmon With Roasted Potatoes And Green Beans,0.9438502284265337,1.0,0.25,0.8571428571428571,0.75,0.75,37.91758878701655,,7.1e-05,36.93693693693693,27.65957446808511,34.9005424954792,63.69047619047619,
fsb_00759,deepinfra/google/gemma-3-27b-it_conservative,12.59,Baked Salmon with Roasted Potatoes & Green Beans,Salmon With Roasted Potatoes And Green Beans,0.9583012127915835,0.6666666666666666,0.25,0.8,1.0,0.5,22.73158393929813,,0.000108,21.510551647537945,30.699088145896663,34.9005424954792,23.80952380952381,
fsb_00759,deepinfra/google/gemma-3-27b-it_confident,12.75,Grilled Salmon with Roasted Potatoes and Green Beans,Salmon With Roasted Potatoes And Green Beans,0.9438502284265337,1.0,0.25,1.0,1.0,1.0,28.106228264306036,,7.9e-05,27.06405035172158,27.65957446808511,34.9005424954792,37.698412698412696,
fsb_00759,deepinfra/google/gemma-3-27b-it_canonical,5.37,Salmon with Potatoes and Green Beans,Salmon With Roasted Potatoes And Green Beans,0.9752469344642144,1.0,0.5,0.8571428571428571,0.75,0.75,53.09305511645063,,7.6e-05,53.59743304948784,12.46200607902736,51.1754068716094,73.6111111111111,
fsb_00777,deepinfra/mistralai/Mistral-Small-3.2-24B-Instruct-2506_detailed,3.66,Sautéed Green Beans with Ground Turkey,Ground Beef and Green Bean Stir-Fry,0.7912339622770175,0.2857142857142857,0.5,0.36363636363636365,0.5,0.25,104.91213151927438,,0.000245,100.2288329519451,462.26415094339626,192.090395480226,21.046025104602517,
fsb_00777,deepinfra/mistralai/Mistral-Small-3.2-24B-Instruct-2506_step_by_step,2.33,Sautéed Green Beans with Ground Meat,Ground Beef and Green Bean Stir-Fry,0.8456766670968937,0.75,0.5,0.75,0.75,1.0,66.04308390022678,,0.000209,64.43282118339327,318.8679245283019,78.53107344632771,21.33891213389122,
fsb_00777,deepinfra/mistralai/Mistral-Small-3.2-24B-Instruct-2506_conservative,2.58,Sautéed Green Beans with Ground Turkey,Ground Beef and Green Bean Stir-Fry,0.7912339622770175,0.4,0.5,0.4444444444444445,0.5,0.75,42.97052154195013,,0.000219,36.645962732919266,343.39622641509436,100.56497175141243,14.644351464435148,
fsb_00777,deepinfra/mistralai/Mistral-Small-3.2-24B-Instruct-2506_confident,2.23,Sautéed Green Beans with Ground Turkey,Ground Beef and Green Bean Stir-Fry,0.7912339622770175,0.5,0.5,0.5,0.5,1.0,101.15646258503403,,0.000207,96.30598234717229,409.433962264151,192.090395480226,27.531380753138084,
fsb_00777,deepinfra/mistralai/Mistral-Small-3.2-24B-Instruct-2506_canonical,2.16,Green Beans and Ground Meat Stir Fry,Ground Beef and Green Bean Stir-Fry,0.9606993012669038,0.5,0.5,0.5,0.5,1.0,21.768707482993204,,0.000208,12.781954887218053,307.54716981132077,67.79661016949153,39.33054393305439,
fsb_00777,deepinfra/meta-llama/Llama-4-Scout-17B-16E-Instruct_detailed,12.04,Stir-Fried Ground Pork and Mixed Greens,Ground Beef and Green Bean Stir-Fry,0.8627554743111878,0.5,0.25,0.5,0.5,1.0,58.418367346938794,,0.000271,52.01046093494607,201.88679245283018,176.8361581920904,20.92050209205021,
fsb_00777,deepinfra/meta-llama/Llama-4-Scout-17B-16E-Instruct_step_by_step,2.69,Stir-Fried Ground Pork and Mixed Greens,Ground Beef and Green Bean Stir-Fry,0.8627554743111878,0.6666666666666666,0.25,0.5714285714285715,0.5,0.75,27.38095238095239,,0.000264,14.416475972540056,315.0943396226415,125.98870056497175,56.48535564853556,
fsb_00777,deepinfra/meta-llama/Llama-4-Scout-17B-16E-Instruct_conservative,6.02,Turkey and Green Bean Stir Fry,Ground Beef and Green Bean Stir-Fry,0.8662235598814603,0.6666666666666666,0.25,0.5714285714285715,0.5,0.75,28.854875283446713,,0.000265,19.908466819221964,183.0188679245283,58.192090395480236,87.44769874476988,
fsb_00777,deepinfra/meta-llama/Llama-4-Scout-17B-16E-Instruct_confident,7.18,Stir-Fried Ground Turkey with Green Beans and Leafy Greens,Ground Beef and Green Bean Stir-Fry,0.8487506419579929,0.6666666666666666,0.25,0.5714285714285715,0.5,0.75,44.18934240362812,,0.000273,37.56129454069957,88.67924528301887,93.78531073446327,82.42677824267783,
fsb_00777,deepinfra/meta-llama/Llama-4-Scout-17B-16E-Instruct_canonical,5.76,Ground Pork and Greens Stir-Fry,Ground Beef and Green Bean Stir-Fry,0.9077183351862929,0.6666666666666666,0.25,0.5714285714285715,0.5,0.75,10.48752834467121,,0.000269,1.340307289964048,164.1509433962264,92.090395480226,33.054393305439326,
fsb_00777,deepinfra/google/gemma-3-27b-it_detailed,18.95,Ground Pork and Green Bean Stir-Fry with Collard Greens,Ground Beef and Green Bean Stir-Fry,0.9139338781397273,0.375,0.25,0.5,0.75,0.0,83.39002267573697,,0.000131,83.06636155606408,305.66037735849056,61.58192090395481,54.393305439330554,
fsb_00777,deepinfra/google/gemma-3-27b-it_step_by_step,13.56,Ground Meat and Vegetable Stir-Fry,Ground Beef and Green Bean Stir-Fry,0.9067780786822132,0.42857142857142855,0.25,0.5454545454545454,0.75,0.25,64.4557823129252,,0.000109,63.125204315135676,277.35849056603774,49.71751412429379,45.18828451882847,
fsb_00777,deepinfra/google/gemma-3-27b-it_conservative,16.29,Ground Pork & Green Bean Stir-Fry with Greens,Ground Beef and Green Bean Stir-Fry,0.9370447239086263,0.3333333333333333,0.25,0.46153846153846156,0.75,-0.25,68.1122448979592,,0.000139,66.72115070284408,220.75471698113205,78.53107344632771,44.351464435146454,
fsb_00777,deepinfra/google/gemma-3-27b-it_confident,14.32,Ground Pork and Green Bean Stir-Fry with Collard Greens,Ground Beef and Green Bean Stir-Fry,0.9139338781397273,0.42857142857142855,0.25,0.5454545454545454,0.75,0.25,66.38321995464854,,0.000109,62.14449166394248,466.03773584905656,75.14124293785312,25.52301255230126,
fsb_00777,deepinfra/google/gemma-3-27b-it_canonical,6.89,Pork & Greens,Ground Beef and Green Bean Stir-Fry,0.7053775120412391,0.25,0.25,0.25,0.25,1.0,10.430839002267568,,8.7e-05,3.563255966001954,107.54716981132076,65.53672316384181,35.98326359832635,
fsb_00781,deepinfra/mistralai/Mistral-Small-3.2-24B-Instruct-2506_detailed,3.16,Chicken and Rice Casserole,Guacamole Salad with Chicken and Rice,0.760299643041527,0.125,0.16666666666666666,0.14285714285714288,0.16666666666666666,0.6666666666666667,25.429372590255866,,0.00024,26.473063973063976,15.853658536585366,10.942249240121585,42.7906976744186,
fsb_00781,deepinfra/mistralai/Mistral-Small-3.2-24B-Instruct-2506_step_by_step,3.29,Chicken and Rice Casserole with Mixed Vegetables,Guacamole Salad with Chicken and Rice,0.7738628239542896,0.16666666666666666,0.16666666666666666,0.16666666666666666,0.16666666666666666,1.0,13.669821240799157,,0.000238,9.51178451178451,32.19512195121952,19.148936170212778,61.86046511627907,
fsb_00781,deepinfra/mistralai/Mistral-Small-3.2-24B-Instruct-2506_conservative,2.32,Chicken and Rice Casserole,Guacamole Salad with Chicken and Rice,0.760299643041527,0.16666666666666666,0.16666666666666666,0.16666666666666666,0.16666666666666666,1.0,9.165790396074309,,0.000218,7.323232323232326,3.9024390243902474,34.042553191489375,21.860465116279066,
fsb_00781,deepinfra/mistralai/Mistral-Small-3.2-24B-Instruct-2506_confident,3.68,Chicken and Vegetable Stir Fry with Rice,Guacamole Salad with Chicken and Rice,0.776804366180795,0.1111111111111111,0.16666666666666666,0.13333333333333333,0.16666666666666666,0.5,20.715036803364875,,0.000266,20.664983164983163,13.414634146341465,8.814589665653491,53.95348837209302,
fsb_00781,deepinfra/mistralai/Mistral-Small-3.2-24B-Instruct-2506_canonical,2.47,Chicken and Rice Casserole,Guacamole Salad with Chicken and Rice,0.760299643041527,0.4,0.0,0.3636363636363636,0.3333333333333333,0.8333333333333334,27.970557308096737,,0.00022,28.45117845117845,9.268292682926822,10.334346504559267,80.0,
fsb_00781,deepinfra/meta-llama/Llama-4-Scout-17B-16E-Instruct_detailed,13.11,Stuffed Bell Peppers and Chicken Fried Rice,Guacamole Salad with Chicken and Rice,0.7192151777050172,0.375,0.3333333333333333,0.42857142857142855,0.5,0.6666666666666667,18.331580792148614,,0.00036,0.2525252525252501,158.2926829268293,77.20364741641336,60.93023255813953,
fsb_00781,deepinfra/meta-llama/Llama-4-Scout-17B-16E-Instruct_step_by_step,6.81,Mixed Rice and Vegetable Bowl,Guacamole Salad with Chicken and Rice,0.71185330276464,0.5714285714285714,0.6666666666666666,0.6153846153846153,0.6666666666666666,0.8333333333333334,25.9726603575184,,0.000344,19.31818181818182,93.90243902439023,25.53191489361702,44.18604651162791,
fsb_00781,deepinfra/meta-llama/Llama-4-Scout-17B-16E-Instruct_conservative,9.98,Chicken and Rice Bowl with Tacos,Guacamole Salad with Chicken and Rice,0.8193391624149748,0.14285714285714285,0.3333333333333333,0.15384615384615383,0.16666666666666666,0.8333333333333334,37.294076410795654,,0.000317,25.21043771043771,147.80487804878047,56.53495440729483,64.18604651162792,
fsb_00781,deepinfra/meta-llama/Llama-4-Scout-17B-16E-Instruct_confident,11.49,Stuffed Bell Peppers with Quinoa and Chicken,Guacamole Salad with Chicken and Rice,0.7035644765224252,0.14285714285714285,0.16666666666666666,0.15384615384615383,0.16666666666666666,0.8333333333333334,88.52085524009813,,0.000348,83.08080808080808,204.14634146341464,72.03647416413375,13.488372093023248,
fsb_00781,deepinfra/meta-llama/Llama-4-Scout-17B-16E-Instruct_canonical,5.67,Chicken and Rice with Quinoa Bowl,Guacamole Salad with Chicken and Rice,0.8072295898219864,0.75,0.16666666666666666,0.6,0.5,0.6666666666666667,25.376796354714333,,0.000284,24.24242424242424,21.951219512195124,12.46200607902736,76.74418604651163,
fsb_00781,deepinfra/google/gemma-3-27b-it_detailed,19.7,Mediterranean Quinoa Bowl with Grilled Chicken,Guacamole Salad with Chicken and Rice,0.7350264219867846,0.16666666666666666,0.16666666666666666,0.2222222222222222,0.3333333333333333,0.0,71.55625657202943,,0.000168,70.87542087542089,58.780487804878035,85.1063829787234,90.23255813953487,
fsb_00781,deepinfra/google/gemma-3-27b-it_step_by_step,12.9,Tabbouleh with Grilled Chicken,Guacamole Salad with Chicken and Rice,0.6275934819422528,0.25,0.16666666666666666,0.28571428571428575,0.3333333333333333,0.6666666666666667,71.76656151419559,,0.000118,75.08417508417509,75.12195121951218,33.43465045592705,50.69767441860464,
fsb_00781,deepinfra/google/gemma-3-27b-it_conservative,20.37,Mediterranean Quinoa Bowl with Grilled Chicken,Guacamole Salad with Chicken and Rice,0.7350264219867846,0.2,0.16666666666666666,0.25,0.3333333333333333,0.33333333333333337,76.88398177357169,,0.000157,78.03030303030305,55.60975609756097,72.94832826747721,98.13953488372094,
fsb_00781,deepinfra/google/gemma-3-27b-it_confident,20.61,Mediterranean Quinoa Bowl with Grilled Chicken,Guacamole Salad with Chicken and Rice,0.7350264219867846,0.2,0.16666666666666666,0.25,0.3333333333333333,0.33333333333333337,44.65474938661059,,0.000145,44.46548821548822,44.14634146341464,53.79939209726445,35.81395348837209,
fsb_00781,deepinfra/google/gemma-3-27b-it_canonical,9.59,Chicken & Rice Bowl,Guacamole Salad with Chicken and Rice,0.7381525097756716,0.6666666666666666,0.0,0.4444444444444444,0.3333333333333333,0.5,13.897651594812475,,7.6e-05,8.880471380471379,24.390243902439025,30.699088145896663,79.06976744186046,
fsb_00825,deepinfra/mistralai/Mistral-Small-3.2-24B-Instruct-2506_detailed,3.37,Iced Coffee with Milk,Iced Coffee with Milk,1.0000000000000007,1.0,0.5,0.8571428571428571,0.75,0.75,65.28804815133276,,0.000189,63.312368972746334,88.11188811188812,57.85714285714286,20.833333333333336,
fsb_00825,deepinfra/mistralai/Mistral-Small-3.2-24B-Instruct-2506_step_by_step,2.06,Iced Coffee with Milk,Iced Coffee with Milk,1.0000000000000007,1.0,0.0,0.6666666666666666,0.5,0.5,67.32588134135857,,0.000178,63.312368972746334,96.5034965034965,88.09523809523809,16.666666666666664,
fsb_00825,deepinfra/mistralai/Mistral-Small-3.2-24B-Instruct-2506_conservative,1.98,Iced Coffee with Milk,Iced Coffee with Milk,1.0000000000000007,1.0,0.0,0.6666666666666666,0.5,0.5,64.53138435081685,,0.000177,62.264150943396224,88.11188811188812,58.333333333333336,24.999999999999993,
fsb_00825,deepinfra/mistralai/Mistral-Small-3.2-24B-Instruct-2506_confident,1.64,Iced Coffee with Milk,Iced Coffee with Milk,1.0000000000000007,1.0,0.0,0.6666666666666666,0.5,0.5,64.4883920894239,,0.000177,62.264150943396224,88.11188811188812,57.14285714285715,24.999999999999993,
fsb_00825,deepinfra/mistralai/Mistral-Small-3.2-24B-Instruct-2506_canonical,1.77,Iced Coffee with Milk,Iced Coffee with Milk,1.0000000000000007,1.0,0.75,0.8571428571428571,0.75,0.75,24.505588993981085,,0.000188,19.287211740041936,58.04195804195804,4.761904761904765,66.66666666666667,
fsb_00825,deepinfra/meta-llama/Llama-4-Scout-17B-16E-Instruct_detailed,5.29,Iced Coffee with Cream,Iced Coffee with Milk,0.884602904524181,0.5,0.25,0.3333333333333333,0.25,0.5,72.31298366294065,,0.000238,57.23270440251571,109.79020979020977,28.571428571428577,525.0,
fsb_00825,deepinfra/meta-llama/Llama-4-Scout-17B-16E-Instruct_step_by_step,2.2,Iced Coffee Drink,Iced Coffee with Milk,0.8649722169441448,0.0,0.0,0.0,0.0,0.25,34.47979363714531,,0.00023,36.26834381551362,11.888111888111883,52.38095238095239,66.66666666666667,
fsb_00825,deepinfra/meta-llama/Llama-4-Scout-17B-16E-Instruct_conservative,9.62,Iced Coffee with Cream,Iced Coffee with Milk,0.884602904524181,0.5,0.25,0.3333333333333333,0.25,0.5,31.90025795356835,,0.000249,15.303983228511523,102.79720279720279,76.19047619047619,191.66666666666666,
fsb_00825,deepinfra/meta-llama/Llama-4-Scout-17B-16E-Instruct_confident,5.48,Iced Coffee with Cream,Iced Coffee with Milk,0.884602904524181,0.5,0.25,0.3333333333333333,0.25,0.5,122.69991401547719,,0.000242,120.12578616352201,47.55244755244756,64.28571428571429,775.0000000000001,
fsb_00825,deepinfra/meta-llama/Llama-4-Scout-17B-16E-Instruct_canonical,6.83,Iced Coffee,Iced Coffee with Milk,0.8910238865615542,0.6666666666666666,0.5,0.5714285714285715,0.5,0.75,51.160791057609636,,0.000265,47.58909853249476,58.04195804195804,76.19047619047619,108.33333333333334,
fsb_00825,deepinfra/google/gemma-3-27b-it_detailed,7.72,Iced Coffee with Milk & Sugar (Estimated Starbucks-Style),Iced Coffee with Milk,0.8754197864580219,0.75,0.25,0.75,0.75,1.0,86.9303525365434,,8.1e-05,85.53459119496854,117.48251748251748,2.380952380952394,108.33333333333334,
fsb_00825,deepinfra/google/gemma-3-27b-it_step_by_step,9.99,Iced Coffee with Milk & Sugar,Iced Coffee with Milk,0.9503117522340133,1.0,0.25,1.0,1.0,1.0,89.33791917454856,,7.7e-05,92.87211740041927,40.55944055944056,92.85714285714283,233.33333333333334,
fsb_00825,deepinfra/google/gemma-3-27b-it_conservative,6.68,Iced Coffee with Milk & Sugar (Conservative Estimate),Iced Coffee with Milk,0.8804871602017976,1.0,0.25,1.0,1.0,1.0,89.16595012897676,,7.4e-05,92.87211740041927,39.86013986013985,90.47619047619047,233.33333333333334,
fsb_00825,deepinfra/google/gemma-3-27b-it_confident,9.46,Iced Latte with Milk & Sugar,Iced Coffee with Milk,0.8955032269677976,1.0,0.25,1.0,1.0,1.0,141.53052450558897,,8.1e-05,153.66876310272534,43.356643356643346,97.61904761904762,320.8333333333333,
fsb_00825,deepinfra/google/gemma-3-27b-it_canonical,4.32,Iced Coffee with Milk,Iced Coffee with Milk,1.0000000000000007,1.0,0.75,0.8571428571428571,0.75,0.75,55.28804815133277,,7.3e-05,53.87840670859539,58.04195804195804,52.38095238095239,100.0,
fsb_00828,deepinfra/mistralai/Mistral-Small-3.2-24B-Instruct-2506_detailed,2.6,"Indian Meal with Rice, Dal, Naan, and Raita","Indian Meal with Naan, Curry, and Rice",0.9526759507068228,0.2,0.0,0.20000000000000004,0.2,1.0,15.573770491803277,,0.000208,15.128730918204598,8.606245239908613,14.077669902912612,57.72870662460568,
fsb_00828,deepinfra/mistralai/Mistral-Small-3.2-24B-Instruct-2506_step_by_step,2.73,"Indian Meal with Rice, Curry, Naan, and Raita","Indian Meal with Naan, Curry, and Rice",0.9731895486074851,0.5,0.0,0.4444444444444445,0.4,0.8,25.77727529677784,,0.000209,25.95124174071542,20.7920792079208,0.4854368932038904,58.044164037854884,
fsb_00828,deepinfra/mistralai/Mistral-Small-3.2-24B-Instruct-2506_conservative,3.38,"Indian Meal with Rice, Lentil Curry, Naan, and Raita","Indian Meal with Naan, Curry, and Rice",0.9500716481858505,0.2,0.0,0.20000000000000004,0.2,1.0,57.574901074053145,,0.000225,58.00865800865802,64.5087585681645,60.19417475728154,15.141955835962149,
fsb_00828,deepinfra/mistralai/Mistral-Small-3.2-24B-Instruct-2506_confident,2.37,"Indian Meal with Rice, Dal, Naan, and Raita","Indian Meal with Naan, Curry, and Rice",0.9526759507068228,0.25,0.0,0.22222222222222224,0.2,0.8,19.70039570378745,,0.000196,20.255183413078147,6.3214013709063295,0.4854368932038904,72.2397476340694,
fsb_00828,deepinfra/mistralai/Mistral-Small-3.2-24B-Instruct-2506_canonical,2.54,"Indian Meal with Rice, Naan, Raita, and Lentil Soup","Indian Meal with Naan, Curry, and Rice",0.9166617074902126,0.5,0.2,0.4444444444444445,0.4,0.8,10.570944036178629,,0.000206,9.432672590567323,2.0563594821020477,35.92233009708737,60.88328075709778,
fsb_00828,deepinfra/meta-llama/Llama-4-Scout-17B-16E-Instruct_detailed,5.78,Indian-Style Chicken Curry with Basmati Rice and Naan Bread,"Indian Meal with Naan, Curry, and Rice",0.8410106765911474,0.6666666666666666,0.2,0.5,0.4,0.6,63.180704729602425,,0.000266,62.337662337662344,67.55521706016754,166.9902912621359,0.9463722397476363,
fsb_00828,deepinfra/meta-llama/Llama-4-Scout-17B-16E-Instruct_step_by_step,7.88,Indian-Style Chicken Curry with Rice and Naan Bread,"Indian Meal with Naan, Curry, and Rice",0.8658110472511995,0.6666666666666666,0.2,0.5,0.4,0.6,46.080648200489925,,0.00027,42.97106402369561,60.70068545316069,152.42718446601938,2.5236593059936934,
fsb_00828,deepinfra/meta-llama/Llama-4-Scout-17B-16E-Instruct_conservative,8.9,Indian-Style Chicken Curry with Rice and Naan Bread,"Indian Meal with Naan, Curry, and Rice",0.8658110472511995,0.6666666666666666,0.2,0.5,0.4,0.6,55.078198605615235,,0.000266,56.07199817726134,56.13099771515612,89.32038834951454,0.9463722397476363,
fsb_00828,deepinfra/meta-llama/Llama-4-Scout-17B-16E-Instruct_confident,12.96,Indian-Style Chicken Curry with Basmati Rice and Naan Bread,"Indian Meal with Naan, Curry, and Rice",0.8410106765911474,0.6666666666666666,0.2,0.5,0.4,0.6,63.180704729602425,,0.000266,62.337662337662344,67.55521706016754,166.9902912621359,0.9463722397476363,
fsb_00828,deepinfra/meta-llama/Llama-4-Scout-17B-16E-Instruct_canonical,9.49,"Indian-Style Rice, Chicken Curry, and Naan","Indian Meal with Naan, Curry, and Rice",0.8972280877227857,0.6666666666666666,0.2,0.5,0.4,0.6,69.15394761635577,,0.000275,65.52745500113922,78.21782178217819,196.1165048543689,49.52681388012618,
fsb_00828,deepinfra/google/gemma-3-27b-it_detailed,8.88,"Indian Thali (Chicken Curry, Pilau Rice, Naan & Raita)","Indian Meal with Naan, Curry, and Rice",0.8233982215490374,0.25,0.0,0.22222222222222224,0.2,0.8,11.13623516110797,,8.1e-05,7.72385509227614,21.55369383092156,89.32038834951454,11.671924290220819,
fsb_00828,deepinfra/google/gemma-3-27b-it_step_by_step,9.34,Indian Meal (likely Chicken Curry with Rice and Naan),"Indian Meal with Naan, Curry, and Rice",0.9203140490587212,1.0,0.0,0.888888888888889,0.8,0.8,10.015074429998114,,8.4e-05,7.040328092959667,16.222391469916232,65.04854368932038,30.914826498422716,
fsb_00828,deepinfra/google/gemma-3-27b-it_conservative,13.39,Chicken Curry with Naan and Rice,"Indian Meal with Naan, Curry, and Rice",0.8901281430377713,0.8,0.0,0.8000000000000002,0.8,1.0,20.256265309967972,,9.7e-05,19.047619047619055,15.003808073114994,113.59223300970874,14.826498422712934,
fsb_00828,deepinfra/google/gemma-3-27b-it_confident,7.92,Indian Thali - Chicken Curry with Rice and Naan,"Indian Meal with Naan, Curry, and Rice",0.8438143609672576,0.8,0.0,0.8000000000000002,0.8,1.0,6.46316186169211,,8.1e-05,3.098655730234683,9.367859862909375,113.59223300970874,17.981072555205046,
fsb_00828,deepinfra/google/gemma-3-27b-it_canonical,7.89,Curry with Rice and Bread,"Indian Meal with Naan, Curry, and Rice",0.8366538843691562,0.5,0.0,0.4444444444444445,0.4,0.8,24.477105709440362,,8.6e-05,24.24242424242424,21.55369383092156,16.50485436893203,48.26498422712934,
fsb_00890,deepinfra/mistralai/Mistral-Small-3.2-24B-Instruct-2506_detailed,2.74,Messy Strawberry Drink,Strawberry Cream Cheese Mousse,0.6132417255604179,0.4,0.5,0.4444444444444445,0.5,0.75,27.3705447209146,,0.000257,26.170126170126174,19.718309859154928,8.496732026143796,110.52631578947367,
fsb_00890,deepinfra/mistralai/Mistral-Small-3.2-24B-Instruct-2506_step_by_step,2.62,Messy Strawberry Drink,Strawberry Cream Cheese Mousse,0.6132417255604179,0.5,0.5,0.5,0.5,1.0,38.29858776059181,,0.000249,36.34513634513635,63.38028169014085,15.032679738562097,11.111111111111102,
fsb_00890,deepinfra/mistralai/Mistral-Small-3.2-24B-Instruct-2506_conservative,2.11,Messy Strawberry Drink,Strawberry Cream Cheese Mousse,0.6132417255604179,0.5,0.5,0.5,0.5,1.0,47.54539340954943,,0.000236,48.1074481074481,42.25352112676056,41.1764705882353,59.06432748538012,
fsb_00890,deepinfra/mistralai/Mistral-Small-3.2-24B-Instruct-2506_confident,2.46,Messy Strawberry Strawberry Popping Boba with Salt Cheese Foam,Strawberry Cream Cheese Mousse,0.6700432856549308,0.5,0.5,0.5,0.5,1.0,6.1533288500336205,,0.000249,5.3724053724053675,7.042253521126761,28.1045751633987,5.263157894736834,
fsb_00890,deepinfra/mistralai/Mistral-Small-3.2-24B-Instruct-2506_canonical,1.81,Messy Strawberry Drink,Strawberry Cream Cheese Mousse,0.6132417255604179,0.6666666666666666,0.25,0.5714285714285715,0.5,0.75,31.573638197713517,,0.000237,32.84493284493284,11.267605633802818,41.1764705882353,70.76023391812866,
fsb_00890,deepinfra/meta-llama/Llama-4-Scout-17B-16E-Instruct_detailed,5.94,Messy Strawberry Boba Tea,Strawberry Cream Cheese Mousse,0.545029271840247,0.0,0.0,0.0,0.0,0.75,52.7572293207801,,0.00022,53.194953194953186,43.66197183098591,73.8562091503268,59.06432748538012,
fsb_00890,deepinfra/meta-llama/Llama-4-Scout-17B-16E-Instruct_step_by_step,14.68,Messy Strawberry Drink,Strawberry Cream Cheese Mousse,0.6132417255604179,0.5,0.5,0.5,0.5,1.0,25.353059852051107,,0.000249,26.73992673992674,15.492957746478872,41.1764705882353,12.280701754385973,
fsb_00890,deepinfra/meta-llama/Llama-4-Scout-17B-16E-Instruct_conservative,14.65,Messy Strawberry Boba Tea,Strawberry Cream Cheese Mousse,0.545029271840247,0.0,0.0,0.0,0.0,0.75,53.09347679892401,,0.000231,53.194953194953186,43.66197183098591,80.3921568627451,64.91228070175438,
fsb_00890,deepinfra/meta-llama/Llama-4-Scout-17B-16E-Instruct_confident,21.36,Messy Strawberry Boba Tea,Strawberry Cream Cheese Mousse,0.545029271840247,0.5,0.5,0.5,0.5,1.0,25.85743106926698,,0.000248,26.73992673992674,11.267605633802818,34.640522875817,53.216374269005854,
fsb_00890,deepinfra/meta-llama/Llama-4-Scout-17B-16E-Instruct_canonical,6.31,Strawberry Popping Boba Drink,Strawberry Cream Cheese Mousse,0.6250140221343219,0.6666666666666666,0.5,0.5714285714285715,0.5,0.75,45.09078681909886,,0.000234,47.08994708994709,39.436619718309856,11.111111111111107,41.52046783625731,
fsb_00890,deepinfra/google/gemma-3-27b-it_detailed,12.49,Messy Strawberry Popping Boba Drink (Medium Size),Strawberry Cream Cheese Mousse,0.5769809984366667,0.5,0.25,0.6,0.75,0.5,10.390047074646937,,0.000104,9.645909645909642,4.225352112676056,41.1764705882353,29.824561403508774,
fsb_00890,deepinfra/google/gemma-3-27b-it_step_by_step,9.91,Messy Strawberry Boba Tea,Strawberry Cream Cheese Mousse,0.545029271840247,0.3333333333333333,0.25,0.4,0.5,0.5,13.02958977807667,,0.000102,11.721611721611728,16.619718309859152,30.065359477124193,20.46783625730994,
fsb_00890,deepinfra/google/gemma-3-27b-it_conservative,11.04,Messy Strawberry Boba Tea (Medium),Strawberry Cream Cheese Mousse,0.5717692944116354,0.3333333333333333,0.0,0.4,0.5,0.5,10.322797579018154,,0.000108,9.442409442409438,7.042253521126761,34.640522875817,27.485380116959067,
fsb_00890,deepinfra/google/gemma-3-27b-it_confident,13.71,Messy Strawberry Boba Tea,Strawberry Cream Cheese Mousse,0.545029271840247,0.3333333333333333,0.25,0.4,0.5,0.5,4.001344989912573,,8.5e-05,3.337403337403333,1.4084507042253522,34.640522875817,6.432748538011704,
fsb_00890,deepinfra/google/gemma-3-27b-it_canonical,11.6,Strawberry Boba Drink,Strawberry Cream Cheese Mousse,0.6362014978296511,0.3333333333333333,0.25,0.28571428571428575,0.25,0.75,70.88096839273706,,7.6e-05,71.5099715099715,57.74647887323944,83.66013071895425,95.90643274853802,
fsb_00913,deepinfra/mistralai/Mistral-Small-3.2-24B-Instruct-2506_detailed,2.21,Mixed Dried Fruit and Berries,Mixed Berry Fruit Salad,0.8150590504893515,0.75,0.375,0.5,0.375,0.5,46.392181326679136,,0.000196,46.218931782125864,46.55172413793104,46.57534246575342,65.38461538461539,
fsb_00913,deepinfra/mistralai/Mistral-Small-3.2-24B-Instruct-2506_step_by_step,2.75,Mixed Fruit Salad,Mixed Berry Fruit Salad,0.9622319435584181,0.8,0.5,0.6153846153846154,0.5,0.625,55.999168226242446,,0.00022,56.636700158646214,55.064655172413794,35.61643835616438,53.846153846153854,
fsb_00913,deepinfra/mistralai/Mistral-Small-3.2-24B-Instruct-2506_conservative,2.31,Mixed Fruit Bowl,Mixed Berry Fruit Salad,0.8368425713597467,0.8,0.5,0.6153846153846154,0.5,0.625,61.0106051154086,,0.000214,60.86726599682707,61.206896551724135,64.3835616438356,65.38461538461539,
fsb_00913,deepinfra/mistralai/Mistral-Small-3.2-24B-Instruct-2506_confident,1.98,Mixed Dried Fruit and Berries,Mixed Berry Fruit Salad,0.8150590504893515,0.75,0.25,0.5,0.375,0.5,94.11520066541901,,0.000194,94.60602855631942,99.35344827586208,17.80821917808219,50.0,
fsb_00913,deepinfra/mistralai/Mistral-Small-3.2-24B-Instruct-2506_canonical,2.66,Mixed Fruit Salad,Mixed Berry Fruit Salad,0.9622319435584181,0.75,0.5,0.5,0.375,0.5,52.173008941567886,,0.000202,52.14172395557905,51.508620689655174,45.20547945205479,100.0,
fsb_00913,deepinfra/meta-llama/Llama-4-Scout-17B-16E-Instruct_detailed,11.21,Frozen Fruit Mix,Mixed Berry Fruit Salad,0.7553153992450188,1.0,0.5,0.6666666666666666,0.5,0.5,46.745685173632765,,0.00029,44.47382337387625,53.879310344827594,67.12328767123287,65.38461538461539,
fsb_00913,deepinfra/meta-llama/Llama-4-Scout-17B-16E-Instruct_step_by_step,7.35,Frozen Fruit Mix,Mixed Berry Fruit Salad,0.7553153992450188,1.0,0.5,0.6666666666666666,0.5,0.5,52.65127885215222,,0.000286,52.67054468535166,53.66379310344828,45.20547945205479,34.61538461538462,
fsb_00913,deepinfra/meta-llama/Llama-4-Scout-17B-16E-Instruct_conservative,7.13,Frozen Fruit Mix,Mixed Berry Fruit Salad,0.7553153992450188,1.0,0.5,0.6666666666666666,0.5,0.5,75.10917030567686,,0.000271,74.88101533580117,76.29310344827586,78.0821917808219,57.692307692307686,
fsb_00913,deepinfra/meta-llama/Llama-4-Scout-17B-16E-Instruct_confident,9.05,Mixed Berry and Mango Fruit Salad,Mixed Berry Fruit Salad,0.9499985767371057,1.0,0.625,0.7692307692307693,0.625,0.625,46.55853607818673,,0.000288,46.853516657852985,45.043103448275865,53.42465753424658,38.46153846153846,
fsb_00913,deepinfra/meta-llama/Llama-4-Scout-17B-16E-Instruct_canonical,10.0,Frozen Fruit Mix,Mixed Berry Fruit Salad,0.7553153992450188,1.0,0.5,0.6666666666666666,0.5,0.5,55.00103971719692,,0.000291,54.7858276044421,54.741379310344826,65.75342465753424,65.38461538461539,
fsb_00913,deepinfra/google/gemma-3-27b-it_detailed,8.5,Berry & Mango Medley with Freeze-Dried Raspberries,Mixed Berry Fruit Salad,0.75567626728987,0.8,0.375,0.6153846153846154,0.5,0.625,51.424412559783725,,9.2e-05,51.61290322580645,51.724137931034484,43.83561643835617,34.61538461538462,
fsb_00913,deepinfra/google/gemma-3-27b-it_step_by_step,11.15,Berry & Mango Medley,Mixed Berry Fruit Salad,0.7930735721932886,0.8,0.375,0.6153846153846154,0.5,0.625,40.775629028904135,,0.0001,41.036488630354306,41.745689655172406,27.397260273972602,5.769230769230766,
fsb_00913,deepinfra/google/gemma-3-27b-it_conservative,13.15,Berry & Mango Medley with Chocolate Shavings,Mixed Berry Fruit Salad,0.7268330289303505,0.6666666666666666,0.375,0.5714285714285715,0.5,0.75,34.37305053025577,,0.00011,29.2702273929138,51.185344827586206,26.027397260273965,199.99999999999994,
fsb_00913,deepinfra/google/gemma-3-27b-it_confident,9.59,Berry & Mango Delight,Mixed Berry Fruit Salad,0.7439257805816948,0.8,0.25,0.6153846153846154,0.5,0.625,32.54314826367228,,8.7e-05,31.51771549444738,36.422413793103445,24.65753424657534,65.38461538461539,
fsb_00913,deepinfra/google/gemma-3-27b-it_canonical,8.91,Berry & Mango Mix,Mixed Berry Fruit Salad,0.8039719316999279,1.0,0.5,0.6666666666666666,0.5,0.5,58.59846121854855,,8.9e-05,58.61977789529349,59.05172413793104,57.534246575342465,42.30769230769231,
fsb_00980,deepinfra/mistralai/Mistral-Small-3.2-24B-Instruct-2506_detailed,2.78,Cheese and Bread Platter,Mixed Snack Plate,0.7359313051512861,0.25,0.25,0.25,0.25,1.0,184.5945457829149,,0.000206,191.2182522600086,15.118790496760258,273.78640776699024,316.66666666666663,
fsb_00980,deepinfra/mistralai/Mistral-Small-3.2-24B-Instruct-2506_step_by_step,2.34,Mediterranean Snack Plate,Mixed Snack Plate,0.8455430305603051,0.25,0.0,0.25,0.25,1.0,20.028896514357953,,0.000205,21.394748170469217,2.807775377969772,11.650485436893195,35.13513513513514,
fsb_00980,deepinfra/mistralai/Mistral-Small-3.2-24B-Instruct-2506_conservative,2.95,Mediterranean Snack Plate,Mixed Snack Plate,0.8455430305603051,0.25,0.25,0.25,0.25,1.0,12.732526638974168,,0.000201,13.000430477830385,6.263498920086391,6.7961165048543615,26.12612612612613,
fsb_00980,deepinfra/mistralai/Mistral-Small-3.2-24B-Instruct-2506_confident,2.08,Mediterranean Snack Plate,Mixed Snack Plate,0.8455430305603051,0.25,0.25,0.25,0.25,1.0,15.152609716452945,,0.0002,15.798536375376662,2.8077753779697563,16.50485436893203,26.12612612612613,
fsb_00980,deepinfra/mistralai/Mistral-Small-3.2-24B-Instruct-2506_canonical,1.87,Cheese and Bread Plate,Mixed Snack Plate,0.7928572314190052,0.6666666666666666,0.5,0.5714285714285715,0.5,0.75,5.472277406537831,,0.000191,1.162290142057679,26.565874730021594,55.339805825242706,5.405405405405403,
fsb_00980,deepinfra/meta-llama/Llama-4-Scout-17B-16E-Instruct_detailed,3.05,"Figs, Cheese, and Bread with Butter",Mixed Snack Plate,0.6785997262621288,0.5,0.5,0.5,0.5,1.0,8.813436879176445,,0.000266,6.328024106758496,10.15118790496761,46.601941747572816,22.97297297297298,
fsb_00980,deepinfra/meta-llama/Llama-4-Scout-17B-16E-Instruct_step_by_step,9.01,"Figs, Cheese, and Bread with Butter",Mixed Snack Plate,0.6785997262621288,0.5,0.5,0.5,0.5,1.0,20.73324905183311,,0.000281,19.30693069306929,30.021598272138245,29.611650485436897,22.97297297297298,
fsb_00980,deepinfra/meta-llama/Llama-4-Scout-17B-16E-Instruct_conservative,9.0,"Fig, Cheese, and Bread Plate",Mixed Snack Plate,0.7937902488319118,0.5,0.5,0.5,0.5,1.0,15.0261874661369,,0.000287,13.90443392165304,18.14254859611231,49.51456310679612,0.0,
fsb_00980,deepinfra/meta-llama/Llama-4-Scout-17B-16E-Instruct_confident,8.06,"Figs, Cheese, and Bread with Butter",Mixed Snack Plate,0.6785997262621288,0.5,0.5,0.5,0.5,1.0,19.378724941303958,,0.000269,18.209212225570386,21.598272138228943,59.22330097087378,2.2522522522522523,
fsb_00980,deepinfra/meta-llama/Llama-4-Scout-17B-16E-Instruct_canonical,6.01,"Figs, Cheese, and Bread",Mixed Snack Plate,0.6735480625151469,0.5,0.5,0.5,0.5,1.0,11.46830413581362,,0.000288,10.46061127851916,9.28725701943844,46.601941747572816,4.504504504504505,
fsb_00980,deepinfra/google/gemma-3-27b-it_detailed,5.55,"Simple Cheese, Bread & Tripe Plate",Mixed Snack Plate,0.7662746766655516,0.6666666666666666,0.0,0.5714285714285715,0.5,0.75,45.186924327253024,,6.9e-05,44.683598794662075,65.44276457883369,5.339805825242725,50.45045045045045,
fsb_00980,deepinfra/google/gemma-3-27b-it_step_by_step,5.66,"Simple Cheese, Bread & Fish Snack",Mixed Snack Plate,0.6976575542998189,0.6666666666666666,0.0,0.5714285714285715,0.5,0.75,15.423514538558777,,7e-05,11.493758071459315,37.365010799136066,50.485436893203875,19.369369369369373,
fsb_00980,deepinfra/google/gemma-3-27b-it_conservative,7.92,"Simple Cheese, Egg & Bread Plate",Mixed Snack Plate,0.7658904778880349,0.5,0.0,0.5,0.5,1.0,14.845584251399679,,8.6e-05,11.106328024106762,36.50107991360691,49.51456310679611,15.765765765765765,
fsb_00980,deepinfra/google/gemma-3-27b-it_confident,9.6,Simple Sardine & Cheese Plate with Bread,Mixed Snack Plate,0.7402102282671124,0.5,0.0,0.5,0.5,1.0,8.109084341701278,,8e-05,1.162290142057679,46.00431965442765,65.04854368932038,21.621621621621625,
fsb_00980,deepinfra/google/gemma-3-27b-it_canonical,7.38,Simple Plate,Mixed Snack Plate,0.767293276457355,0.5,0.5,0.5,0.5,1.0,19.92053458551562,,8.6e-05,17.778734395178653,17.926565874730017,45.63106796116504,45.04504504504504,
